Molecule_ID,Source_Molecule_ID,SMILES,Molecule_class,Cacetal-q(N),Cacetal-q(N+1),Cacetal-s-,E_HOMO(N-1),VIP,Overall_Average,Pos_Average,Polar_Area,Split_Cacetal_q_N,Split_Cacetal_q_Nplus1,Split_Cacetal_s_minus,Split_E_HOMO_Nminus1,Split_VIP,Split_Overall_Average,Split_Pos_Average,Split_Polar_Area
DFT0001,acetal1500_000001,CC(C)(C)COC(C=Cc1ccccc1)(OCC(Cl)(Cl)Cl)C1CC1,ketal,0.1579,0.1401,0.0609,-0.269986,0.217914,0.00054025,0.01639061,48.09,train,train,train,train,train,train,train,train
DFT0002,acetal1500_000002,COc1ccc(C(C=Cc2ccccc2)(OCC(C)(C)C)OCC(Cl)(Cl)Cl)cc1,ketal,0.1584,0.1418,0.0568,-0.23695,0.206871,-0.00071768,0.01324121,43.19,train,train,train,train,train,train,train,train
DFT0003,acetal1500_000003,CCOC(C=Cc1ccccc1)(OCC(C)(C)C)OCC(Cl)(Cl)Cl,orthoester,0.2129,0.1971,0.0623,-0.280988,0.218743,-0.00031141,0.01448177,43.33,train,train,train,train,test,train,train,train
DFT0004,acetal1500_000004,CC(C)(C)COC(C=Cc1ccccc1)OCC(Cl)(Cl)Cl,acetal,0.1258,0.1057,0.0979,-0.277033,0.217208,0.00105018,0.01631179,47.82,train,train,train,train,train,train,train,train
DFT0005,acetal1500_000005,Cc1ccc(C(C=Cc2ccccc2)(OCC(C)(C)C)OCC(Cl)(Cl)Cl)cc1,ketal,0.1576,0.1424,0.0559,-0.245639,0.217455,-0.00028897,0.01327654,42.21,train,train,train,train,train,train,train,train
DFT0006,acetal1500_000006,CC(C)(C)COC(C=Cc1ccccc1)(OCC(Cl)(Cl)Cl)c1ccc(Cl)cc1,ketal,0.1591,0.1428,0.0566,-0.253385,0.218208,0.00249682,0.01618254,47.24,test,validation,train,train,train,train,train,train
DFT0007,acetal1500_000007,CC(C)(C)COC(C=Cc1ccccc1)(OCC(Cl)(Cl)Cl)c1ccc(F)cc1,ketal,0.1602,0.1472,0.0538,-0.252391,0.216346,0.00147824,0.01424947,37.08,validation,train,train,train,train,test,test,train
DFT0008,acetal1500_000008,CC(C)(C)COC(C=Cc1ccccc1)(OCC(Cl)(Cl)Cl)c1ccc([N+](=O)[O-])cc1,ketal,0.1621,0.1548,0.0941,-0.273168,0.217444,0.0055587,0.01940612,52.88,validation,validation,train,train,validation,train,test,train
DFT0009,acetal1500_000009,CC(C)(C)COC(C=Cc1ccccc1)(OCC(Cl)(Cl)Cl)c1ccccc1,ketal,0.1586,0.1428,0.0624,-0.255963,0.215919,-0.00059308,0.01397502,45.92,validation,test,train,train,train,test,train,train
DFT0010,acetal1500_000010,CC(C)(C)COC(CBr)(OCC(Cl)(Cl)Cl)C1CC1,ketal,0.1571,0.1519,0.134,-0.302957,0.260921,0.00211112,0.01644867,33.8,train,validation,test,train,train,validation,train,train
DFT0011,acetal1500_000011,COc1ccc(C(CBr)(OCC(C)(C)C)OCC(Cl)(Cl)Cl)cc1,ketal,0.158,0.1535,0.0572,-0.271005,0.217699,-0.00052553,0.020184,43.5,test,validation,test,train,train,train,validation,train
DFT0012,acetal1500_000012,COC(CBr)(OCC(C)(C)C)OCC(Cl)(Cl)Cl,orthoester,0.212,0.2078,0.1366,-0.31425,0.272082,-0.00013162,0.01784262,44.28,train,train,validation,train,train,train,train,test
DFT0013,acetal1500_000013,CC(C)(C)COC(CBr)OCC(Cl)(Cl)Cl,acetal,0.1275,0.121,0.1577,-0.309317,0.265974,0.0035897,0.01812307,42.54,train,train,train,train,train,train,train,validation
DFT0014,acetal1500_000014,Cc1ccc(C(CBr)(OCC(C)(C)C)OCC(Cl)(Cl)Cl)cc1,ketal,0.1556,0.149,0.0488,-0.28332,0.234506,0.00010781,0.01597609,38,train,train,test,train,train,train,train,train
DFT0015,acetal1500_000015,CC(C)(C)COC(CBr)(OCC(Cl)(Cl)Cl)c1ccc(Cl)cc1,ketal,0.1569,0.1475,0.049,-0.283272,0.243871,0.00253311,0.02102869,43.94,test,train,train,train,train,train,train,validation
DFT0016,acetal1500_000016,CC(C)(C)COC(CBr)(OCC(Cl)(Cl)Cl)c1ccc(O)cc1,ketal,0.159,0.1544,0.0577,-0.269719,0.218925,0.00170793,0.0162975,42.51,validation,train,validation,validation,train,validation,train,train
DFT0017,acetal1500_000017,CC(C)(C)COC(CBr)(OCC(Cl)(Cl)Cl)c1ccc([N+](=O)[O-])cc1,ketal,0.1578,0.1504,0.1044,-0.288416,0.259914,0.00663099,0.02321474,53.68,train,test,train,train,train,train,train,validation
DFT0018,acetal1500_000018,CC(C)(C)COC(C)(CC(C)(C)C)OCC(Cl)(Cl)Cl,ketal,0.1605,0.1556,0.1472,-0.308964,0.260359,0.00228144,0.01071888,27.31,test,train,train,train,train,train,train,train
DFT0019,acetal1500_000019,COC(CC(C)(C)C)(OCC(C)(C)C)OCC(Cl)(Cl)Cl,orthoester,0.2208,0.2157,0.1622,-0.302232,0.263503,0.0018089,0.01115547,26.85,train,train,train,train,train,validation,test,test
DFT0020,acetal1500_000020,CCOC(CC(C)(C)C)(OCC(C)(C)C)OCC(Cl)(Cl)Cl,orthoester,0.2197,0.2153,0.1482,-0.304999,0.263448,0.0018478,0.01264569,35.43,train,train,train,train,train,test,train,train
DFT0021,acetal1500_000021,Cc1ccc(C(CC(C)(C)C)(OCC(C)(C)C)OCC(Cl)(Cl)Cl)cc1,ketal,0.1621,0.1575,0.0638,-0.279921,0.228894,0.00095207,0.01067471,27.96,train,train,train,train,train,train,train,train
DFT0022,acetal1500_000022,CC(C)(C)COC(CC(C)(C)C)(OCC(Cl)(Cl)Cl)c1ccc(F)cc1,ketal,0.1651,0.1602,0.052,-0.285292,0.239531,0.00238843,0.01324021,31.11,train,train,train,train,train,train,train,train
DFT0023,acetal1500_000023,CC(C)(C)COC(CC(C)(C)C)(OCC(Cl)(Cl)Cl)c1ccc(O)cc1,ketal,0.1623,0.1571,0.0586,-0.276186,0.21598,0.00159035,0.01561056,31.58,train,train,validation,train,train,train,train,train
DFT0024,acetal1500_000024,CC(C)(C)COC(CC(C)(C)C)(OCC(Cl)(Cl)Cl)c1ccc([N+](=O)[O-])cc1,ketal,0.168,0.1613,0.2104,-0.285731,0.252548,0.0072687,0.01930645,49.2,train,train,train,train,test,train,validation,train
DFT0025,acetal1500_000025,CC(C)(C)COC(CC(C)(C)C)(OCC(Cl)(Cl)Cl)c1ccccc1,ketal,0.1652,0.1583,0.0627,-0.27341,0.240221,0.0002611,0.0140908,40.15,train,train,train,train,train,train,train,train
DFT0026,acetal1500_000026,COc1ccc(C(CC(C)C)(OCC(C)(C)C)OCC(Cl)(Cl)Cl)cc1,ketal,0.1604,0.155,0.0522,-0.272007,0.215023,9.801e-05,0.0145093,43.04,train,train,train,test,train,train,train,validation
DFT0027,acetal1500_000027,COC(CC(C)C)(OCC(C)(C)C)OCC(Cl)(Cl)Cl,orthoester,0.2192,0.2142,0.1589,-0.304399,0.260758,0.00074066,0.01327426,39.59,train,train,train,train,train,train,train,test
DFT0028,acetal1500_000028,CCOC(CC(C)C)(OCC(C)(C)C)OCC(Cl)(Cl)Cl,orthoester,0.2182,0.2135,0.1531,-0.304376,0.267777,0.00142276,0.01089595,26.93,test,test,train,train,train,train,train,train
DFT0029,acetal1500_000029,CC(C)CC(OCC(C)(C)C)OCC(Cl)(Cl)Cl,acetal,0.1292,0.1229,0.1952,-0.316035,0.255932,0.00220942,0.01611179,41.09,train,train,train,test,validation,train,test,train
DFT0030,acetal1500_000030,Cc1ccc(C(CC(C)C)(OCC(C)(C)C)OCC(Cl)(Cl)Cl)cc1,ketal,0.163,0.1571,0.0523,-0.275048,0.231669,0.00038106,0.01308747,39.9,train,train,validation,train,train,train,train,train
DFT0031,acetal1500_000031,CC(C)CC(OCC(C)(C)C)(OCC(Cl)(Cl)Cl)c1ccc(F)cc1,ketal,0.1638,0.1583,0.0586,-0.276729,0.238347,0.00260787,0.01464264,42.86,train,train,train,validation,train,train,train,train
DFT0032,acetal1500_000032,CC(C)CC(OCC(C)(C)C)(OCC(Cl)(Cl)Cl)c1ccc(O)cc1,ketal,0.1613,0.1558,0.0559,-0.277229,0.216407,0.00030485,0.01671335,43.4,train,train,validation,train,train,train,train,validation
DFT0033,acetal1500_000033,CC(C)CC(OCC(C)(C)C)(OCC(Cl)(Cl)Cl)c1ccc([N+](=O)[O-])cc1,ketal,0.1667,0.1599,0.0708,-0.290558,0.259637,0.00654024,0.01758078,41.22,train,train,train,train,train,train,train,train
DFT0034,acetal1500_000034,COc1ccc(C(OCC(C)(C)C)(OCC(Cl)(Cl)Cl)C(C)(C)C)cc1,ketal,0.1654,0.1599,0.0433,-0.26851,0.21693,-0.00072157,0.01616768,44.72,train,train,train,test,train,train,train,train
DFT0035,acetal1500_000035,COC(OCC(C)(C)C)(OCC(Cl)(Cl)Cl)C(C)(C)C,orthoester,0.2232,0.2186,0.1571,-0.304906,0.257819,0.00201874,0.01313656,38.08,train,train,train,train,train,train,train,train
DFT0036,acetal1500_000036,CCOC(OCC(C)(C)C)(OCC(Cl)(Cl)Cl)C(C)(C)C,orthoester,0.2253,0.2203,0.1614,-0.304256,0.25818,0.00206321,0.01335145,34.33,train,train,train,train,train,train,validation,train
DFT0037,acetal1500_000037,CC(C)(C)COC(OCC(Cl)(Cl)Cl)C(C)(C)C,acetal,0.1309,0.1251,0.184,-0.316381,0.25705,0.00203886,0.0168986,41.52,train,train,train,train,validation,train,train,validation
DFT0038,acetal1500_000038,Cc1ccc(C(OCC(C)(C)C)(OCC(Cl)(Cl)Cl)C(C)(C)C)cc1,ketal,0.1651,0.1608,0.0439,-0.285074,0.231754,9.008e-05,0.01224358,30.7,train,validation,train,train,train,train,train,validation
DFT0039,acetal1500_000039,CC(C)(C)COC(OCC(Cl)(Cl)Cl)(c1ccc(Cl)cc1)C(C)(C)C,ketal,0.1691,0.1639,0.0544,-0.271296,0.238577,0.00231835,0.01657477,46.22,train,train,train,train,train,train,train,train
DFT0040,acetal1500_000040,CC(C)(C)COC(OCC(Cl)(Cl)Cl)(c1ccc([N+](=O)[O-])cc1)C(C)(C)C,ketal,0.1688,0.1629,0.1203,-0.286011,0.256463,0.00675824,0.01909718,55.55,validation,train,train,train,train,test,validation,validation
DFT0041,acetal1500_000041,CC(C)(C)COC(OCC(Cl)(Cl)Cl)(c1ccccc1)C(C)(C)C,ketal,0.1655,0.1595,0.0394,-0.273554,0.241728,0.00064664,0.01396614,42.89,train,train,train,test,validation,validation,train,train
DFT0042,acetal1500_000042,CC(C)C(C)(OCC(C)(C)C)OCC(Cl)(Cl)Cl,ketal,0.1608,0.1564,0.1829,-0.30167,0.257411,0.00064897,0.01496551,39.2,train,train,test,train,train,train,train,train
DFT0043,acetal1500_000043,COc1ccc(C(OCC(C)(C)C)(OCC(Cl)(Cl)Cl)C(C)C)cc1,ketal,0.1616,0.157,0.0517,-0.277823,0.213377,0.00088043,0.01636807,43.93,train,train,train,train,test,validation,train,validation
DFT0044,acetal1500_000044,COC(OCC(C)(C)C)(OCC(Cl)(Cl)Cl)C(C)C,orthoester,0.2184,0.2145,0.1379,-0.303641,0.265315,0.00187554,0.01527563,46.49,train,train,validation,train,train,train,test,train
DFT0045,acetal1500_000045,CCOC(OCC(C)(C)C)(OCC(Cl)(Cl)Cl)C(C)C,orthoester,0.2206,0.2156,0.1516,-0.299622,0.260823,0.00042929,0.0152457,34.23,test,test,train,train,test,train,validation,train
DFT0046,acetal1500_000046,CC(C)C(OCC(C)(C)C)OCC(Cl)(Cl)Cl,acetal,0.13,0.1238,0.1881,-0.316464,0.258226,0.00194392,0.01724455,43.47,train,train,train,train,train,train,validation,train
DFT0047,acetal1500_000047,Cc1ccc(C(OCC(C)(C)C)(OCC(Cl)(Cl)Cl)C(C)C)cc1,ketal,0.1598,0.155,0.0598,-0.273388,0.229533,2.166e-05,0.01355742,37.74,validation,test,validation,train,train,train,train,train
DFT0048,acetal1500_000048,CC(C)C(OCC(C)(C)C)(OCC(Cl)(Cl)Cl)c1ccc(F)cc1,ketal,0.1621,0.1562,0.0505,-0.277279,0.238267,0.00242137,0.01545912,47.24,train,train,train,train,train,train,train,train
DFT0049,acetal1500_000049,CC(C)C(OCC(C)(C)C)(OCC(Cl)(Cl)Cl)c1ccc(O)cc1,ketal,0.1596,0.1551,0.0537,-0.278259,0.216333,0.00120901,0.013361,29.93,train,validation,train,train,train,train,train,test
DFT0050,acetal1500_000050,CC(C)C(OCC(C)(C)C)(OCC(Cl)(Cl)Cl)c1ccc([N+](=O)[O-])cc1,ketal,0.1679,0.1605,0.2384,-0.282247,0.246875,0.00624236,0.01758366,41.35,train,train,train,train,train,train,validation,train
DFT0051,acetal1500_000051,CC(C)C(OCC(C)(C)C)(OCC(Cl)(Cl)Cl)c1ccccc1,ketal,0.1657,0.1605,0.0797,-0.273616,0.240118,0.00112032,0.0124865,35.92,test,train,train,train,train,test,train,train
DFT0052,acetal1500_000052,CCC(CC)C(OCC(C)(C)C)(OCC(Cl)(Cl)Cl)c1ccc(OC)cc1,ketal,0.1617,0.1565,0.0472,-0.274142,0.214198,0.00052822,0.01413116,42.56,train,test,train,train,train,train,train,train
DFT0053,acetal1500_000053,CCC(CC)C(OC)(OCC(C)(C)C)OCC(Cl)(Cl)Cl,orthoester,0.2215,0.2168,0.1434,-0.312197,0.259315,0.00195758,0.0107605,23.58,train,train,train,train,train,validation,train,train
DFT0054,acetal1500_000054,CCOC(OCC(C)(C)C)(OCC(Cl)(Cl)Cl)C(CC)CC,orthoester,0.2217,0.2169,0.156,-0.299819,0.258724,0.00067814,0.01329525,31.24,train,train,train,test,train,train,train,train
DFT0055,acetal1500_000055,CCC(CC)C(OCC(C)(C)C)OCC(Cl)(Cl)Cl,acetal,0.1308,0.1251,0.2402,-0.313381,0.252219,0.00221392,0.01497088,40.63,train,train,train,train,validation,train,validation,train
DFT0056,acetal1500_000056,CCC(CC)C(OCC(C)(C)C)(OCC(Cl)(Cl)Cl)c1ccc(C)cc1,ketal,0.1628,0.1581,0.0437,-0.283015,0.230516,-2.71E-06,0.01144993,29.95,train,train,train,test,train,train,train,validation
DFT0057,acetal1500_000057,CCC(CC)C(OCC(C)(C)C)(OCC(Cl)(Cl)Cl)c1ccc(Cl)cc1,ketal,0.1632,0.1584,0.0668,-0.283256,0.239098,0.00356372,0.01429209,35.28,train,train,train,train,train,train,train,train
DFT0058,acetal1500_000058,CCC(CC)C(OCC(C)(C)C)(OCC(Cl)(Cl)Cl)c1ccc(F)cc1,ketal,0.1622,0.1566,0.0468,-0.277891,0.23816,0.00261932,0.01422638,42.68,train,train,train,train,train,validation,train,train
DFT0059,acetal1500_000059,CCC(CC)C(OCC(C)(C)C)(OCC(Cl)(Cl)Cl)c1ccc(O)cc1,ketal,0.163,0.1582,0.0479,-0.271108,0.217351,-2.48E-05,0.01737694,44.56,train,train,test,train,train,test,train,train
DFT0060,acetal1500_000060,CCC(CC)C(OCC(C)(C)C)(OCC(Cl)(Cl)Cl)c1ccc([N+](=O)[O-])cc1,ketal,0.1636,0.1575,0.0485,-0.288833,0.260436,0.00710191,0.01650585,46.04,train,train,train,test,train,train,train,train
DFT0061,acetal1500_000061,COCCCC(C)(OCC(C)(C)C)OCC(Cl)(Cl)Cl,ketal,0.1609,0.1559,0.1155,-0.266295,0.246245,0.00179439,0.01489991,43.89,train,train,validation,validation,train,train,train,train
DFT0062,acetal1500_000062,COCCCC(OCC(C)(C)C)(OCC(Cl)(Cl)Cl)c1ccc(OC)cc1,ketal,0.1604,0.1549,0.0541,-0.254781,0.215043,-0.00019564,0.01445108,46.18,train,train,train,train,train,train,validation,train
DFT0063,acetal1500_000063,COCCCC(OC)(OCC(C)(C)C)OCC(Cl)(Cl)Cl,orthoester,0.219,0.2142,0.0133,-0.276244,0.251444,0.00105436,0.01498119,41.99,train,train,train,validation,validation,train,train,train
DFT0064,acetal1500_000064,CCOC(CCCOC)(OCC(C)(C)C)OCC(Cl)(Cl)Cl,orthoester,0.2172,0.2122,0.045,-0.27813,0.248658,0.00152536,0.01285808,39.6,train,train,train,train,train,train,train,train
DFT0065,acetal1500_000065,COCCCC(OCC(C)(C)C)(OCC(Cl)(Cl)Cl)c1ccc(C)cc1,ketal,0.1616,0.156,0.0543,-0.256001,0.230593,-0.00077737,0.01444689,48.51,train,train,train,train,train,train,validation,validation
DFT0066,acetal1500_000066,COCCCC(OCC(C)(C)C)(OCC(Cl)(Cl)Cl)c1ccc(Cl)cc1,ketal,0.1617,0.1538,0.0524,-0.255829,0.242315,0.00227813,0.01662981,46.71,validation,train,train,train,train,train,train,test
DFT0067,acetal1500_000067,COCCCC(OCC(C)(C)C)(OCC(Cl)(Cl)Cl)c1ccc(O)cc1,ketal,0.1625,0.157,0.0546,-0.256538,0.21702,-0.00013187,0.01671693,48.23,train,train,validation,train,train,test,train,train
DFT0068,acetal1500_000068,COCCCC(OCC(C)(C)C)(OCC(Cl)(Cl)Cl)c1ccc([N+](=O)[O-])cc1,ketal,0.1641,0.1567,0.0194,-0.272737,0.247637,0.00595121,0.02162776,48.87,train,validation,test,train,validation,test,train,train
DFT0069,acetal1500_000069,COCCCC(OCC(C)(C)C)(OCC(Cl)(Cl)Cl)c1ccccc1,ketal,0.1598,0.1533,0.0516,-0.256349,0.240611,-0.0015242,0.01691537,48.43,train,train,train,train,train,train,train,train
DFT0070,acetal1500_000070,CSCCCC(OCC(C)(C)C)(OCC(Cl)(Cl)Cl)C1CC1,ketal,0.1604,0.1554,0.0276,-0.268337,0.221396,0.00299779,0.01590866,44.66,train,train,train,validation,train,train,train,train
DFT0071,acetal1500_000071,COc1ccc(C(CCCSC)(OCC(C)(C)C)OCC(Cl)(Cl)Cl)cc1,ketal,0.159,0.1541,0.0453,-0.22817,0.211673,0.00061519,0.0141949,45.82,train,train,train,train,train,train,test,train
DFT0072,acetal1500_000072,COC(CCCSC)(OCC(C)(C)C)OCC(Cl)(Cl)Cl,orthoester,0.2185,0.2132,0.0216,-0.275641,0.221983,0.00022105,0.01907759,48.28,train,train,train,train,train,train,test,train
DFT0073,acetal1500_000073,CCOC(CCCSC)(OCC(C)(C)C)OCC(Cl)(Cl)Cl,orthoester,0.2154,0.2104,0.0229,-0.276026,0.222188,0.00230453,0.01654654,47.29,train,test,train,test,test,test,validation,train
DFT0074,acetal1500_000074,CSCCCC(OCC(C)(C)C)OCC(Cl)(Cl)Cl,acetal,0.1318,0.1252,0.0299,-0.275019,0.221521,0.00231764,0.01916194,47.37,train,validation,train,train,train,train,train,train
DFT0075,acetal1500_000075,CSCCCC(OCC(C)(C)C)(OCC(Cl)(Cl)Cl)c1ccc(C)cc1,ketal,0.1611,0.1563,0.027,-0.238198,0.220058,-0.00020094,0.01583183,50.66,train,validation,train,train,train,validation,train,train
DFT0076,acetal1500_000076,CSCCCC(OCC(C)(C)C)(OCC(Cl)(Cl)Cl)c1ccc(Cl)cc1,ketal,0.1619,0.1574,0.0154,-0.250027,0.220633,0.00249488,0.01500715,47.1,train,test,validation,train,train,train,train,train
DFT0077,acetal1500_000077,CSCCCC(OCC(C)(C)C)(OCC(Cl)(Cl)Cl)c1ccc([N+](=O)[O-])cc1,ketal,0.1645,0.1576,0.0307,-0.270962,0.221857,0.00750706,0.0205812,56.13,train,test,train,validation,train,train,train,validation
DFT0078,acetal1500_000078,CC(C)(C)COC(C)(CCc1ccccc1)OCC(Cl)(Cl)Cl,ketal,0.1591,0.1542,0.0481,-0.264063,0.229773,0.00202461,0.01687343,49.1,test,test,train,validation,test,train,train,train
DFT0079,acetal1500_000079,CC(C)(C)COC(CCc1ccccc1)(OCC(Cl)(Cl)Cl)C1CC1,ketal,0.1595,0.1548,0.0409,-0.270497,0.229726,0.00109335,0.01486129,40.71,train,train,train,validation,validation,test,train,train
DFT0080,acetal1500_000080,COc1ccc(C(CCc2ccccc2)(OCC(C)(C)C)OCC(Cl)(Cl)Cl)cc1,ketal,0.1615,0.1567,0.0529,-0.241767,0.213386,0.0003825,0.01587362,42.03,train,validation,train,test,train,validation,train,train
DFT0081,acetal1500_000081,COC(CCc1ccccc1)(OCC(C)(C)C)OCC(Cl)(Cl)Cl,orthoester,0.2172,0.2122,0.0374,-0.272266,0.230727,0.00085315,0.01715376,50.1,test,test,train,test,validation,train,train,validation
DFT0082,acetal1500_000082,CCOC(CCc1ccccc1)(OCC(C)(C)C)OCC(Cl)(Cl)Cl,orthoester,0.2193,0.2138,0.0343,-0.275627,0.2308,0.00116957,0.01497638,42.94,validation,test,train,test,train,train,validation,train
DFT0083,acetal1500_000083,CC(C)(C)COC(CCc1ccccc1)OCC(Cl)(Cl)Cl,acetal,0.1313,0.1249,0.0557,-0.269041,0.229316,0.00167212,0.01746412,46.29,train,train,train,train,validation,train,test,train
DFT0084,acetal1500_000084,Cc1ccc(C(CCc2ccccc2)(OCC(C)(C)C)OCC(Cl)(Cl)Cl)cc1,ketal,0.1611,0.155,0.048,-0.243025,0.229366,0.00019739,0.01387399,43.84,train,train,train,train,train,train,train,test
DFT0085,acetal1500_000085,CC(C)(C)COC(CCc1ccccc1)(OCC(Cl)(Cl)Cl)c1ccc(Cl)cc1,ketal,0.1621,0.1573,0.0379,-0.248152,0.230461,0.00347102,0.01920798,50.11,test,test,train,train,validation,train,train,train
DFT0086,acetal1500_000086,CC(C)(C)COC(CCc1ccccc1)(OCC(Cl)(Cl)Cl)c1ccc(F)cc1,ketal,0.1619,0.157,0.0377,-0.248164,0.230596,0.00210917,0.01420587,36.38,test,train,train,train,train,train,train,test
DFT0087,acetal1500_000087,CC(C)(C)COC(CCc1ccccc1)(OCC(Cl)(Cl)Cl)c1ccc(O)cc1,ketal,0.1599,0.1544,0.0525,-0.240554,0.218607,0.00055454,0.01735313,44.5,train,train,train,test,train,train,train,train
DFT0088,acetal1500_000088,CC(C)(C)COC(CCc1ccccc1)(OCC(Cl)(Cl)Cl)c1ccc([N+](=O)[O-])cc1,ketal,0.1627,0.1552,0.0543,-0.265836,0.231147,0.00683492,0.02087188,49.85,train,train,train,test,test,train,train,train
DFT0089,acetal1500_000089,CC(C)(C)COC(CCc1ccccc1)(OCC(Cl)(Cl)Cl)c1ccccc1,ketal,0.1608,0.1555,0.049,-0.252575,0.23011,0.00025616,0.01507893,42.5,train,train,validation,train,train,train,train,train
DFT0090,acetal1500_000090,COc1ccc(C(CCl)(OCC(C)(C)C)OCC(Cl)(Cl)Cl)cc1,ketal,0.1579,0.1534,0.0579,-0.27881,0.217937,-0.00059188,0.02098176,47.16,train,train,train,train,train,validation,train,train
DFT0091,acetal1500_000091,COC(CCl)(OCC(C)(C)C)OCC(Cl)(Cl)Cl,orthoester,0.2121,0.2075,0.1282,-0.314531,0.273505,0.00028683,0.020012,51.98,train,validation,validation,validation,train,train,train,train
DFT0092,acetal1500_000092,CCOC(CCl)(OCC(C)(C)C)OCC(Cl)(Cl)Cl,orthoester,0.2144,0.2105,0.1292,-0.310328,0.278377,0.00192233,0.01442119,40.66,train,test,test,train,test,train,train,train
DFT0093,acetal1500_000093,CC(C)(C)COC(CCl)OCC(Cl)(Cl)Cl,acetal,0.1306,0.1243,0.2048,-0.313744,0.265212,0.00246046,0.02360819,59.68,train,train,test,test,train,train,train,train
DFT0094,acetal1500_000094,Cc1ccc(C(CCl)(OCC(C)(C)C)OCC(Cl)(Cl)Cl)cc1,ketal,0.16,0.1536,0.0554,-0.280825,0.233575,0.00128633,0.01509799,45.62,train,train,validation,train,train,train,train,validation
DFT0095,acetal1500_000095,CC(C)(C)COC(CCl)(OCC(Cl)(Cl)Cl)c1ccc(Cl)cc1,ketal,0.1567,0.1523,0.046,-0.293958,0.244435,0.00407833,0.01837161,48.96,train,train,train,train,train,train,train,test
DFT0096,acetal1500_000096,CC(C)(C)COC(CCl)(OCC(Cl)(Cl)Cl)c1ccc([N+](=O)[O-])cc1,ketal,0.1578,0.15,0.1007,-0.29013,0.259966,0.00680949,0.0241775,54.13,train,train,train,validation,train,train,train,train
DFT0097,acetal1500_000097,CC(C)(C)COC(CCl)(OCC(Cl)(Cl)Cl)c1ccccc1,ketal,0.1553,0.1497,0.0509,-0.282925,0.242878,0.0008588,0.019453,52.95,train,train,train,train,validation,train,train,validation
DFT0098,acetal1500_000098,CC(C)(C)COC(C)(CO)OCC(Cl)(Cl)Cl,ketal,0.1532,0.1481,0.1613,-0.296922,0.251968,-0.00026483,0.01730045,46.96,validation,train,train,train,test,validation,test,train
DFT0099,acetal1500_000099,COc1ccc(C(CO)(OCC(C)(C)C)OCC(Cl)(Cl)Cl)cc1,ketal,0.152,0.147,0.0585,-0.268725,0.216346,0.00105063,0.0189128,56.2,validation,test,train,train,train,train,train,test
DFT0100,acetal1500_000100,Cc1ccc(C(CO)(OCC(C)(C)C)OCC(Cl)(Cl)Cl)cc1,ketal,0.153,0.1474,0.0667,-0.272517,0.231669,0.00130701,0.01430979,42.58,test,train,test,test,train,validation,train,test
DFT0101,acetal1500_000101,CC(C)(C)COC(CO)(OCC(Cl)(Cl)Cl)c1ccc(O)cc1,ketal,0.1557,0.15,0.0647,-0.268595,0.217856,-0.00107178,0.01899083,45.66,train,test,train,train,train,train,validation,train
DFT0102,acetal1500_000102,CC(=O)OCC(C)(OCC(C)(C)C)OCC(Cl)(Cl)Cl,ketal,0.156,0.1507,0.1731,-0.290673,0.257993,0.00224769,0.01806602,53.4,test,train,train,validation,train,train,test,train
DFT0103,acetal1500_000103,CC(=O)OCC(OCC(C)(C)C)(OCC(Cl)(Cl)Cl)C1CC1,ketal,0.1538,0.149,0.127,-0.294164,0.263611,0.00207683,0.0146194,42.13,validation,validation,train,train,train,train,train,train
DFT0104,acetal1500_000104,COc1ccc(C(COC(C)=O)(OCC(C)(C)C)OCC(Cl)(Cl)Cl)cc1,ketal,0.1553,0.1502,0.0533,-0.279323,0.218014,0.00103336,0.01977945,52.42,test,train,train,train,train,validation,train,test
DFT0105,acetal1500_000105,CCOC(COC(C)=O)(OCC(C)(C)C)OCC(Cl)(Cl)Cl,orthoester,0.2151,0.2098,0.1235,-0.294715,0.270317,0.00266083,0.01730351,53.73,train,train,train,validation,train,train,train,train
DFT0106,acetal1500_000106,CC(=O)OCC(OCC(C)(C)C)OCC(Cl)(Cl)Cl,acetal,0.1308,0.124,0.1883,-0.292205,0.270992,0.00143873,0.01837996,43.4,train,train,train,train,train,validation,train,train
DFT0107,acetal1500_000107,CC(=O)OCC(OCC(C)(C)C)(OCC(Cl)(Cl)Cl)c1ccc(C)cc1,ketal,0.1541,0.1482,0.0587,-0.282407,0.234083,-0.00065961,0.01539635,50.33,train,train,train,train,train,train,validation,train
DFT0108,acetal1500_000108,CC(=O)OCC(OCC(C)(C)C)(OCC(Cl)(Cl)Cl)c1ccc(Cl)cc1,ketal,0.1552,0.1498,0.0562,-0.282559,0.244391,0.00208582,0.01827146,51.6,train,train,train,train,train,train,test,test
DFT0109,acetal1500_000109,CC(=O)OCC(OCC(C)(C)C)(OCC(Cl)(Cl)Cl)c1ccc(F)cc1,ketal,0.1552,0.1493,0.0607,-0.285056,0.241691,0.00127356,0.01753948,54.82,train,train,test,train,train,test,train,train
DFT0110,acetal1500_000110,COCC(C)(OCC(C)(C)C)OCC(Cl)(Cl)Cl,ketal,0.153,0.1479,0.1075,-0.28281,0.251899,-0.00013739,0.01819367,55.29,train,train,test,validation,train,train,train,train
DFT0111,acetal1500_000111,COCC(OCC(C)(C)C)(OCC(Cl)(Cl)Cl)C1CC1,ketal,0.1535,0.1484,0.0517,-0.285387,0.255731,-0.00037139,0.01645292,42.4,train,train,test,validation,train,validation,train,train
DFT0112,acetal1500_000112,COCC(OCC(C)(C)C)(OCC(Cl)(Cl)Cl)c1ccc(C)cc1,ketal,0.1523,0.1468,0.06,-0.269087,0.231792,-0.00152612,0.01712724,51.44,validation,train,train,validation,train,train,train,train
DFT0113,acetal1500_000113,COCC(OCC(C)(C)C)(OCC(Cl)(Cl)Cl)c1ccc(Cl)cc1,ketal,0.1539,0.1455,0.0518,-0.272508,0.242044,0.00092264,0.02011978,47.73,validation,validation,train,test,test,train,train,train
DFT0114,acetal1500_000114,COCC(OCC(C)(C)C)(OCC(Cl)(Cl)Cl)c1ccc(O)cc1,ketal,0.1572,0.1519,0.0729,-0.268664,0.216184,-0.00087393,0.01894161,47.69,train,train,train,train,train,train,train,train
DFT0115,acetal1500_000115,COCC(OCC(C)(C)C)(OCC(Cl)(Cl)Cl)c1ccc([N+](=O)[O-])cc1,ketal,0.1555,0.1473,0.0667,-0.280763,0.255614,0.00484092,0.02368266,60.21,test,validation,train,train,train,train,train,train
DFT0116,acetal1500_000116,CC(C)(C)COC(C)(COc1ccccc1)OCC(Cl)(Cl)Cl,ketal,0.1567,0.1511,0.0193,-0.266316,0.215426,0.00086881,0.01581398,42.35,validation,test,test,train,train,test,train,train
DFT0117,acetal1500_000117,COC(COc1ccccc1)(OCC(C)(C)C)OCC(Cl)(Cl)Cl,orthoester,0.2112,0.2059,0.0224,-0.284047,0.216158,-0.00101431,0.01652953,47.62,validation,train,train,train,train,train,train,train
DFT0118,acetal1500_000118,CCOC(COc1ccccc1)(OCC(C)(C)C)OCC(Cl)(Cl)Cl,orthoester,0.2123,0.2072,0.0214,-0.28421,0.215961,6.647e-05,0.01404717,42.1,validation,train,train,train,train,train,train,train
DFT0119,acetal1500_000119,Cc1ccc(C(COc2ccccc2)(OCC(C)(C)C)OCC(Cl)(Cl)Cl)cc1,ketal,0.1555,0.1503,0.0153,-0.244849,0.21614,-0.00029378,0.01540782,44.98,train,train,validation,train,train,train,train,train
DFT0120,acetal1500_000120,CC(C)(C)COC(COc1ccccc1)(OCC(Cl)(Cl)Cl)c1ccc(Cl)cc1,ketal,0.1575,0.1526,0.0192,-0.251356,0.215421,0.00215248,0.01735463,50.56,test,train,train,validation,train,train,train,train
DFT0121,acetal1500_000121,CC(C)(C)COC(COc1ccccc1)(OCC(Cl)(Cl)Cl)c1ccc(O)cc1,ketal,0.1544,0.1489,0.0197,-0.228835,0.215289,-0.00124154,0.01823889,48.04,train,train,validation,train,train,train,train,test
DFT0122,acetal1500_000122,CC(C)(C)COC(COc1ccccc1)(OCC(Cl)(Cl)Cl)c1ccc([N+](=O)[O-])cc1,ketal,0.1591,0.1515,0.0292,-0.27325,0.216237,0.00565168,0.02056082,57.22,train,train,train,train,train,test,train,train
DFT0123,acetal1500_000123,CSCC(OCC(C)(C)C)(OCC(Cl)(Cl)Cl)c1ccc(O)cc1,ketal,0.159,0.1535,0.0489,-0.238329,0.21487,0.0002536,0.01641716,48.8,train,train,train,train,train,train,train,train
DFT0124,acetal1500_000124,CC(C)(C)COC(C)(Cc1ccccc1)OCC(Cl)(Cl)Cl,ketal,0.1599,0.1552,0.1107,-0.275263,0.229042,0.00040849,0.01773061,50.54,test,train,train,train,validation,train,train,train
DFT0125,acetal1500_000125,CC(C)(C)COC(Cc1ccccc1)(OCC(Cl)(Cl)Cl)C1CC1,ketal,0.1609,0.1563,0.0968,-0.271805,0.229369,0.0005101,0.01707915,49.02,train,train,train,train,train,test,validation,train
DFT0126,acetal1500_000126,COc1ccc(C(Cc2ccccc2)(OCC(C)(C)C)OCC(Cl)(Cl)Cl)cc1,ketal,0.1618,0.1567,0.0588,-0.244436,0.213161,-0.00049769,0.01717534,48.88,train,train,train,train,train,validation,train,train
DFT0127,acetal1500_000127,COC(Cc1ccccc1)(OCC(C)(C)C)OCC(Cl)(Cl)Cl,orthoester,0.2182,0.2132,0.0865,-0.283957,0.231465,-0.00032023,0.0138881,45.95,train,validation,train,train,train,train,train,train
DFT0128,acetal1500_000128,CCOC(Cc1ccccc1)(OCC(C)(C)C)OCC(Cl)(Cl)Cl,orthoester,0.2174,0.2129,0.0866,-0.282647,0.231351,-0.00078216,0.01463879,49.2,train,train,train,train,train,train,train,train
DFT0129,acetal1500_000129,CC(C)(C)COC(Cc1ccccc1)OCC(Cl)(Cl)Cl,acetal,0.1296,0.1261,0.1199,-0.277839,0.23075,0.00121094,0.01646535,45.42,test,train,test,train,train,validation,train,test
DFT0130,acetal1500_000130,CCOC(C)(OCC(C)(C)C)OCC(Cl)(Cl)Cl,orthoester,0.214,0.2088,0.1706,-0.307228,0.26611,-0.00160276,0.01774434,52.28,train,train,train,train,test,train,train,test
DFT0131,acetal1500_000131,Cc1ccc(C(C)(OCC(C)(C)C)OCC(Cl)(Cl)Cl)cc1,ketal,0.1588,0.153,0.0561,-0.277546,0.231984,-0.00060619,0.01588308,46.7,test,test,test,validation,validation,train,train,test
DFT0132,acetal1500_000132,CC(C)(C)COC(C)(OCC(Cl)(Cl)Cl)c1ccc([N+](=O)[O-])cc1,ketal,0.1619,0.1542,0.1629,-0.287226,0.257736,0.00592768,0.02301878,57.38,train,train,train,train,train,validation,train,test
DFT0133,acetal1500_000133,CCC(OCC(C)(C)C)(OCC(Cl)(Cl)Cl)c1ccc(OC)cc1,ketal,0.1607,0.1562,0.0579,-0.284236,0.21256,0.00056661,0.01258338,36.45,train,train,train,train,train,train,train,train
DFT0134,acetal1500_000134,CCC(OC)(OCC(C)(C)C)OCC(Cl)(Cl)Cl,orthoester,0.2174,0.2121,0.1238,-0.306985,0.266548,-0.00077508,0.01778348,41.91,train,train,train,train,train,train,validation,train
DFT0135,acetal1500_000135,CCC(OCC(C)(C)C)(OCC(Cl)(Cl)Cl)c1ccc(Cl)cc1,ketal,0.1615,0.1533,0.0552,-0.278756,0.24208,0.00289435,0.01704659,47.04,train,train,train,train,train,train,train,validation
DFT0136,acetal1500_000136,CCC(OCC(C)(C)C)(OCC(Cl)(Cl)Cl)c1ccc(O)cc1,ketal,0.1584,0.1535,0.0581,-0.280336,0.216212,0.00112137,0.01372247,32.4,validation,train,train,test,train,test,train,train
DFT0137,acetal1500_000137,CC=CC(OCC(C)(C)C)(OCC(Cl)(Cl)Cl)c1ccc(OC)cc1,ketal,0.1555,0.1498,0.0522,-0.263367,0.215397,-0.00111319,0.01609013,49.79,train,train,test,train,validation,train,test,validation
DFT0138,acetal1500_000138,CC=CC(OCC(C)(C)C)(OCC(Cl)(Cl)Cl)c1ccc(C)cc1,ketal,0.1568,0.1507,0.0546,-0.264577,0.231815,-0.0001259,0.0124896,40.18,train,train,train,train,train,train,train,train
DFT0139,acetal1500_000139,CC=CC(OCC(C)(C)C)(OCC(Cl)(Cl)Cl)c1ccc(Cl)cc1,ketal,0.1585,0.1512,0.0572,-0.26431,0.24369,0.00205913,0.01551788,41.55,train,train,train,validation,test,train,test,train
DFT0140,acetal1500_000140,CC=CC(OCC(C)(C)C)(OCC(Cl)(Cl)Cl)c1ccc(O)cc1,ketal,0.1577,0.1527,0.0627,-0.26018,0.217807,-0.00047173,0.01853762,52.4,test,train,train,train,train,validation,validation,train
DFT0141,acetal1500_000141,CC=CC(OCC(C)(C)C)(OCC(Cl)(Cl)Cl)c1ccc([N+](=O)[O-])cc1,ketal,0.1602,0.152,0.1066,-0.277842,0.251154,0.00566999,0.01839909,46.81,train,train,train,train,train,train,test,train
DFT0142,acetal1500_000142,CCCC(OCC(C)(C)C)(OCC(Cl)(Cl)Cl)c1ccc(OC)cc1,ketal,0.1595,0.1548,0.0571,-0.277001,0.213549,0.00034819,0.01263327,35.56,train,train,validation,train,validation,validation,train,train
DFT0143,acetal1500_000143,CCCC(OCC(C)(C)C)(OCC(Cl)(Cl)Cl)c1ccc([N+](=O)[O-])cc1,ketal,0.1642,0.1568,0.1155,-0.286538,0.257945,0.00573201,0.01934973,47.86,train,train,train,validation,train,train,train,train
DFT0144,acetal1500_000144,CCCCC(OCC(C)(C)C)(OCC(Cl)(Cl)Cl)c1ccc(OC)cc1,ketal,0.1605,0.1559,0.0557,-0.27812,0.213795,0.00055214,0.01201902,31.73,train,train,test,train,test,test,train,validation
DFT0145,acetal1500_000145,CCCCC(OCC(C)(C)C)(OCC(Cl)(Cl)Cl)c1ccc(C)cc1,ketal,0.1598,0.1552,0.0544,-0.284452,0.231533,-1.77E-06,0.01201947,31.07,train,train,train,test,train,train,train,train
DFT0146,acetal1500_000146,CCCCC(OCC(C)(C)C)(OCC(Cl)(Cl)Cl)c1ccc(Cl)cc1,ketal,0.163,0.1583,0.0575,-0.281971,0.239957,0.00373705,0.01280363,35.56,train,validation,test,validation,train,train,train,train
DFT0147,acetal1500_000147,CCCCC(OCC(C)(C)C)(OCC(Cl)(Cl)Cl)c1ccc(O)cc1,ketal,0.1585,0.1534,0.0527,-0.274316,0.217397,0.00058339,0.01686222,41.47,test,train,train,validation,test,train,train,train
DFT0148,acetal1500_000148,CCCCCC(C)(OCC(C)(C)C)OCC(Cl)(Cl)Cl,ketal,0.1588,0.1534,0.1532,-0.313331,0.257957,0.00223072,0.01421346,38.55,train,test,validation,test,validation,train,train,train
DFT0149,acetal1500_000149,CCCCCC(OCC(C)(C)C)(OCC(Cl)(Cl)Cl)c1ccc(OC)cc1,ketal,0.1626,0.1576,0.0637,-0.263709,0.213444,0.00063901,0.01273824,34.09,train,test,train,train,test,train,train,train
DFT0150,acetal1500_000150,CCCCCC(OCC(C)(C)C)(OCC(Cl)(Cl)Cl)c1ccc(C)cc1,ketal,0.1601,0.1555,0.0549,-0.284333,0.231342,0.00013713,0.0117045,30.41,test,train,train,train,train,train,validation,train
DFT0151,acetal1500_000151,CCCCCC(OCC(C)(C)C)(OCC(Cl)(Cl)Cl)c1ccc([N+](=O)[O-])cc1,ketal,0.1635,0.1567,0.0862,-0.290673,0.258732,0.00652342,0.01688957,39.74,train,train,train,train,validation,validation,train,train
DFT0152,acetal1500_000152,CCCCCCCCCCC(C)(OCC(C)(C)C)OCC(Cl)(Cl)Cl,ketal,0.1594,0.1544,0.1394,-0.291866,0.264052,0.00308692,0.00922039,20.84,train,validation,train,train,test,train,test,train
DFT0153,acetal1500_000153,CCCCCCCCCCC(OCC(C)(C)C)(OCC(Cl)(Cl)Cl)c1ccc(O)cc1,ketal,0.1588,0.1537,0.0537,-0.274043,0.217332,0.00091505,0.01332028,31.64,train,validation,train,train,validation,train,train,train
DFT0154,acetal1500_000154,CCOC(OCC(C)(C)C)(OCC(Cl)(Cl)Cl)c1ccc(OC)cc1,orthoester,0.2166,0.2111,0.0601,-0.288449,0.217243,-0.00045161,0.01497928,50.52,validation,train,train,validation,train,train,train,test
DFT0155,acetal1500_000155,CCOC(OC)(OCC(C)(C)C)OCC(Cl)(Cl)Cl,orthocarbonate,0.2724,0.2672,0.124,-0.309779,0.278022,-8.47E-05,0.0105813,32.45,train,train,train,train,train,train,test,train
DFT0156,acetal1500_000156,CCOC(OCC(C)(C)C)(OCC(Cl)(Cl)Cl)c1ccc(Cl)cc1,orthoester,0.2212,0.2128,0.0641,-0.292773,0.241171,0.00236417,0.01657978,51.2,train,test,train,train,train,train,validation,train
DFT0157,acetal1500_000157,CCOC(OCC(C)(C)C)(OCC(Cl)(Cl)Cl)c1ccc(O)cc1,orthoester,0.2164,0.2118,0.0616,-0.286361,0.218871,-0.0010302,0.01769902,47.96,test,validation,validation,train,train,train,train,train
DFT0158,acetal1500_000158,CCOC(OCC(C)(C)C)(OCC(Cl)(Cl)Cl)c1ccc([N+](=O)[O-])cc1,orthoester,0.2208,0.2128,0.0756,-0.295588,0.261174,0.00616524,0.0182767,52.1,test,train,train,train,train,train,test,validation
DFT0159,acetal1500_000159,CCOCC(OCC(C)(C)C)(OCC(Cl)(Cl)Cl)c1ccc(OC)cc1,ketal,0.1541,0.1492,0.0603,-0.263639,0.214405,-0.00148485,0.01309862,43.77,train,test,train,train,train,train,train,train
DFT0160,acetal1500_000160,CCOCC(OCC(C)(C)C)(OCC(Cl)(Cl)Cl)c1ccc(C)cc1,ketal,0.1538,0.1488,0.0594,-0.266095,0.232901,-0.00227549,0.01494151,44.84,train,train,train,train,train,train,train,validation
DFT0161,acetal1500_000161,CCOCC(OCC(C)(C)C)(OCC(Cl)(Cl)Cl)c1ccc(Cl)cc1,ketal,0.1562,0.1501,0.0514,-0.266508,0.242852,0.0008536,0.01916378,45.39,train,train,train,train,train,train,train,train
DFT0162,acetal1500_000162,CCOCC(OCC(C)(C)C)(OCC(Cl)(Cl)Cl)c1ccc(F)cc1,ketal,0.155,0.1501,0.0604,-0.268525,0.23792,0.00090574,0.01422543,38.86,train,train,train,train,train,train,train,train
DFT0163,acetal1500_000163,CCOCC(OCC(C)(C)C)(OCC(Cl)(Cl)Cl)c1ccc(O)cc1,ketal,0.1539,0.1489,0.0564,-0.265136,0.217914,-0.00164527,0.01826443,45.93,train,validation,test,train,test,train,validation,train
DFT0164,acetal1500_000164,COc1ccc(C(OC)(OCC(C)(C)C)OCC(Cl)(Cl)Cl)cc1,orthoester,0.215,0.2099,0.057,-0.285004,0.216744,-0.00107671,0.01465386,43.23,train,train,train,train,test,train,test,test
DFT0165,acetal1500_000165,COC(OC)(OCC(C)(C)C)OCC(Cl)(Cl)Cl,orthocarbonate,0.272,0.2668,0.1328,-0.316512,0.268561,0.00182848,0.01344768,36.75,test,train,train,train,train,train,test,train
DFT0166,acetal1500_000166,COC(OCC(C)(C)C)(OCC(Cl)(Cl)Cl)c1ccc(Cl)cc1,orthoester,0.2189,0.2128,0.0581,-0.292874,0.244016,0.00189399,0.01462554,38.96,train,train,train,train,train,train,train,train
DFT0167,acetal1500_000167,COC(OCC(C)(C)C)(OCC(Cl)(Cl)Cl)c1ccc(O)cc1,orthoester,0.215,0.2099,0.059,-0.287621,0.219557,-0.00054618,0.01626492,40.32,train,train,validation,train,train,train,validation,validation
DFT0168,acetal1500_000168,COC(OCC(C)(C)C)(OCC(Cl)(Cl)Cl)c1ccc([N+](=O)[O-])cc1,orthoester,0.2205,0.2122,0.0526,-0.294242,0.263553,0.00514846,0.01870039,48.85,validation,train,train,train,train,train,test,train
DFT0169,acetal1500_000169,COC(=O)c1ccc(C(C)(OCC(C)(C)C)OCC(Cl)(Cl)Cl)cc1,ketal,0.1614,0.1473,0.0513,-0.284165,0.250488,0.00040392,0.01750272,44.55,train,test,train,train,train,train,test,train
DFT0170,acetal1500_000170,COC(=O)c1ccc(C(OCC(C)(C)C)(OCC(Cl)(Cl)Cl)c2ccc(OC)cc2)cc1,ketal,0.1622,0.1508,0.0571,-0.265318,0.213564,0.00044624,0.01365133,40.16,validation,train,train,train,train,train,validation,train
DFT0171,acetal1500_000171,COC(=O)c1ccc(C(OCC(C)(C)C)(OCC(Cl)(Cl)Cl)c2ccc(Cl)cc2)cc1,ketal,0.1636,0.1515,0.0492,-0.274716,0.236559,0.00334779,0.01555629,40.48,validation,train,train,test,train,train,train,train
DFT0172,acetal1500_000172,COC(=O)c1ccc(C(OCC(C)(C)C)(OCC(Cl)(Cl)Cl)c2ccc(O)cc2)cc1,ketal,0.1619,0.1507,0.0585,-0.266722,0.215878,0.00101114,0.01503227,39.01,validation,train,test,validation,validation,train,train,train
DFT0173,acetal1500_000173,COC(=O)c1ccccc1C(OCC(C)(C)C)(OCC(Cl)(Cl)Cl)c1ccc(Cl)cc1,ketal,0.1646,0.1536,0.0453,-0.267385,0.241084,-0.00016052,0.01415229,37.48,validation,train,validation,train,validation,train,train,train
DFT0174,acetal1500_000174,COC(=O)c1ccccc1C(OCC(C)(C)C)(OCC(Cl)(Cl)Cl)c1ccc(O)cc1,ketal,0.1635,0.1503,0.0523,-0.264309,0.217185,-0.00285446,0.01817549,47.54,test,train,train,train,train,test,train,train
DFT0175,acetal1500_000175,COc1cc(C(C)(OCC(C)(C)C)OCC(Cl)(Cl)Cl)cc(OC)c1OC,ketal,0.1618,0.1568,0.0484,-0.251939,0.213398,0.00056536,0.01431488,45.17,test,validation,test,train,train,validation,train,train
DFT0176,acetal1500_000176,COc1cc(C(OCC(C)(C)C)(OCC(Cl)(Cl)Cl)C2CC2)cc(OC)c1OC,ketal,0.1627,0.1569,0.0298,-0.252065,0.213137,0.00067499,0.01624971,52.17,train,test,train,test,validation,train,train,validation
DFT0177,acetal1500_000177,COc1ccc(C(OCC(C)(C)C)(OCC(Cl)(Cl)Cl)c2cc(OC)c(OC)c(OC)c2)cc1,ketal,0.1621,0.1574,0.0433,-0.233851,0.206696,-0.0005306,0.01365551,41.59,train,train,test,train,train,train,test,train
DFT0178,acetal1500_000178,COc1cc(C(OC)(OCC(C)(C)C)OCC(Cl)(Cl)Cl)cc(OC)c1OC,orthoester,0.2191,0.2138,0.0355,-0.253478,0.214584,-0.0004623,0.01495119,44.67,train,validation,train,train,validation,train,test,test
DFT0179,acetal1500_000179,CCOC(OCC(C)(C)C)(OCC(Cl)(Cl)Cl)c1cc(OC)c(OC)c(OC)c1,orthoester,0.2171,0.2116,0.034,-0.253794,0.214934,-0.00042387,0.01473971,44.18,test,train,train,train,test,train,train,train
DFT0180,acetal1500_000180,COc1cc(C(OCC(C)(C)C)OCC(Cl)(Cl)Cl)cc(OC)c1OC,acetal,0.129,0.1239,0.0631,-0.270637,0.217542,-0.00028068,0.01417438,40.31,train,train,train,train,test,train,train,test
DFT0181,acetal1500_000181,COc1cc(C(OCC(C)(C)C)(OCC(Cl)(Cl)Cl)c2ccc(C)cc2)cc(OC)c1OC,ketal,0.1621,0.1572,0.0401,-0.247699,0.210645,-0.00028582,0.01296532,39.26,train,train,train,train,validation,train,train,train
DFT0182,acetal1500_000182,COc1cc(C(OCC(C)(C)C)(OCC(Cl)(Cl)Cl)c2ccc(F)cc2)cc(OC)c1OC,ketal,0.1636,0.158,0.0312,-0.249672,0.215121,0.00096661,0.0142861,39.54,train,train,train,test,validation,train,train,train
DFT0183,acetal1500_000183,COc1cc(C(OCC(C)(C)C)(OCC(Cl)(Cl)Cl)c2ccc(O)cc2)cc(OC)c1OC,ketal,0.1621,0.1557,0.0405,-0.23163,0.216046,-0.00103814,0.01402024,38.66,train,test,train,validation,train,train,test,test
DFT0184,acetal1500_000184,COc1cc(C(OCC(C)(C)C)(OCC(Cl)(Cl)Cl)c2ccc([N+](=O)[O-])cc2)cc(OC)c1OC,ketal,0.1647,0.1581,0.0517,-0.252175,0.214663,0.00600998,0.01956935,54.84,train,train,train,train,train,train,train,train
DFT0185,acetal1500_000185,COc1cc(C(OCC(C)(C)C)(OCC(Cl)(Cl)Cl)c2ccccc2)cc(OC)c1OC,ketal,0.1633,0.1569,0.029,-0.252765,0.213179,-0.00035276,0.01573451,49.58,train,train,train,train,train,test,train,train
DFT0186,acetal1500_000186,COc1cc(OC)c(C(C)(OCC(C)(C)C)OCC(Cl)(Cl)Cl)c(OC)c1,ketal,0.1593,0.1541,0.064,-0.249511,0.20591,-0.00274801,0.01587253,49.84,train,train,validation,train,train,train,train,validation
DFT0187,acetal1500_000187,COc1cc(OC)c(C(OCC(C)(C)C)(OCC(Cl)(Cl)Cl)c2ccc(O)cc2)c(OC)c1,ketal,0.1598,0.1554,0.0549,-0.231887,0.20306,-0.00317722,0.01957282,51.43,train,train,train,train,train,train,validation,train
DFT0188,acetal1500_000188,COc1ccc(C(C)(OCC(C)(C)C)OCC(Cl)(Cl)Cl)c(OC)c1,ketal,0.1601,0.1547,0.0678,-0.263077,0.20663,-0.00208021,0.01623855,52.05,test,test,train,train,train,train,train,validation
DFT0189,acetal1500_000189,COc1ccc(C(OCC(C)(C)C)(OCC(Cl)(Cl)Cl)c2ccc(O)cc2)c(OC)c1,ketal,0.1588,0.154,0.0484,-0.233857,0.204405,-0.00198738,0.0158156,44.93,train,validation,train,train,train,train,train,train
DFT0190,acetal1500_000190,COc1ccc(C(C)(OCC(C)(C)C)OCC(Cl)(Cl)Cl)c2ccccc12,ketal,0.1639,0.1568,0.0601,-0.251996,0.196438,-0.0016049,0.01696706,51.69,validation,train,validation,train,train,train,test,train
DFT0191,acetal1500_000191,COc1ccc(C(OCC(C)(C)C)(OCC(Cl)(Cl)Cl)c2ccc(O)cc2)c2ccccc12,ketal,0.1637,0.1543,0.0494,-0.228473,0.199298,-0.00227001,0.01776054,43.88,train,train,train,validation,test,validation,train,train
DFT0192,acetal1500_000192,COc1ccc(C(OCC(C)(C)C)OCC(Cl)(Cl)Cl)cc1,acetal,0.1279,0.1216,0.0896,-0.278467,0.215783,-0.00024166,0.017372,51.16,train,train,train,test,train,train,train,train
DFT0193,acetal1500_000193,COc1cccc(C(C)(OCC(C)(C)C)OCC(Cl)(Cl)Cl)c1,ketal,0.1604,0.155,0.0358,-0.27844,0.214338,-0.00171082,0.01682916,50.04,validation,validation,train,train,test,train,train,test
DFT0194,acetal1500_000194,COc1cccc(C(OCC(C)(C)C)(OCC(Cl)(Cl)Cl)C2CC2)c1,ketal,0.162,0.1561,0.0286,-0.27255,0.215169,-0.0010621,0.01509189,48.49,train,test,train,train,validation,train,train,test
DFT0195,acetal1500_000195,COc1cccc(C(OC)(OCC(C)(C)C)OCC(Cl)(Cl)Cl)c1,orthoester,0.2182,0.2134,0.0342,-0.283459,0.216734,-0.00155746,0.01317502,37.62,train,train,train,train,train,train,train,train
DFT0196,acetal1500_000196,CCOC(OCC(C)(C)C)(OCC(Cl)(Cl)Cl)c1cccc(OC)c1,orthoester,0.2196,0.2147,0.0397,-0.275827,0.215845,-0.00098089,0.01378487,45.33,train,train,train,train,train,test,train,train
DFT0197,acetal1500_000197,COc1cccc(C(OCC(C)(C)C)(OCC(Cl)(Cl)Cl)c2ccc(Cl)cc2)c1,ketal,0.1628,0.1561,0.032,-0.251106,0.214178,0.00088232,0.01378471,37.61,validation,test,train,train,train,validation,train,train
DFT0198,acetal1500_000198,COc1cccc(C(OCC(C)(C)C)(OCC(Cl)(Cl)Cl)c2ccc(O)cc2)c1,ketal,0.1614,0.1568,0.0474,-0.229996,0.213602,-0.00168258,0.01521713,40.15,validation,validation,test,train,validation,train,train,train
DFT0199,acetal1500_000199,COc1cccc(C(OCC(C)(C)C)(OCC(Cl)(Cl)Cl)c2ccccc2)c1,ketal,0.1618,0.1568,0.0314,-0.253723,0.213376,-0.00177046,0.01232165,40.92,train,train,validation,train,test,test,train,train
DFT0200,acetal1500_000200,CC(C)(C)COC(OCC(Cl)(Cl)Cl)(c1c(Cl)cccc1Cl)C1CC1,ketal,0.1689,0.1556,0.035,-0.269923,0.242297,0.00089183,0.01441104,40.05,test,train,test,validation,train,validation,train,train
DFT0201,acetal1500_000201,COC(OCC(C)(C)C)(OCC(Cl)(Cl)Cl)c1c(Cl)cccc1Cl,orthoester,0.2183,0.2084,0.0197,-0.289683,0.243613,-1.17E-05,0.01369525,37.11,train,test,train,train,train,train,train,validation
DFT0202,acetal1500_000202,CC(C)(C)COC(OCC(Cl)(Cl)Cl)c1c(Cl)cccc1Cl,acetal,0.1236,0.1091,0.0352,-0.278636,0.246732,0.00011861,0.01679653,47.14,train,test,train,train,train,train,train,train
DFT0203,acetal1500_000203,CC(C)(C)COC(OCC(Cl)(Cl)Cl)(c1ccc(Cl)cc1)c1c(Cl)cccc1Cl,ketal,0.1647,0.1496,0.0382,-0.259344,0.235565,0.00138402,0.01499413,34.32,train,train,validation,train,test,train,train,test
DFT0204,acetal1500_000204,CC(C)(C)COC(OCC(Cl)(Cl)Cl)(c1ccc(F)cc1)c1c(Cl)cccc1Cl,ketal,0.1643,0.1529,0.0419,-0.258772,0.233042,0.00073957,0.0145707,34.38,train,test,test,train,test,train,validation,train
DFT0205,acetal1500_000205,CC(C)(C)COC(OCC(Cl)(Cl)Cl)(c1ccc(O)cc1)c1c(Cl)cccc1Cl,ketal,0.1628,0.1589,0.0406,-0.253135,0.216056,-0.00034522,0.01549193,35.92,train,train,test,validation,validation,train,train,validation
DFT0206,acetal1500_000206,CC(C)(C)COC(OCC(Cl)(Cl)Cl)(c1ccc([N+](=O)[O-])cc1)c1c(Cl)cccc1Cl,ketal,0.1649,0.1591,0.0241,-0.274788,0.244313,0.00538552,0.01674415,40.35,train,train,train,train,train,train,train,train
DFT0207,acetal1500_000207,CC(C)(C)COC(OCC(Cl)(Cl)Cl)(c1ccccc1)c1c(Cl)cccc1Cl,ketal,0.1638,0.1527,0.0395,-0.259282,0.233985,-0.00089774,0.01415854,36.45,train,validation,validation,validation,validation,train,train,test
DFT0208,acetal1500_000208,CC(C)(C)COC(C)(OCC(Cl)(Cl)Cl)c1ccc(Br)cc1,ketal,0.161,0.1536,0.0587,-0.284919,0.241463,0.0014984,0.01833305,42.62,test,validation,train,train,train,train,train,train
DFT0209,acetal1500_000209,CC(C)(C)COC(OCC(Cl)(Cl)Cl)c1ccc(Br)cc1,acetal,0.1325,0.1245,0.0886,-0.290324,0.24171,0.00221522,0.01828151,38.89,train,validation,train,train,validation,validation,train,train
DFT0210,acetal1500_000210,CC(C)(C)COC(C)(OCC(Cl)(Cl)Cl)c1ccc(C(=O)O)cc1,ketal,0.1628,0.1481,0.0755,-0.281528,0.249744,0.00196289,0.01900683,49.71,train,train,train,train,train,test,train,train
DFT0211,acetal1500_000211,CC(C)(C)COC(C)(OCC(Cl)(Cl)Cl)c1ccc(C(F)(F)F)cc1,ketal,0.1614,0.1488,0.0777,-0.283769,0.250802,0.00256954,0.01968159,51.7,validation,train,train,train,validation,validation,train,train
DFT0212,acetal1500_000212,CC(C)(C)COC(OCC(Cl)(Cl)Cl)(c1ccccc1)c1ccc(Cl)cc1,ketal,0.163,0.1542,0.0472,-0.262877,0.240074,0.00196429,0.01509599,44.03,validation,train,train,train,test,train,test,train
DFT0213,acetal1500_000213,CN(C)c1ccc(C(C)(OCC(C)(C)C)OCC(Cl)(Cl)Cl)cc1,ketal,0.158,0.153,0.0566,-0.260147,0.184179,-0.00147966,0.01589025,47.59,test,test,train,test,train,train,train,train
DFT0214,acetal1500_000214,CC(C)(C)COC(OCC(Cl)(Cl)Cl)(c1ccc(F)cc1)c1ccc([N+](=O)[O-])cc1,ketal,0.1649,0.1573,0.0718,-0.277144,0.241709,0.00720024,0.01995844,54.49,train,train,test,train,test,validation,train,validation
DFT0215,acetal1500_000215,CC(C)(C)COC(C)(OCC(Cl)(Cl)Cl)c1ccc2c(c1)CC(=O)N2O,ketal,0.16,0.1531,0.0474,-0.270399,0.205854,0.00389591,0.01829788,53.48,validation,train,train,validation,train,train,train,train
DFT0216,acetal1500_000216,COC(OCC(C)(C)C)(OCC(Cl)(Cl)Cl)c1ccc2c(c1)CC(=O)N2O,orthoester,0.2155,0.2086,0.0467,-0.271809,0.207242,0.00263379,0.01784278,47.91,train,train,train,train,test,test,validation,train
DFT0217,acetal1500_000217,CC(C)(C)COC(OCC(Cl)(Cl)Cl)c1ccc2c(c1)CC(=O)N2O,acetal,0.126,0.1207,0.0685,-0.268373,0.205664,0.00308648,0.02027886,52.01,test,train,test,train,train,train,train,train
DFT0218,acetal1500_000218,Cc1ccc(C(OCC(C)(C)C)(OCC(Cl)(Cl)Cl)c2ccc3c(c2)CC(=O)N3O)cc1,ketal,0.1606,0.1548,0.0433,-0.244734,0.204127,0.00283462,0.01369366,37.76,train,test,validation,train,train,train,train,test
DFT0219,acetal1500_000219,CC(C)(C)COC(OCC(Cl)(Cl)Cl)(c1ccc(Cl)cc1)c1ccc2c(c1)CC(=O)N2O,ketal,0.1626,0.1573,0.0459,-0.251381,0.207577,0.00507533,0.01719355,37.24,test,train,train,train,train,train,train,validation
DFT0220,acetal1500_000220,CCOC(C=Cc1ccccc1)(OCC(Cl)(Cl)Cl)OCC(Cl)(Cl)Cl,orthoester,0.2191,0.2018,0.0677,-0.28391,0.220541,0.00155759,0.01861954,51.94,train,train,validation,train,train,train,validation,validation
DFT0221,acetal1500_000221,Cc1ccc(C(C=Cc2ccccc2)(OCC(Cl)(Cl)Cl)OCC(Cl)(Cl)Cl)cc1,ketal,0.1626,0.1443,0.0636,-0.248115,0.220293,0.0010035,0.016948,50.47,train,train,validation,train,train,test,train,validation
DFT0222,acetal1500_000222,Fc1ccc(C(C=Cc2ccccc2)(OCC(Cl)(Cl)Cl)OCC(Cl)(Cl)Cl)cc1,ketal,0.164,0.1468,0.0661,-0.253835,0.218991,0.00238452,0.01848756,46.41,test,train,train,train,train,train,train,train
DFT0223,acetal1500_000223,O=[N+]([O-])c1ccc(C(C=Cc2ccccc2)(OCC(Cl)(Cl)Cl)OCC(Cl)(Cl)Cl)cc1,ketal,0.1655,0.1577,0.0915,-0.274954,0.218046,0.00758617,0.01910385,44.27,train,test,train,train,train,test,train,test
DFT0224,acetal1500_000224,ClC(Cl)(Cl)COC(C=Cc1ccccc1)(OCC(Cl)(Cl)Cl)c1ccccc1,ketal,0.163,0.1484,0.0578,-0.25751,0.219756,0.00127473,0.01758626,47.73,train,train,train,train,train,validation,test,train
DFT0225,acetal1500_000225,CC(CBr)(OCC(Cl)(Cl)Cl)OCC(Cl)(Cl)Cl,ketal,0.1627,0.1584,0.1353,-0.316834,0.273693,0.00340242,0.02592355,49.33,test,train,validation,train,train,test,train,train
DFT0226,acetal1500_000226,CCOC(CBr)(OCC(Cl)(Cl)Cl)OCC(Cl)(Cl)Cl,orthoester,0.2189,0.2141,0.1291,-0.317896,0.276124,0.00219786,0.02075095,47.88,train,test,train,validation,train,validation,train,train
DFT0227,acetal1500_000227,Cc1ccc(C(CBr)(OCC(Cl)(Cl)Cl)OCC(Cl)(Cl)Cl)cc1,ketal,0.1598,0.1541,0.0515,-0.287887,0.236895,0.00123759,0.02173396,49.67,train,train,train,train,train,train,train,train
DFT0228,acetal1500_000228,Fc1ccc(C(CBr)(OCC(Cl)(Cl)Cl)OCC(Cl)(Cl)Cl)cc1,ketal,0.1647,0.1598,0.0536,-0.29467,0.243589,0.00445316,0.01981099,39.13,train,train,train,train,train,train,train,validation
DFT0229,acetal1500_000229,Oc1ccc(C(CBr)(OCC(Cl)(Cl)Cl)OCC(Cl)(Cl)Cl)cc1,ketal,0.162,0.1574,0.0561,-0.282026,0.22205,0.0019547,0.02554046,53.88,train,train,train,train,train,train,train,train
DFT0230,acetal1500_000230,CC(C)(C)CC(OCC(Cl)(Cl)Cl)(OCC(Cl)(Cl)Cl)c1ccc(O)cc1,ketal,0.1688,0.1641,0.0582,-0.288816,0.21916,0.00215016,0.01943025,41.89,train,train,train,train,train,test,test,train
DFT0231,acetal1500_000231,CC(C)CC(OCC(Cl)(Cl)Cl)(OCC(Cl)(Cl)Cl)c1ccc(O)cc1,ketal,0.1697,0.1651,0.0659,-0.279091,0.218413,0.00196179,0.02111666,47.38,train,validation,train,test,validation,test,train,test
DFT0232,acetal1500_000232,CC(C)C(OCC(Cl)(Cl)Cl)(OCC(Cl)(Cl)Cl)C1CC1,ketal,0.1657,0.1613,0.1635,-0.312467,0.2648,0.00206237,0.02150935,55.44,train,train,train,train,train,train,validation,train
DFT0233,acetal1500_000233,CC(C)C(OCC(Cl)(Cl)Cl)(OCC(Cl)(Cl)Cl)c1ccccc1,ketal,0.165,0.1604,0.0463,-0.289493,0.242502,0.00164855,0.01947822,45.69,test,train,train,train,train,train,train,test
DFT0234,acetal1500_000234,COCCCC(OC)(OCC(Cl)(Cl)Cl)OCC(Cl)(Cl)Cl,orthoester,0.2228,0.2179,0.0131,-0.285309,0.251631,0.00145085,0.02258923,57.76,validation,train,train,test,train,train,train,train
DFT0235,acetal1500_000235,COCCCC(OCC(Cl)(Cl)Cl)(OCC(Cl)(Cl)Cl)c1ccc(Cl)cc1,ketal,0.1666,0.162,0.046,-0.256758,0.244291,0.00299458,0.02055447,46.9,train,train,train,validation,train,train,train,train
DFT0236,acetal1500_000236,COCCCC(OCC(Cl)(Cl)Cl)(OCC(Cl)(Cl)Cl)c1ccc(O)cc1,ketal,0.1667,0.1618,0.0577,-0.256651,0.218338,0.00270547,0.02341881,53.21,test,train,train,train,test,validation,train,test
DFT0237,acetal1500_000237,COCCCC(OCC(Cl)(Cl)Cl)(OCC(Cl)(Cl)Cl)c1ccc([N+](=O)[O-])cc1,ketal,0.1684,0.161,0.0193,-0.27378,0.251984,0.00601744,0.02325292,58.23,train,test,validation,test,train,test,test,train
DFT0238,acetal1500_000238,COCC(C)(OCC(Cl)(Cl)Cl)OCC(Cl)(Cl)Cl,ketal,0.1599,0.1547,0.0743,-0.298033,0.256668,0.00061598,0.02203074,59.61,train,test,train,train,train,train,train,train
DFT0239,acetal1500_000239,COCC(OCC(Cl)(Cl)Cl)(OCC(Cl)(Cl)Cl)c1ccc(Cl)cc1,ketal,0.1615,0.1561,0.0573,-0.275045,0.243677,0.00246057,0.02567722,55.12,validation,train,train,train,train,test,test,train
DFT0240,acetal1500_000240,CCC(OCC(Cl)(Cl)Cl)(OCC(Cl)(Cl)Cl)c1ccc(Cl)cc1,ketal,0.1663,0.1611,0.0522,-0.299812,0.245311,0.00410092,0.02022872,42.5,train,train,test,train,test,train,train,validation
DFT0241,acetal1500_000241,CCOCC(C)(OCC(Cl)(Cl)Cl)OCC(Cl)(Cl)Cl,ketal,0.1602,0.1547,0.0841,-0.293227,0.25495,0.00192299,0.02292306,61.4,train,train,train,test,train,train,train,train
DFT0242,acetal1500_000242,COc1cc(C(C)(OCC(Cl)(Cl)Cl)OCC(Cl)(Cl)Cl)cc(OC)c1OC,ketal,0.1663,0.1616,0.0486,-0.253204,0.215668,0.00064071,0.02318487,53.57,test,test,train,validation,train,train,train,train
DFT0243,acetal1500_000243,COc1cc(C(OC)(OCC(Cl)(Cl)Cl)OCC(Cl)(Cl)Cl)cc(OC)c1OC,orthoester,0.2219,0.217,0.046,-0.254707,0.217519,0.00078402,0.01873787,51.08,train,train,train,test,train,validation,validation,train
DFT0244,acetal1500_000244,CCOC(OCC(Cl)(Cl)Cl)(OCC(Cl)(Cl)Cl)c1cc(OC)c(OC)c(OC)c1,orthoester,0.2242,0.2198,0.05,-0.253224,0.216552,0.00072985,0.01974278,52.65,train,train,train,train,train,test,test,validation
DFT0245,acetal1500_000245,COc1cc(C(OCC(Cl)(Cl)Cl)(OCC(Cl)(Cl)Cl)c2ccc([N+](=O)[O-])cc2)cc(OC)c1OC,ketal,0.1708,0.1628,0.0597,-0.256664,0.217406,0.00713111,0.02207575,52.73,train,train,train,train,train,train,train,train
DFT0246,acetal1500_000246,COc1cc(C(OCC(Cl)(Cl)Cl)(OCC(Cl)(Cl)Cl)c2ccccc2)cc(OC)c1OC,ketal,0.1676,0.1629,0.0298,-0.254241,0.215112,0.00074393,0.01847664,52.79,train,train,train,train,train,test,train,train
DFT0247,acetal1500_000247,COc1cccc(C(OCC(Cl)(Cl)Cl)(OCC(Cl)(Cl)Cl)C2CC2)c1,ketal,0.1672,0.1624,0.032,-0.285922,0.215773,-0.00014065,0.01960742,51.17,test,train,train,test,train,test,test,test
DFT0248,acetal1500_000248,CCOC(OCC(Cl)(Cl)Cl)(OCC(Cl)(Cl)Cl)c1cccc(OC)c1,orthoester,0.2234,0.2183,0.0395,-0.291714,0.217422,-0.00036817,0.01654187,45.7,train,train,train,train,train,train,test,validation
DFT0249,acetal1500_000249,COc1cccc(C(OCC(Cl)(Cl)Cl)(OCC(Cl)(Cl)Cl)c2ccc(Cl)cc2)c1,ketal,0.1687,0.1637,0.0307,-0.256261,0.216383,0.00169193,0.01891277,44.89,train,test,validation,train,train,train,train,train
DFT0250,acetal1500_000250,COc1cccc(C(OCC(Cl)(Cl)Cl)(OCC(Cl)(Cl)Cl)c2ccc(O)cc2)c1,ketal,0.1666,0.1617,0.0361,-0.233523,0.21621,-0.00085572,0.02238041,55.29,validation,test,train,train,test,train,train,train
DFT0251,acetal1500_000251,COc1cccc(C(OCC(Cl)(Cl)Cl)(OCC(Cl)(Cl)Cl)c2ccccc2)c1,ketal,0.1676,0.1627,0.0334,-0.256376,0.217357,-0.00118619,0.01832337,54.91,train,train,train,train,test,train,test,train
DFT0252,acetal1500_000252,CC(OCC(Cl)(Cl)Cl)(OCC(Cl)(Cl)Cl)c1c(Cl)cccc1Cl,ketal,0.1686,0.1614,0.0264,-0.29095,0.242533,0.00144097,0.02230272,50.74,train,train,test,train,train,train,train,validation
DFT0253,acetal1500_000253,Clc1cccc(Cl)c1C(OCC(Cl)(Cl)Cl)(OCC(Cl)(Cl)Cl)C1CC1,ketal,0.1683,0.1622,0.0172,-0.288715,0.243864,0.00152955,0.0165238,40.36,train,validation,train,test,train,test,train,train
DFT0254,acetal1500_000254,COC(OCC(Cl)(Cl)Cl)(OCC(Cl)(Cl)Cl)c1c(Cl)cccc1Cl,orthoester,0.2256,0.219,0.0255,-0.294124,0.245181,0.00165751,0.01899808,42.25,test,train,test,train,train,train,train,validation
DFT0255,acetal1500_000255,Clc1ccc(C(OCC(Cl)(Cl)Cl)(OCC(Cl)(Cl)Cl)c2c(Cl)cccc2Cl)cc1,ketal,0.1691,0.157,0.0314,-0.261239,0.2389,0.00275946,0.01914033,42.51,train,train,train,train,train,train,train,train
DFT0256,acetal1500_000256,Oc1ccc(C(OCC(Cl)(Cl)Cl)(OCC(Cl)(Cl)Cl)c2c(Cl)cccc2Cl)cc1,ketal,0.1667,0.1625,0.0432,-0.254114,0.218752,0.00073567,0.01951909,42.41,train,train,validation,train,train,train,train,test
DFT0257,acetal1500_000257,O=[N+]([O-])c1ccc(C(OCC(Cl)(Cl)Cl)(OCC(Cl)(Cl)Cl)c2c(Cl)cccc2Cl)cc1,ketal,0.1704,0.1643,0.0239,-0.275094,0.246031,0.00611943,0.02196083,49.12,test,train,train,train,test,train,train,test
DFT0258,acetal1500_000258,CC(OCC(Cl)(Cl)Cl)(OCC(Cl)(Cl)Cl)c1ccc2c(c1)CC(=O)N2O,ketal,0.1644,0.1597,0.0544,-0.273062,0.207543,0.00391632,0.02397629,53.79,validation,train,train,validation,train,validation,train,train
DFT0259,acetal1500_000259,COc1ccc(C(OCC(Cl)(Cl)Cl)(OCC(Cl)(Cl)Cl)c2ccc3c(c2)CC(=O)N3O)cc1,ketal,0.1656,0.1608,0.0545,-0.229905,0.216,0.00387384,0.02250708,52.15,train,train,train,train,train,test,train,train
DFT0260,acetal1500_000260,COC(OCC(Cl)(Cl)Cl)(OCC(Cl)(Cl)Cl)c1ccc2c(c1)CC(=O)N2O,orthoester,0.2221,0.2169,0.0535,-0.274559,0.208773,0.00497026,0.02070826,46.11,test,train,train,test,validation,train,train,train
DFT0261,acetal1500_000261,FC(F)(F)COC(CBr)(OCC(Cl)(Cl)Cl)C1CC1,ketal,0.1616,0.1572,0.1283,-0.308661,0.271479,0.00348435,0.02151842,50.06,train,train,train,train,test,train,validation,train
DFT0262,acetal1500_000262,FC(F)(F)COC(CBr)(OCC(Cl)(Cl)Cl)c1ccccc1,ketal,0.1594,0.1515,0.0377,-0.283948,0.245791,0.00210826,0.02445476,53.08,test,validation,train,test,train,train,train,train
DFT0263,acetal1500_000263,COC(CC(C)(C)C)(OCC(F)(F)F)OCC(Cl)(Cl)Cl,orthoester,0.2248,0.2198,0.1568,-0.314611,0.273845,0.00345401,0.01722953,40.71,train,test,train,validation,validation,train,train,test
DFT0264,acetal1500_000264,COCC(C)(OCC(F)(F)F)OCC(Cl)(Cl)Cl,ketal,0.1571,0.1519,0.0609,-0.293239,0.258324,0.00039428,0.02213918,63.35,train,train,validation,train,validation,train,validation,train
DFT0265,acetal1500_000265,CCOCC(C)(OCC(F)(F)F)OCC(Cl)(Cl)Cl,ketal,0.1575,0.1524,0.082,-0.295444,0.256133,0.0018874,0.02077624,54.15,train,test,train,train,train,test,test,validation
DFT0266,acetal1500_000266,COc1cc(C(OCC(F)(F)F)(OCC(Cl)(Cl)Cl)C2CC2)cc(OC)c1OC,ketal,0.1661,0.1614,0.0433,-0.253025,0.215242,0.0021083,0.02080269,57.38,train,train,train,validation,train,train,train,test
DFT0267,acetal1500_000267,COc1ccc(C(OCC(F)(F)F)(OCC(Cl)(Cl)Cl)c2cc(OC)c(OC)c(OC)c2)cc1,ketal,0.1652,0.1606,0.0449,-0.235067,0.208098,0.00068704,0.01772727,45.18,train,test,train,validation,train,train,train,train
DFT0268,acetal1500_000268,COc1cc(C(OC)(OCC(F)(F)F)OCC(Cl)(Cl)Cl)cc(OC)c1OC,orthoester,0.2229,0.2181,0.0494,-0.25431,0.217325,0.00141676,0.01875854,51.05,train,validation,train,train,train,test,validation,train
DFT0269,acetal1500_000269,CCOC(OCC(F)(F)F)(OCC(Cl)(Cl)Cl)c1cc(OC)c(OC)c(OC)c1,orthoester,0.2202,0.215,0.0451,-0.254737,0.216915,0.00082545,0.01794304,48.86,test,train,train,test,train,train,train,train
DFT0270,acetal1500_000270,COc1cc(C(OCC(F)(F)F)(OCC(Cl)(Cl)Cl)c2ccc(C)cc2)cc(OC)c1OC,ketal,0.1651,0.1607,0.0418,-0.249057,0.212136,0.00067588,0.01653652,46.38,test,train,train,train,train,train,test,train
DFT0271,acetal1500_000271,COc1cc(C(OCC(F)(F)F)(OCC(Cl)(Cl)Cl)c2ccc([N+](=O)[O-])cc2)cc(OC)c1OC,ketal,0.1698,0.1617,0.0555,-0.271483,0.219611,0.00624334,0.0211807,52.44,train,train,train,train,train,train,train,train
DFT0272,acetal1500_000272,COc1cc(C(OCC(F)(F)F)(OCC(Cl)(Cl)Cl)c2ccccc2)cc(OC)c1OC,ketal,0.1665,0.1598,0.032,-0.253427,0.215463,0.00077044,0.01819487,49.48,train,train,train,train,test,train,train,test
DFT0273,acetal1500_000273,COc1ccc(C(OCC(F)(F)F)(OCC(Cl)(Cl)Cl)c2ccc3c(c2)CC(=O)N3O)cc1,ketal,0.1638,0.159,0.0472,-0.235297,0.207101,0.00410078,0.02201086,47.91,train,train,train,train,train,train,train,train
DFT0274,acetal1500_000274,CC(C)(C)OC(CBr)(OCC(Cl)(Cl)Cl)c1ccc(Cl)cc1,ketal,0.1643,0.1543,0.0512,-0.274005,0.239862,0.00302675,0.02156864,54.94,train,train,test,test,test,train,validation,train
DFT0275,acetal1500_000275,COCC(OCC(Cl)(Cl)Cl)(OC(C)(C)C)c1ccc(C)cc1,ketal,0.1572,0.1507,0.056,-0.268651,0.22949,-0.00114246,0.01322235,47.72,train,train,train,test,train,validation,validation,validation
DFT0276,acetal1500_000276,CC(C)(C)OC(C)(C)OCC(Cl)(Cl)Cl,ketal,0.16,0.1548,0.1607,-0.303468,0.261663,0.00056938,0.01658026,47.94,train,train,train,train,validation,test,train,test
DFT0277,acetal1500_000277,CCOCC(C)(OCC(Cl)(Cl)Cl)OC(C)(C)C,ketal,0.1583,0.1527,0.1457,-0.278579,0.249559,0.00148937,0.01452598,44.91,train,train,test,train,train,train,train,train
DFT0278,acetal1500_000278,CCOCC(OCC(Cl)(Cl)Cl)(OC(C)(C)C)C1CC1,ketal,0.1563,0.1514,0.117,-0.283034,0.246672,-0.00013153,0.01712158,43.75,train,train,train,train,train,train,validation,validation
DFT0279,acetal1500_000279,CCOCC(OCC(Cl)(Cl)Cl)OC(C)(C)C,acetal,0.1232,0.1165,0.0762,-0.286175,0.252932,-2.17E-06,0.01631664,46.21,train,train,train,train,train,train,train,test
DFT0280,acetal1500_000280,CCOCC(OCC(Cl)(Cl)Cl)(OC(C)(C)C)c1ccccc1,ketal,0.1587,0.1542,0.059,-0.270501,0.238173,-0.00063173,0.01489808,44.95,train,train,train,train,train,train,test,train
DFT0281,acetal1500_000281,CCOC(OCC(Cl)(Cl)Cl)(OC(C)(C)C)c1cc(OC)c(OC)c(OC)c1,orthoester,0.219,0.2139,0.0306,-0.25306,0.21451,-0.00059734,0.01536894,49.24,train,train,test,train,train,train,test,train
DFT0282,acetal1500_000282,COc1cc(C(OCC(Cl)(Cl)Cl)(OC(C)(C)C)c2ccc(C)cc2)cc(OC)c1OC,ketal,0.1659,0.1609,0.0299,-0.247125,0.21138,-0.00067817,0.01341762,39.48,train,train,train,test,train,train,train,train
DFT0283,acetal1500_000283,COc1cccc(C(OCC(Cl)(Cl)Cl)(OC(C)(C)C)C2CC2)c1,ketal,0.1663,0.1615,0.0381,-0.265911,0.213023,0.00079129,0.01741635,47.27,train,train,train,train,train,train,test,train
DFT0284,acetal1500_000284,CCOC(OCC(Cl)(Cl)Cl)(OC(C)(C)C)c1cccc(OC)c1,orthoester,0.2223,0.217,0.0359,-0.274292,0.214306,-0.00180361,0.01335267,45.21,train,test,test,validation,test,test,train,train
DFT0285,acetal1500_000285,COc1cccc(C(OCC(Cl)(Cl)Cl)(OC(C)(C)C)c2ccc(O)cc2)c1,ketal,0.1649,0.1599,0.034,-0.231232,0.213335,-0.00202724,0.01854142,44.05,test,train,train,test,train,train,train,train
DFT0286,acetal1500_000286,CC(C)OC(C=Cc1ccccc1)OCC(Cl)(Cl)Cl,acetal,0.1278,0.1104,0.1065,-0.276791,0.215397,6.599e-05,0.0176224,49.86,validation,train,train,validation,test,train,test,train
DFT0287,acetal1500_000287,CC(C)OC(C=Cc1ccccc1)(OCC(Cl)(Cl)Cl)c1ccc(F)cc1,ketal,0.1569,0.1385,0.0589,-0.251912,0.21555,0.00102078,0.01708026,49.38,train,test,test,train,test,train,test,train
DFT0288,acetal1500_000288,CC(C)OC(C)(CBr)OCC(Cl)(Cl)Cl,ketal,0.1557,0.1506,0.1168,-0.309368,0.264369,0.00308207,0.01642003,43.44,train,train,train,train,train,train,test,train
DFT0289,acetal1500_000289,CC(C)OC(CBr)OCC(Cl)(Cl)Cl,acetal,0.1258,0.1192,0.1678,-0.311912,0.266094,0.00320346,0.02065099,45.9,test,train,test,train,train,test,train,train
DFT0290,acetal1500_000290,COc1cc(C(OCC(Cl)(Cl)Cl)(OC(C)C)c2ccc(C)cc2)cc(OC)c1OC,ketal,0.1618,0.1571,0.0404,-0.246198,0.211165,-0.00106647,0.01298898,40.25,train,validation,test,train,train,train,train,train
DFT0291,acetal1500_000291,C=CCCCOC(CBr)OCC(Cl)(Cl)Cl,acetal,0.1271,0.1206,0.0295,-0.281073,0.241498,0.00279836,0.02063765,47.21,validation,train,train,validation,train,train,validation,train
DFT0292,acetal1500_000292,C=CCCCOC(CBr)(OCC(Cl)(Cl)Cl)c1ccc(F)cc1,ketal,0.1559,0.1494,0.0133,-0.249722,0.243216,0.00221059,0.01788534,38.97,test,train,test,test,train,train,test,train
DFT0293,acetal1500_000293,C=CCCCOC(CO)OCC(Cl)(Cl)Cl,acetal,0.1252,0.1186,0.011,-0.267366,0.24486,0.00264848,0.02148866,54.25,train,train,train,train,train,train,test,train
DFT0294,acetal1500_000294,C=CCCCOC(CO)(OCC(Cl)(Cl)Cl)c1ccc(F)cc1,ketal,0.1538,0.149,0.0623,-0.252738,0.239465,-0.00024142,0.02009868,47.75,train,train,train,train,test,train,train,train
DFT0295,acetal1500_000295,C=CCCCOC(COc1ccccc1)OCC(Cl)(Cl)Cl,acetal,0.1304,0.1236,0.0356,-0.251341,0.214587,-0.00226309,0.02233647,54.14,train,test,train,train,train,train,train,train
DFT0296,acetal1500_000296,CC(C=Cc1ccccc1)(OCCCCCCO)OCC(Cl)(Cl)Cl,ketal,0.1564,0.1383,0.071,-0.265523,0.215559,0.00019721,0.01928325,54.2,train,train,train,train,train,test,train,train
DFT0297,acetal1500_000297,C=C(C)C(=O)OCCCOC(COCC)(OCC(Cl)(Cl)Cl)c1ccc([N+](=O)[O-])cc1,ketal,0.1579,0.1502,0.0584,-0.268411,0.253404,0.00663341,0.02107021,57.34,train,train,train,test,train,train,train,train
DFT0298,acetal1500_000298,COc1ccc(C(C=Cc2ccccc2)(OCCNC(=O)C(F)(F)F)OCC(Cl)(Cl)Cl)cc1,ketal,0.1578,0.1405,0.0574,-0.232468,0.215068,0.00212328,0.02005439,53.24,train,train,train,train,train,train,test,train
DFT0299,acetal1500_000299,Cc1ccc(C(C=Cc2ccccc2)(OCCNC(=O)C(F)(F)F)OCC(Cl)(Cl)Cl)cc1,ketal,0.159,0.1453,0.057,-0.246956,0.217743,0.00167656,0.02106152,56.38,train,train,train,train,train,train,train,train
DFT0300,acetal1500_000300,O=C(NCCOC(C=Cc1ccccc1)(OCC(Cl)(Cl)Cl)c1ccc(Cl)cc1)C(F)(F)F,ketal,0.1615,0.145,0.054,-0.254102,0.217685,0.00551753,0.02256813,51.39,train,train,train,train,train,validation,train,test
DFT0301,acetal1500_000301,Cc1ccc(C(CBr)(OCCNC(=O)C(F)(F)F)OCC(Cl)(Cl)Cl)cc1,ketal,0.1599,0.1548,0.0591,-0.271487,0.235274,0.0035769,0.0235212,55.02,train,train,validation,train,train,train,train,train
DFT0302,acetal1500_000302,O=C(NCCOC(CBr)(OCC(Cl)(Cl)Cl)c1ccc(Cl)cc1)C(F)(F)F,ketal,0.1575,0.1476,0.0504,-0.277709,0.245021,0.00699913,0.02956252,53.65,train,train,train,test,train,train,test,train
DFT0303,acetal1500_000303,COc1ccc(C(CC(C)(C)C)(OCCNC(=O)C(F)(F)F)OCC(Cl)(Cl)Cl)cc1,ketal,0.1639,0.1588,0.0529,-0.274282,0.215268,0.00236379,0.02532091,56.9,train,validation,train,train,validation,validation,train,train
DFT0304,acetal1500_000304,Cc1ccc(C(CC(C)(C)C)(OCCNC(=O)C(F)(F)F)OCC(Cl)(Cl)Cl)cc1,ketal,0.1632,0.1585,0.0612,-0.27446,0.229511,0.00152119,0.01962763,40.06,train,test,train,test,train,train,train,test
DFT0305,acetal1500_000305,CC(C)CC(OCCNC(=O)C(F)(F)F)(OCC(Cl)(Cl)Cl)C1CC1,ketal,0.1632,0.1585,0.1762,-0.285486,0.249758,0.00334762,0.02606122,53.11,train,train,validation,train,train,train,train,train
DFT0306,acetal1500_000306,CC(C)CC(OCCNC(=O)C(F)(F)F)(OCC(Cl)(Cl)Cl)c1ccc(Cl)cc1,ketal,0.1664,0.1581,0.0545,-0.270161,0.242429,0.00412953,0.02426553,45.41,train,validation,train,train,train,test,train,train
DFT0307,acetal1500_000307,CC(C)CC(OCCNC(=O)C(F)(F)F)(OCC(Cl)(Cl)Cl)c1ccccc1,ketal,0.1627,0.158,0.0652,-0.27338,0.239094,0.00180714,0.021392,49.66,train,train,test,test,validation,train,train,train
DFT0308,acetal1500_000308,CC(C)(C)C(OCCNC(=O)C(F)(F)F)(OCC(Cl)(Cl)Cl)C1CC1,ketal,0.1673,0.1626,0.1396,-0.284207,0.250866,0.00238941,0.02133543,54.15,validation,train,train,train,train,train,train,test
DFT0309,acetal1500_000309,CC(C)(C)C(OCCNC(=O)C(F)(F)F)(OCC(Cl)(Cl)Cl)c1ccccc1,ketal,0.164,0.1599,0.0512,-0.273002,0.242367,0.00483334,0.02397631,50.06,test,test,test,test,test,test,train,train
DFT0310,acetal1500_000310,C=CC(=O)NCCOC(CCCC)OCC(Cl)(Cl)Cl,acetal,0.1317,0.1277,0.057,-0.280924,0.247983,-0.00015358,0.02501971,57.76,train,train,train,train,validation,train,train,train
DFT0311,acetal1500_000311,C=CC(=O)NCCOCCOC(C)(C=Cc1ccccc1)OCC(Cl)(Cl)Cl,ketal,0.1562,0.1395,0.0717,-0.253447,0.216808,0.00174178,0.02203663,60.19,train,train,test,test,train,train,validation,train
DFT0312,acetal1500_000312,C=CC(=O)NCCOCCOC(C=Cc1ccccc1)(OCC(Cl)(Cl)Cl)C1CC1,ketal,0.1585,0.1564,0.0367,-0.254842,0.230095,0.00200717,0.01930103,48.33,train,test,test,train,train,train,train,train
DFT0313,acetal1500_000313,C=CC(=O)NCCOCCOC(C=Cc1ccccc1)(OCC(Cl)(Cl)Cl)c1ccc(OC)cc1,ketal,0.1582,0.1423,0.0607,-0.233335,0.212156,0.00028549,0.02091485,50.57,train,train,train,train,train,test,train,train
DFT0314,acetal1500_000314,C=CC(=O)NCCOCCOC(C=Cc1ccccc1)(OC)OCC(Cl)(Cl)Cl,orthoester,0.2162,0.2014,0.0719,-0.255399,0.21585,8.768e-05,0.02142802,57.68,train,train,train,test,test,validation,test,validation
DFT0315,acetal1500_000315,C=CC(=O)NCCOCCOC(C=Cc1ccccc1)(OCC)OCC(Cl)(Cl)Cl,orthoester,0.2137,0.1941,0.0656,-0.254611,0.218992,-0.00062404,0.02054052,55.78,train,train,validation,train,train,train,test,test
DFT0316,acetal1500_000316,C=CC(=O)NCCOCCOC(C=Cc1ccccc1)(OCC(Cl)(Cl)Cl)c1ccc(C)cc1,ketal,0.158,0.1414,0.0581,-0.24572,0.217981,-0.00187573,0.01845921,51.83,train,train,validation,validation,train,validation,train,train
DFT0317,acetal1500_000317,C=CC(=O)NCCOCCOC(CBr)(OCC(Cl)(Cl)Cl)C1CC1,ketal,0.1569,0.1551,0.0378,-0.265148,0.242107,0.00260815,0.02592249,60.54,train,test,train,test,test,test,train,train
DFT0318,acetal1500_000318,C=CC(=O)NCCOCCOC(CBr)(OCC(Cl)(Cl)Cl)c1ccc(OC)cc1,ketal,0.158,0.1555,0.05,-0.254052,0.216129,-0.00035252,0.02261072,56.09,train,train,train,train,train,train,train,train
DFT0319,acetal1500_000319,C=CC(=O)NCCOCCOC(CBr)(OCC)OCC(Cl)(Cl)Cl,orthoester,0.2125,0.2084,0.0054,-0.272224,0.249297,0.00161154,0.02578663,57.28,test,train,train,train,validation,train,test,train
DFT0320,acetal1500_000320,C=CC(=O)NCCOCCOC(CBr)(OCC(Cl)(Cl)Cl)c1ccccc1,ketal,0.1584,0.1583,0.0069,-0.249939,0.238141,0.00141118,0.0243132,55.78,test,train,train,test,train,validation,validation,train
DFT0321,acetal1500_000321,C=CC(=O)NCCOCCOC(CC(C)(C)C)(OCC(Cl)(Cl)Cl)c1ccc(OC)cc1,ketal,0.1619,0.1599,0.0544,-0.244651,0.212985,0.00290579,0.02057529,49.08,train,train,train,train,train,train,train,validation
DFT0322,acetal1500_000322,C=CC(=O)NCCOCCOC(CC(C)(C)C)(OC)OCC(Cl)(Cl)Cl,orthoester,0.2184,0.2182,0.013,-0.274829,0.238022,0.00346271,0.01896354,51.05,train,train,validation,train,train,test,train,train
DFT0323,acetal1500_000323,C=CC(=O)NCCOCCOC(CC(C)C)(OCC(Cl)(Cl)Cl)C1CC1,ketal,0.1627,0.1626,0.0042,-0.263529,0.246624,0.00367061,0.02210391,56.32,test,validation,train,train,test,train,train,train
DFT0324,acetal1500_000324,C=CC(=O)NCCOCCOC(CC(C)C)(OC)OCC(Cl)(Cl)Cl,orthoester,0.2208,0.2207,0.0079,-0.275914,0.237681,-0.0002216,0.02018155,49.01,train,train,train,train,train,validation,train,train
DFT0325,acetal1500_000325,C=CC(=O)NCCOCCOC(OCC(Cl)(Cl)Cl)(C1CC1)C(C)(C)C,ketal,0.1672,0.1671,0.0053,-0.262389,0.247918,0.00261132,0.01889736,43.83,validation,train,train,train,train,train,train,train
DFT0326,acetal1500_000326,CC(C=Cc1ccccc1)(OCc1ccccc1)OCC(Cl)(Cl)Cl,ketal,0.155,0.138,0.0695,-0.246995,0.216721,-0.00136301,0.01906407,59.36,train,train,train,train,train,test,train,train
DFT0327,acetal1500_000327,ClC(Cl)(Cl)COC(C=Cc1ccccc1)OCc1ccccc1,acetal,0.1243,0.1046,0.0946,-0.247717,0.217426,0.00067528,0.01732938,50.18,train,train,validation,train,test,train,train,train
DFT0328,acetal1500_000328,Clc1ccc(C(C=Cc2ccccc2)(OCc2ccccc2)OCC(Cl)(Cl)Cl)cc1,ketal,0.1594,0.1475,0.0512,-0.250357,0.220999,0.00086587,0.01604546,46.59,validation,train,train,train,train,train,train,train
DFT0329,acetal1500_000329,Fc1ccc(C(C=Cc2ccccc2)(OCc2ccccc2)OCC(Cl)(Cl)Cl)cc1,ketal,0.1571,0.1419,0.0555,-0.247423,0.218163,0.00073673,0.01730058,52.28,test,train,train,train,train,test,train,train
DFT0330,acetal1500_000330,ClC(Cl)(Cl)COC(C=Cc1ccccc1)(OCc1ccccc1)c1ccccc1,ketal,0.157,0.1419,0.0553,-0.248536,0.217874,-0.00094824,0.01587412,51.51,train,train,train,test,train,train,validation,test
DFT0331,acetal1500_000331,Clc1ccc(C(CBr)(OCc2ccccc2)OCC(Cl)(Cl)Cl)cc1,ketal,0.1553,0.1449,0.0266,-0.254341,0.239711,0.0015579,0.02288561,56.06,train,train,train,test,train,test,train,train
DFT0332,acetal1500_000332,CC(C)(C)CC(C)(OCc1ccccc1)OCC(Cl)(Cl)Cl,ketal,0.1625,0.1578,0.0543,-0.265477,0.23702,0.00101942,0.01753259,51.67,train,train,test,train,train,train,train,train
DFT0333,acetal1500_000333,CC(C)(C)CC(OCc1ccccc1)OCC(Cl)(Cl)Cl,acetal,0.1307,0.1246,0.0356,-0.280425,0.237505,0.00147058,0.017774,43.98,train,train,train,train,train,train,train,train
DFT0334,acetal1500_000334,CC(C)(C)CC(OCc1ccccc1)(OCC(Cl)(Cl)Cl)c1ccc(F)cc1,ketal,0.1637,0.1583,0.0424,-0.250884,0.237862,0.0016519,0.01589319,46.58,train,train,train,train,test,train,train,train
DFT0335,acetal1500_000335,CC(C)(C)CC(OCc1ccccc1)(OCC(Cl)(Cl)Cl)c1ccccc1,ketal,0.1617,0.1572,0.0578,-0.254426,0.237836,0.0004652,0.01515449,40.02,test,train,train,train,test,train,train,train
DFT0336,acetal1500_000336,CC(C)CC(OCc1ccccc1)(OCC(Cl)(Cl)Cl)C1CC1,ketal,0.1618,0.1568,0.0457,-0.270072,0.235357,0.00067375,0.01681226,50.5,test,train,validation,train,train,validation,train,train
DFT0337,acetal1500_000337,CC(C)CC(OCc1ccccc1)OCC(Cl)(Cl)Cl,acetal,0.1296,0.123,0.0431,-0.274717,0.239119,0.00122397,0.01689228,46.17,train,train,validation,train,train,train,train,validation
DFT0338,acetal1500_000338,CC(C)CC(OCc1ccccc1)(OCC(Cl)(Cl)Cl)c1ccccc1,ketal,0.161,0.1557,0.0247,-0.249763,0.234972,0.00030667,0.01673143,47.31,train,validation,train,validation,validation,train,train,validation
DFT0339,acetal1500_000339,COC(C)(C=Cc1ccccc1)OCC(Cl)(Cl)Cl,ketal,0.1556,0.1441,0.0712,-0.280131,0.214776,7.189e-05,0.01501665,46.41,train,train,train,test,train,train,train,train
DFT0340,acetal1500_000340,COC(C=Cc1ccccc1)(OCC(Cl)(Cl)Cl)C1CC1,ketal,0.1553,0.1401,0.061,-0.278321,0.21728,0.00091442,0.0174365,51.12,test,train,test,train,train,test,train,train
DFT0341,acetal1500_000341,COC(C=Cc1ccccc1)(OCC(Cl)(Cl)Cl)c1ccccc1,ketal,0.1577,0.1399,0.0595,-0.25943,0.212009,-0.00093952,0.01405068,46.7,train,train,test,test,train,train,validation,validation
DFT0342,acetal1500_000342,COC(CC(C)(C)C)(OCC(Cl)(Cl)Cl)C1CC1,ketal,0.1621,0.1576,0.1617,-0.304417,0.258849,0.00202814,0.01272161,34.87,train,train,train,train,test,train,test,validation
DFT0343,acetal1500_000343,COC(C)(CC(C)C)OCC(Cl)(Cl)Cl,ketal,0.1606,0.1559,0.2049,-0.3104,0.249617,0.00065049,0.01751085,49.16,test,train,train,validation,test,test,train,train
DFT0344,acetal1500_000344,O=C(O)C1CCCCC1OC(C=Cc1ccccc1)(OCC(Cl)(Cl)Cl)C1CC1,ketal,0.1587,0.1431,0.065,-0.269584,0.214329,-0.00014368,0.01594725,49.52,validation,train,train,train,train,test,train,train
DFT0345,acetal1500_000345,Cc1ccc(C(C=Cc2ccccc2)(OCC(Cl)(Cl)Cl)OC2CCCCC2C(=O)O)cc1,ketal,0.1592,0.1441,0.0538,-0.245818,0.216624,-0.00082169,0.01486035,44.75,train,test,train,train,train,train,train,train
DFT0346,acetal1500_000346,O=C(O)C1CCCCC1OC(C=Cc1ccccc1)(OCC(Cl)(Cl)Cl)c1ccc(O)cc1,ketal,0.1596,0.1418,0.0604,-0.236108,0.209697,-0.00223826,0.01949859,53.49,train,train,validation,train,train,train,train,train
DFT0347,acetal1500_000347,O=C(O)C1CCCCC1OC(C=Cc1ccccc1)(OCC(Cl)(Cl)Cl)c1ccc([N+](=O)[O-])cc1,ketal,0.1638,0.1555,0.08,-0.269469,0.218194,0.00560789,0.0199561,52.89,validation,test,test,train,train,train,train,train
DFT0348,acetal1500_000348,O=C(O)C1CCCCC1OC(CBr)(OCC(Cl)(Cl)Cl)C1CC1,ketal,0.1595,0.1546,0.1036,-0.286052,0.25642,0.00015373,0.01960755,53.92,validation,train,validation,train,train,train,train,train
DFT0349,acetal1500_000349,O=C(O)C1CCCCC1OC(CBr)(OCC(Cl)(Cl)Cl)c1ccccc1,ketal,0.1601,0.1549,0.0476,-0.274293,0.244061,-0.00051317,0.01896401,46.34,validation,train,test,train,train,test,train,train
DFT0350,acetal1500_000350,COc1ccc(C(CC(C)(C)C)(OCC(Cl)(Cl)Cl)OC2CCCCC2C(=O)O)cc1,ketal,0.1698,0.1646,0.0543,-0.265165,0.214176,0.00083471,0.01567245,40.33,train,train,test,train,train,test,train,train
DFT0351,acetal1500_000351,CCOC(CC(C)(C)C)(OCC(Cl)(Cl)Cl)OC1CCCCC1C(=O)O,orthoester,0.22,0.2155,0.113,-0.292005,0.258671,0.00136429,0.01467484,37.52,train,validation,train,train,train,test,train,train
DFT0352,acetal1500_000352,CC(C)(C)CC(OCC(Cl)(Cl)Cl)(OC1CCCCC1C(=O)O)c1ccc(Cl)cc1,ketal,0.1661,0.161,0.0539,-0.273081,0.240111,0.00323044,0.01610624,37.59,train,train,test,train,train,test,test,train
DFT0353,acetal1500_000353,CC(C)(C)CC(OCC(Cl)(Cl)Cl)(OC1CCCCC1C(=O)O)c1ccc(O)cc1,ketal,0.1649,0.1601,0.056,-0.273934,0.216668,0.0005332,0.01652166,35.54,train,validation,train,test,train,train,validation,train
DFT0354,acetal1500_000354,CC(C)(C)CC(OCC(Cl)(Cl)Cl)(OC1CCCCC1C(=O)O)c1ccccc1,ketal,0.1647,0.16,0.0545,-0.274241,0.239547,0.00080163,0.01440376,37.26,train,test,train,train,train,train,train,validation
DFT0355,acetal1500_000355,CC(C)CC(OCC(Cl)(Cl)Cl)(OC1CCCCC1C(=O)O)C1CC1,ketal,0.1628,0.1581,0.0986,-0.288033,0.259724,0.00136273,0.0141963,38.68,test,train,test,train,train,train,test,train
DFT0356,acetal1500_000356,COc1ccc(C(CC(C)C)(OCC(Cl)(Cl)Cl)OC2CCCCC2C(=O)O)cc1,ketal,0.161,0.1554,0.0529,-0.264516,0.215171,0.00124479,0.01824125,49.1,train,validation,train,train,train,train,train,train
DFT0357,acetal1500_000357,Cc1ccc(C(CC(C)C)(OCC(Cl)(Cl)Cl)OC2CCCCC2C(=O)O)cc1,ketal,0.1612,0.1567,0.0566,-0.274597,0.231821,0.00121864,0.01614057,40.85,train,train,train,train,train,train,train,train
DFT0358,acetal1500_000358,COc1ccc(C(OCC(Cl)(Cl)Cl)(OC2CCCCC2C(=O)O)C(C)C)cc1,ketal,0.165,0.1601,0.0479,-0.270669,0.213661,-0.00036445,0.01577633,44.4,validation,train,train,train,validation,train,train,train
DFT0359,acetal1500_000359,CCC(OCC(Cl)(Cl)Cl)OC1CCCCC1C(=O)O,acetal,0.1299,0.1235,0.1064,-0.295432,0.256653,0.00034386,0.02152299,63.39,train,train,train,train,train,train,train,train
DFT0360,acetal1500_000360,COC(=O)C1CCCCC1OC(C)(C=Cc1ccccc1)OCC(Cl)(Cl)Cl,ketal,0.1568,0.141,0.0683,-0.273187,0.217117,-0.00229474,0.01685746,52.72,validation,train,train,train,train,validation,train,train
DFT0361,acetal1500_000361,COC(=O)C1CCCCC1OC(C=Cc1ccccc1)(OCC(Cl)(Cl)Cl)c1ccc(Cl)cc1,ketal,0.1609,0.144,0.0605,-0.254059,0.218773,0.00187621,0.01641002,42.78,train,train,train,train,train,validation,train,train
DFT0362,acetal1500_000362,COC(=O)C1CCCCC1OC(C)(CBr)OCC(Cl)(Cl)Cl,ketal,0.159,0.1534,0.1362,-0.291494,0.255452,0.00050594,0.01832839,44.35,train,train,train,validation,validation,train,test,validation
DFT0363,acetal1500_000363,COC(=O)C1CCCCC1OC(CBr)(OCC(Cl)(Cl)Cl)c1ccc(Cl)cc1,ketal,0.1583,0.1495,0.0522,-0.276517,0.242651,0.00182604,0.02208006,46.48,test,train,test,train,train,validation,train,train
DFT0364,acetal1500_000364,CCOC(=O)C1CCCCC1OC(C=Cc1ccccc1)(OCC(Cl)(Cl)Cl)c1ccc(Cl)cc1,ketal,0.1598,0.1446,0.0619,-0.254074,0.216208,0.00079029,0.01411343,41.72,test,train,train,train,train,train,train,train
DFT0365,acetal1500_000365,CCOC(=O)C1CCCCC1OC(CBr)(OCC(Cl)(Cl)Cl)c1ccc(Cl)cc1,ketal,0.1619,0.1566,0.048,-0.278274,0.24404,0.00211543,0.01626464,38.25,validation,train,train,validation,train,test,train,train
DFT0366,acetal1500_000366,CCOC(=O)C1CCCCC1OC(CC(C)(C)C)(OCC(Cl)(Cl)Cl)c1ccccc1,ketal,0.1674,0.1629,0.0557,-0.276385,0.234888,-0.0006442,0.01242619,37.98,test,validation,train,train,train,validation,validation,train
DFT0367,acetal1500_000367,CCOC(=O)C1CCCCC1OC(CC)(OCC(Cl)(Cl)Cl)c1ccc(C)cc1,ketal,0.1633,0.1587,0.058,-0.276334,0.226571,-0.00177394,0.01153784,37.9,test,train,train,train,train,train,train,train
DFT0368,acetal1500_000368,C=CCC(=O)OCCOC(C=Cc1ccccc1)(OCC(Cl)(Cl)Cl)C1CC1,ketal,0.1576,0.1427,0.0606,-0.260621,0.21675,2.469e-05,0.01482274,44.39,validation,validation,train,train,train,train,test,train
DFT0369,acetal1500_000369,C=CCC(=O)OCCOC(C=Cc1ccccc1)OCC(Cl)(Cl)Cl,acetal,0.131,0.1102,0.1136,-0.260662,0.216475,0.00190252,0.02100508,58.31,validation,train,test,train,train,train,train,train
DFT0370,acetal1500_000370,C=CCC(=O)OCCOC(C=Cc1ccccc1)(OCC(Cl)(Cl)Cl)c1ccc(F)cc1,ketal,0.1579,0.1395,0.0566,-0.251901,0.219483,0.00118288,0.01812232,51.16,train,test,train,train,train,train,train,train
DFT0371,acetal1500_000371,C=CCC(=O)OCCOC(CC(C)(C)C)(OCC(Cl)(Cl)Cl)C1CC1,ketal,0.1631,0.1584,0.1634,-0.261641,0.251974,0.00246451,0.0193164,55.69,train,train,train,train,train,train,train,test
DFT0372,acetal1500_000372,C=CCC(=O)OCCOC(CC(C)(C)C)(OCC)OCC(Cl)(Cl)Cl,orthoester,0.2199,0.2155,0.0079,-0.27525,0.251858,0.0008362,0.01702004,45.3,train,test,train,train,train,train,train,train
DFT0373,acetal1500_000373,C=CCC(=O)OCCOC(CC(C)(C)C)OCC(Cl)(Cl)Cl,acetal,0.1335,0.1272,0.0136,-0.265687,0.254972,0.00219641,0.0180842,51.45,train,test,train,test,train,train,train,train
DFT0374,acetal1500_000374,C=CCC(=O)OCCOC(CC(C)(C)C)(OCC(Cl)(Cl)Cl)c1ccc(F)cc1,ketal,0.1636,0.159,0.0672,-0.260873,0.236922,0.00116822,0.01633502,39.88,train,test,train,train,train,test,train,train
DFT0375,acetal1500_000375,C=CCC(=O)OCCOC(CC(C)C)(OCC(Cl)(Cl)Cl)C1CC1,ketal,0.1664,0.1613,0.2058,-0.261667,0.24581,0.0013449,0.01770001,46.27,train,train,validation,train,validation,train,train,train
DFT0376,acetal1500_000376,COc1ccc(OC(C=Cc2ccccc2)(OCC(Cl)(Cl)Cl)C2CC2)cc1,ketal,0.1597,0.1432,0.0631,-0.22984,0.208758,-0.00058517,0.0193415,59.4,test,validation,train,train,train,train,test,train
DFT0377,acetal1500_000377,COc1ccc(OC(C=Cc2ccccc2)(OCC(Cl)(Cl)Cl)c2ccc(C)cc2)cc1,ketal,0.161,0.1408,0.0595,-0.230473,0.209584,-0.00176918,0.0172817,55.5,train,train,train,test,train,train,train,train
DFT0378,acetal1500_000378,COc1ccc(OC(C=Cc2ccccc2)(OCC(Cl)(Cl)Cl)c2ccccc2)cc1,ketal,0.1642,0.149,0.0461,-0.225781,0.20366,-0.00148231,0.01461983,47.54,train,train,validation,test,train,validation,validation,train
DFT0379,acetal1500_000379,COc1ccc(OC(CBr)(OCC(Cl)(Cl)Cl)c2ccc(C)cc2)cc1,ketal,0.1621,0.158,0.054,-0.244608,0.210127,-0.00031377,0.01788134,51.7,test,train,train,test,train,test,train,train
DFT0380,acetal1500_000380,COc1ccc(OC(CC(C)C)(OCC(Cl)(Cl)Cl)C2CC2)cc1,ketal,0.1709,0.1659,0.0577,-0.268244,0.208274,0.00109442,0.01630621,45.3,train,train,train,train,train,train,train,train
DFT0381,acetal1500_000381,COc1ccc(OC(OCC(Cl)(Cl)Cl)(C2CC2)C(C)(C)C)cc1,ketal,0.1684,0.1641,0.0541,-0.273,0.207198,0.00047597,0.01401779,43.84,train,train,train,train,train,train,train,validation
DFT0382,acetal1500_000382,COCCCC(OCC(Cl)(Cl)Cl)(Oc1ccc(OC)cc1)C1CC1,ketal,0.1646,0.16,0.061,-0.252709,0.207203,0.00066244,0.01879185,57.66,train,train,train,train,train,train,train,train
DFT0383,acetal1500_000383,COCCCC(OCC(Cl)(Cl)Cl)(Oc1ccc(OC)cc1)c1ccc(OC)cc1,ketal,0.1655,0.1604,0.0561,-0.22479,0.208953,-0.0012087,0.01883123,59.72,test,validation,train,train,test,validation,train,test
DFT0384,acetal1500_000384,COC(C=Cc1ccccc1)(OCC(Cl)(Cl)Cl)Oc1ccccc1C(=O)O,orthoester,0.2223,0.2014,0.0722,-0.255943,0.2194,-0.00350825,0.01962722,59.63,train,train,train,validation,test,train,train,train
DFT0385,acetal1500_000385,CCOC(C=Cc1ccccc1)(OCC(Cl)(Cl)Cl)Oc1ccccc1C(=O)O,orthoester,0.2195,0.2083,0.0596,-0.257714,0.221135,-0.00154863,0.01758622,49.77,train,train,train,train,train,test,train,train
DFT0386,acetal1500_000386,COC(CBr)(OCC(Cl)(Cl)Cl)Oc1ccccc1C(=O)O,orthoester,0.2234,0.2189,0.0535,-0.286109,0.23514,-0.0012105,0.02169335,54.6,test,validation,train,test,test,validation,test,train
DFT0387,acetal1500_000387,CCOC(CBr)(OCC(Cl)(Cl)Cl)Oc1ccccc1C(=O)O,orthoester,0.221,0.2162,0.0545,-0.288272,0.236159,-0.00178656,0.01990866,55.44,train,train,test,train,train,train,train,train
DFT0388,acetal1500_000388,Cc1ccc(C(CBr)(OCC(Cl)(Cl)Cl)Oc2ccccc2C(=O)O)cc1,ketal,0.1664,0.163,0.0559,-0.25357,0.233757,0.00034656,0.02196389,56.95,validation,train,test,train,train,train,train,train
DFT0389,acetal1500_000389,CCOC(C=Cc1ccccc1)(OCC(Cl)(Cl)Cl)Oc1cc(Cl)cc(Cl)c1,orthoester,0.2224,0.2049,0.0711,-0.256149,0.221534,0.00261279,0.01585372,37.21,train,train,train,train,train,train,train,validation
DFT0390,acetal1500_000390,Cc1ccc(C(C=Cc2ccccc2)(OCC(Cl)(Cl)Cl)Oc2cc(Cl)cc(Cl)c2)cc1,ketal,0.1697,0.154,0.0506,-0.244866,0.219142,0.00179921,0.01587687,40.35,train,train,train,train,test,train,validation,train
DFT0391,acetal1500_000391,Clc1ccc(C(C=Cc2ccccc2)(OCC(Cl)(Cl)Cl)Oc2cc(Cl)cc(Cl)c2)cc1,ketal,0.1697,0.1524,0.0579,-0.251087,0.215013,0.0038346,0.01721934,34.84,train,validation,train,test,train,train,train,train
DFT0392,acetal1500_000392,Oc1ccc(C(C=Cc2ccccc2)(OCC(Cl)(Cl)Cl)Oc2cc(Cl)cc(Cl)c2)cc1,ketal,0.1673,0.1523,0.0555,-0.240567,0.209776,0.00181385,0.01846453,40.24,train,validation,train,test,train,train,test,train
DFT0393,acetal1500_000393,Cc1ccc(C(CBr)(OCC(Cl)(Cl)Cl)Oc2cc(Cl)cc(Cl)c2)cc1,ketal,0.1633,0.1539,0.0452,-0.258039,0.236504,0.002513,0.02022322,39.66,train,train,train,train,train,train,validation,test
DFT0394,acetal1500_000394,Clc1ccc(C(CBr)(OCC(Cl)(Cl)Cl)Oc2cc(Cl)cc(Cl)c2)cc1,ketal,0.1677,0.1613,0.0387,-0.261738,0.238239,0.00582072,0.01870754,31.92,validation,train,train,test,train,train,train,train
DFT0395,acetal1500_000395,O=[N+]([O-])c1ccc(C(CBr)(OCC(Cl)(Cl)Cl)Oc2cc(Cl)cc(Cl)c2)cc1,ketal,0.1693,0.1627,0.0742,-0.274569,0.243488,0.00947231,0.02337609,47.1,train,train,train,train,validation,validation,test,test
DFT0396,acetal1500_000396,CC(C)(C)CC(OCC(Cl)(Cl)Cl)(Oc1cc(Cl)cc(Cl)c1)c1ccc(O)cc1,ketal,0.1746,0.169,0.0555,-0.247004,0.218146,0.00274747,0.01921069,44.32,train,test,test,train,train,test,validation,train
DFT0397,acetal1500_000397,CC(C)(C)CC(OCC(Cl)(Cl)Cl)(Oc1cc(Cl)cc(Cl)c1)c1ccc([N+](=O)[O-])cc1,ketal,0.1747,0.1684,0.0636,-0.277071,0.237013,0.00857644,0.02046233,47.99,train,validation,train,train,train,train,train,train
DFT0398,acetal1500_000398,COCCCC(OCC(Cl)(Cl)Cl)(Oc1cc(Cl)cc(Cl)c1)c1ccc(F)cc1,ketal,0.1736,0.1676,0.0515,-0.256251,0.238458,0.00430277,0.01844597,44.59,train,test,train,train,train,train,train,train
DFT0399,acetal1500_000399,CCC(OCC(Cl)(Cl)Cl)Oc1cc(Cl)cc(Cl)c1,acetal,0.1421,0.1357,0.0851,-0.285919,0.231596,0.00533529,0.01917036,37.18,train,test,train,test,train,train,test,train
DFT0400,acetal1500_000400,CCC(OCC(Cl)(Cl)Cl)(Oc1cc(Cl)cc(Cl)c1)c1ccc(F)cc1,ketal,0.1698,0.1632,0.059,-0.256205,0.232563,0.00394784,0.02103692,40.94,test,train,test,train,validation,train,train,train
DFT0401,acetal1500_000401,CC(OCC(Cl)(Cl)Cl)(Oc1ccc(Cl)cc1)c1ccc([N+](=O)[O-])cc1,ketal,0.1711,0.1637,0.0848,-0.274905,0.22988,0.00823276,0.02263831,53.57,validation,train,train,train,train,train,train,train
DFT0402,acetal1500_000402,Cc1cccc(OC(C=Cc2ccccc2)(OCC(Cl)(Cl)Cl)C2CC2)c1,ketal,0.1627,0.1488,0.0603,-0.242966,0.215754,-0.00149014,0.01511987,46.59,train,train,train,train,test,train,train,train
DFT0403,acetal1500_000403,CCOC(C=Cc1ccccc1)(OCC(Cl)(Cl)Cl)Oc1cccc(C)c1,orthoester,0.2206,0.2027,0.0624,-0.23814,0.216427,-0.00106652,0.01415536,46.17,train,train,validation,validation,train,train,train,train
DFT0404,acetal1500_000404,Cc1ccc(C(C=Cc2ccccc2)(OCC(Cl)(Cl)Cl)Oc2cccc(C)c2)cc1,ketal,0.166,0.1503,0.0499,-0.234065,0.213403,-0.00166011,0.0138051,45.68,train,train,train,train,train,train,test,validation
DFT0405,acetal1500_000405,Cc1cccc(OC(C=Cc2ccccc2)(OCC(Cl)(Cl)Cl)c2ccccc2)c1,ketal,0.1671,0.1539,0.0519,-0.235456,0.213538,-0.00185246,0.0147029,46.26,test,train,validation,train,train,train,test,train
DFT0406,acetal1500_000406,CCOC(CBr)(OCC(Cl)(Cl)Cl)Oc1cccc(C)c1,orthoester,0.2197,0.2161,0.0425,-0.281126,0.22848,0.00053191,0.01388648,42.79,train,validation,test,train,test,train,train,train
DFT0407,acetal1500_000407,COC(CC(C)(C)C)(OCC(Cl)(Cl)Cl)Oc1cccc(C)c1,orthoester,0.2237,0.2199,0.0501,-0.281436,0.230326,6.007e-05,0.01416823,40.63,train,train,test,train,train,train,train,train
DFT0408,acetal1500_000408,CCOC(CC(C)(C)C)(OCC(Cl)(Cl)Cl)Oc1cccc(C)c1,orthoester,0.2269,0.2226,0.0649,-0.279462,0.221136,0.00031905,0.01219673,37.02,validation,train,test,train,train,train,validation,train
DFT0409,acetal1500_000409,Cc1ccc(C(CC(C)(C)C)(OCC(Cl)(Cl)Cl)Oc2cccc(C)c2)cc1,ketal,0.1682,0.1638,0.0515,-0.248462,0.226876,-0.00070733,0.01363998,42.3,train,train,test,train,train,train,train,test
DFT0410,acetal1500_000410,Cc1cccc(OC(CC(C)C)(OCC(Cl)(Cl)Cl)C2CC2)c1,ketal,0.1666,0.1616,0.0567,-0.27954,0.227605,0.00141521,0.01490648,45.44,train,train,validation,train,test,train,validation,train
DFT0411,acetal1500_000411,Cc1cccc(OC(CC(C)C)(OCC(Cl)(Cl)Cl)c2ccccc2)c1,ketal,0.1694,0.1649,0.0493,-0.255479,0.216781,-0.00015551,0.01244952,35.59,train,train,test,train,train,train,test,train
DFT0412,acetal1500_000412,Cc1cccc(OC(OCC(Cl)(Cl)Cl)(C2CC2)C(C)(C)C)c1,ketal,0.1705,0.1661,0.0551,-0.279273,0.218349,0.0001967,0.01169736,36.21,train,train,validation,test,train,train,train,test
DFT0413,acetal1500_000413,Fc1cccc(OC(C=Cc2ccccc2)(OCC(Cl)(Cl)Cl)C2CC2)c1,ketal,0.1627,0.1442,0.0645,-0.246434,0.2176,0.00071818,0.01653206,49.05,train,train,train,train,validation,validation,train,test
DFT0414,acetal1500_000414,Fc1cccc(OC(C=Cc2ccccc2)OCC(Cl)(Cl)Cl)c1,acetal,0.138,0.1158,0.1082,-0.238403,0.217782,0.00139232,0.01986748,52.62,train,train,validation,train,train,train,train,train
DFT0415,acetal1500_000415,Cc1ccc(C(C=Cc2ccccc2)(OCC(Cl)(Cl)Cl)Oc2cccc(F)c2)cc1,ketal,0.1674,0.1519,0.0548,-0.239899,0.210554,-4.77E-05,0.0143485,43.91,validation,train,train,train,train,train,train,train
DFT0416,acetal1500_000416,Fc1ccc(C(C=Cc2ccccc2)(OCC(Cl)(Cl)Cl)Oc2cccc(F)c2)cc1,ketal,0.1674,0.1523,0.0572,-0.240964,0.213731,0.00078938,0.01605946,43.65,train,validation,train,train,train,train,validation,train
DFT0417,acetal1500_000417,Fc1cccc(OC(C=Cc2ccccc2)(OCC(Cl)(Cl)Cl)c2ccccc2)c1,ketal,0.167,0.1515,0.0568,-0.240399,0.213603,-0.00089973,0.01514556,46.09,train,train,train,train,train,test,test,validation
DFT0418,acetal1500_000418,Cc1ccc(C(CBr)(OCC(Cl)(Cl)Cl)Oc2cccc(F)c2)cc1,ketal,0.1645,0.1565,0.0504,-0.251063,0.225821,0.00089241,0.01931596,51.44,train,validation,train,train,train,train,train,train
DFT0419,acetal1500_000419,CC(C)(C)CC(OCC(Cl)(Cl)Cl)(Oc1cccc(F)c1)C1CC1,ketal,0.171,0.1662,0.0585,-0.277389,0.235714,0.00143594,0.01711536,49.74,validation,train,train,train,validation,train,train,train
DFT0420,acetal1500_000420,Cc1ccc(C(CC(C)(C)C)(OCC(Cl)(Cl)Cl)Oc2cccc(F)c2)cc1,ketal,0.1695,0.1652,0.0539,-0.252965,0.231401,0.00033667,0.01611175,48.55,train,train,train,train,train,test,train,train
DFT0421,acetal1500_000421,CC(C)CC(OCC(Cl)(Cl)Cl)Oc1cccc(F)c1,acetal,0.1423,0.136,0.0872,-0.286403,0.223319,0.00274436,0.01801677,41.91,train,test,test,train,test,train,train,train
DFT0422,acetal1500_000422,CC(C)CC(OCC(Cl)(Cl)Cl)(Oc1cccc(F)c1)c1ccccc1,ketal,0.1703,0.164,0.0585,-0.258371,0.220591,0.00077701,0.01513377,41.83,train,test,train,train,train,train,train,train
DFT0423,acetal1500_000423,CC(C)(C)C(OCC(Cl)(Cl)Cl)(Oc1cccc(F)c1)C1CC1,ketal,0.1724,0.1682,0.0595,-0.285331,0.224154,0.00264295,0.01417885,34.36,train,train,train,train,train,test,train,train
DFT0424,acetal1500_000424,COc1cccc(OC(C=Cc2ccccc2)(OCC(Cl)(Cl)Cl)C2CC2)c1,ketal,0.1644,0.1467,0.0375,-0.228971,0.213798,-0.0016719,0.0179446,56.39,train,test,train,test,test,test,train,train
DFT0425,acetal1500_000425,COc1cccc(OC(C=Cc2ccccc2)(OCC(Cl)(Cl)Cl)c2ccc(Cl)cc2)c1,ketal,0.1673,0.1509,0.0378,-0.227822,0.210924,-0.00104233,0.01634299,50.52,validation,test,train,validation,train,validation,validation,train
DFT0426,acetal1500_000426,COc1cccc(OC(CBr)(OCC(Cl)(Cl)Cl)c2ccc(Cl)cc2)c1,ketal,0.164,0.1591,0.0257,-0.251723,0.217031,0.00108493,0.02365349,56.98,validation,validation,train,test,train,train,train,train
DFT0427,acetal1500_000427,COc1cccc(OC(CC(C)(C)C)(OCC(Cl)(Cl)Cl)c2ccc(Cl)cc2)c1,ketal,0.1712,0.1669,0.0272,-0.249144,0.214036,0.00123433,0.0145862,38.37,train,test,train,train,train,train,train,train
DFT0428,acetal1500_000428,COc1cccc(OC(CC(C)(C)C)(OCC(Cl)(Cl)Cl)c2ccccc2)c1,ketal,0.1701,0.1658,0.0279,-0.251312,0.21371,-0.00107207,0.01342584,38.17,train,train,train,train,test,train,train,test
DFT0429,acetal1500_000429,COc1cccc(OC(CC(C)C)(OCC(Cl)(Cl)Cl)C2CC2)c1,ketal,0.171,0.166,0.0297,-0.262469,0.21182,-0.00061914,0.01749093,52.95,train,test,train,train,test,train,test,train
DFT0430,acetal1500_000430,COc1cccc(OC(CC(C)C)(OCC(Cl)(Cl)Cl)c2ccc(Cl)cc2)c1,ketal,0.1739,0.1653,0.0372,-0.252873,0.209403,0.00059356,0.01613282,44.57,train,train,test,train,train,train,train,train
DFT0431,acetal1500_000431,COc1cccc(OC(CC(C)C)(OCC(Cl)(Cl)Cl)c2ccccc2)c1,ketal,0.1701,0.1656,0.0332,-0.251604,0.211284,-0.00165236,0.01496291,44.47,validation,train,train,train,test,train,validation,train
DFT0432,acetal1500_000432,ClC(Cl)(Cl)COC(C=Cc1ccccc1)(Oc1ccccc1)C1CC1,ketal,0.1655,0.152,0.0572,-0.236656,0.215064,-0.00085189,0.01443569,45.76,test,train,train,train,test,train,train,train
DFT0433,acetal1500_000433,ClC(Cl)(Cl)COC(C=Cc1ccccc1)Oc1ccccc1,acetal,0.1368,0.1112,0.1041,-0.23996,0.214013,-7.82E-05,0.01877639,52.65,validation,validation,test,train,train,train,train,train
DFT0434,acetal1500_000434,Cc1ccc(C(C=Cc2ccccc2)(OCC(Cl)(Cl)Cl)Oc2ccccc2)cc1,ketal,0.1666,0.1532,0.0526,-0.236673,0.215412,-0.00157689,0.01518103,48.21,train,train,train,train,validation,train,train,train
DFT0435,acetal1500_000435,Fc1ccc(C(C=Cc2ccccc2)(OCC(Cl)(Cl)Cl)Oc2ccccc2)cc1,ketal,0.1664,0.1498,0.0617,-0.239236,0.216466,0.00018241,0.01709628,48.88,train,test,train,validation,train,test,train,train
DFT0436,acetal1500_000436,ClC(Cl)(Cl)COC(C=Cc1ccccc1)(Oc1ccccc1)c1ccccc1,ketal,0.1623,0.1435,0.0556,-0.248294,0.217956,-0.00156395,0.0162434,52.05,train,test,validation,train,validation,validation,train,test
DFT0437,acetal1500_000437,Cc1ccc(C(CBr)(OCC(Cl)(Cl)Cl)Oc2ccccc2)cc1,ketal,0.1615,0.1563,0.0549,-0.250529,0.231988,3.582e-05,0.01700173,44.78,train,train,train,train,validation,train,train,train
DFT0438,acetal1500_000438,CC(C)(C)CC(OCC(Cl)(Cl)Cl)(Oc1ccccc1)C1CC1,ketal,0.1711,0.1671,0.0753,-0.28412,0.222803,0.001308,0.01618487,47.27,test,train,train,train,train,test,train,train
DFT0439,acetal1500_000439,CC(C)(C)CC(OCC(Cl)(Cl)Cl)Oc1ccccc1,acetal,0.1391,0.1328,0.0952,-0.28905,0.21669,0.00162907,0.01658644,47.12,train,train,train,train,validation,train,train,train
DFT0440,acetal1500_000440,Cc1ccc(C(CC(C)(C)C)(OCC(Cl)(Cl)Cl)Oc2ccccc2)cc1,ketal,0.17,0.1656,0.0534,-0.245917,0.219095,0.00015584,0.01322799,39.32,validation,train,validation,validation,train,validation,validation,train
DFT0441,acetal1500_000441,CC(C)(C)CC(OCC(Cl)(Cl)Cl)(Oc1ccccc1)c1ccc(F)cc1,ketal,0.1709,0.1658,0.0497,-0.252399,0.219998,0.00169241,0.0132808,38.19,train,test,test,train,train,train,train,train
DFT0442,acetal1500_000442,CC(C)(C)CC(OCC(Cl)(Cl)Cl)(Oc1ccccc1)c1ccccc1,ketal,0.1705,0.1661,0.0535,-0.256077,0.219944,0.00025031,0.01343105,38.63,train,validation,validation,validation,train,train,train,train
DFT0443,acetal1500_000443,CC(C)CC(OCC(Cl)(Cl)Cl)(Oc1ccccc1)C1CC1,ketal,0.166,0.1619,0.0736,-0.275592,0.231353,0.00061363,0.0163221,49.19,train,train,train,train,train,train,train,train
DFT0444,acetal1500_000444,CC(C)CC(OCC(Cl)(Cl)Cl)Oc1ccccc1,acetal,0.1387,0.1324,0.0949,-0.289103,0.216782,0.00156427,0.01750556,48.63,train,train,test,train,train,test,train,test
DFT0445,acetal1500_000445,CC(C)(C)COC(C)(C=Cc1ccccc1)OCC(F)(F)F,ketal,0.1532,0.1379,0.0695,-0.277882,0.213885,-0.00017997,0.01498814,41.77,test,validation,train,train,train,train,train,train
DFT0446,acetal1500_000446,CC(C)(C)COC(C=Cc1ccccc1)(OCC(F)(F)F)C1CC1,ketal,0.1556,0.1386,0.0613,-0.270083,0.215026,0.00099251,0.01573362,50.39,train,train,train,train,train,train,train,train
DFT0447,acetal1500_000447,COC(C=Cc1ccccc1)(OCC(C)(C)C)OCC(F)(F)F,orthoester,0.2107,0.1929,0.066,-0.28127,0.218282,0.00016911,0.01410545,43.12,train,test,train,train,train,train,test,train
DFT0448,acetal1500_000448,CCOC(C=Cc1ccccc1)(OCC(C)(C)C)OCC(F)(F)F,orthoester,0.2131,0.1937,0.0764,-0.275467,0.216908,0.00020295,0.01201688,36.19,train,train,test,train,train,train,train,test
DFT0449,acetal1500_000449,CC(C)(C)COC(C=Cc1ccccc1)OCC(F)(F)F,acetal,0.1294,0.1046,0.1049,-0.278789,0.214927,0.00054842,0.01907717,54.74,train,train,train,test,train,train,train,train
DFT0450,acetal1500_000450,Cc1ccc(C(C=Cc2ccccc2)(OCC(C)(C)C)OCC(F)(F)F)cc1,ketal,0.1553,0.1385,0.0582,-0.250095,0.210894,-0.00042542,0.01166332,39.56,train,train,train,train,validation,train,validation,train
DFT0451,acetal1500_000451,CC(C)(C)COC(C=Cc1ccccc1)(OCC(F)(F)F)c1ccc(Cl)cc1,ketal,0.1575,0.1415,0.0634,-0.253151,0.216342,0.0018332,0.01545453,38.15,train,train,train,test,test,train,train,train
DFT0452,acetal1500_000452,CC(C)(C)COC(C=Cc1ccccc1)(OCC(F)(F)F)c1ccc(F)cc1,ketal,0.1569,0.1405,0.06,-0.25564,0.211911,0.00133767,0.01283872,38.27,train,train,validation,validation,train,train,train,test
DFT0453,acetal1500_000453,CC(C)(C)COC(C=Cc1ccccc1)(OCC(F)(F)F)c1ccc(O)cc1,ketal,0.1556,0.14,0.0553,-0.230386,0.216134,-0.00060758,0.017909,42.89,validation,train,train,train,train,test,train,train
DFT0454,acetal1500_000454,CC(C)(C)COC(C=Cc1ccccc1)(OCC(F)(F)F)c1ccc([N+](=O)[O-])cc1,ketal,0.1582,0.1507,0.0866,-0.273967,0.218442,0.00574307,0.02141157,55.14,test,train,train,train,validation,train,test,train
DFT0455,acetal1500_000455,CC(C)(C)COC(C=Cc1ccccc1)(OCC(F)(F)F)c1ccccc1,ketal,0.1565,0.1405,0.0633,-0.255937,0.215627,-0.00069891,0.01434649,39.97,train,test,train,train,validation,train,train,test
DFT0456,acetal1500_000456,CC(C)(C)COC(C)(CBr)OCC(F)(F)F,ketal,0.1567,0.1315,0.1116,-0.305974,0.261543,0.00053357,0.0217277,46.7,test,test,train,train,train,train,train,test
DFT0457,acetal1500_000457,CCOC(CBr)(OCC(C)(C)C)OCC(F)(F)F,orthoester,0.2107,0.188,0.1157,-0.308834,0.268154,-8.75E-05,0.01646908,46.37,train,train,train,test,train,test,test,train
DFT0458,acetal1500_000458,CC(C)(C)COC(CBr)OCC(F)(F)F,acetal,0.1313,0.0945,0.1442,-0.298534,0.26118,0.00221554,0.02656527,65.01,train,train,train,train,train,train,train,train
DFT0459,acetal1500_000459,Cc1ccc(C(CBr)(OCC(C)(C)C)OCC(F)(F)F)cc1,ketal,0.1541,0.1278,0.0446,-0.282766,0.234039,-0.00048054,0.01705143,42.68,train,train,train,validation,train,validation,test,train
DFT0460,acetal1500_000460,CC(C)(C)COC(CBr)(OCC(F)(F)F)c1ccc(F)cc1,ketal,0.1543,0.144,0.0491,-0.282913,0.240465,0.00210743,0.02150784,48.71,train,train,train,validation,train,validation,test,train
DFT0461,acetal1500_000461,CC(C)(C)COC(CBr)(OCC(F)(F)F)c1ccc(O)cc1,ketal,0.1543,0.1356,0.0468,-0.274546,0.219211,0.00122635,0.02192874,57.74,train,train,validation,test,train,train,train,train
DFT0462,acetal1500_000462,CC(C)(C)COC(CC(C)(C)C)(OCC(F)(F)F)C1CC1,ketal,0.162,0.1544,0.1299,-0.296455,0.252139,0.00188348,0.01431557,38.06,train,train,train,train,train,train,train,train
DFT0463,acetal1500_000463,CC(C)(C)COC(CC(C)(C)C)OCC(F)(F)F,acetal,0.1247,0.0931,0.1264,-0.309076,0.26237,0.00203177,0.01486174,31.64,train,train,train,validation,validation,validation,train,validation
DFT0464,acetal1500_000464,CC(C)(C)COC(CC(C)(C)C)(OCC(F)(F)F)c1ccccc1,ketal,0.1622,0.1417,0.0485,-0.272548,0.238937,0.00126751,0.01350549,42.57,train,train,test,train,train,train,train,validation
DFT0465,acetal1500_000465,CC(C)CC(OCC(C)(C)C)(OCC(F)(F)F)C1CC1,ketal,0.1629,0.1436,0.1377,-0.304992,0.239175,0.00149954,0.01376604,31.13,train,train,train,validation,train,train,train,test
DFT0466,acetal1500_000466,CC(C)CC(OCC(C)(C)C)(OCC(F)(F)F)c1ccc(Cl)cc1,ketal,0.1593,0.1518,0.0502,-0.278853,0.240696,0.00314295,0.01342826,33.88,train,train,train,train,train,train,train,train
DFT0467,acetal1500_000467,CC(C)(C)COC(CCc1ccccc1)OCC(F)(F)F,acetal,0.1288,0.126,0.0342,-0.267523,0.230729,0.00220262,0.01848744,51.67,validation,train,train,train,train,test,train,train
DFT0468,acetal1500_000468,CC(C)(C)COC(CCc1ccccc1)(OCC(F)(F)F)c1ccc(F)cc1,ketal,0.1612,0.1523,0.0448,-0.247923,0.229321,0.00316447,0.01787321,54.69,train,train,validation,validation,train,train,train,train
DFT0469,acetal1500_000469,CCOCC(OCC(C)(C)C)(OCC(F)(F)F)c1ccc(OC)cc1,ketal,0.1531,0.1406,0.0534,-0.262341,0.214583,-0.00108233,0.01635771,54.72,train,train,train,train,train,train,train,train
DFT0470,acetal1500_000470,CCOC(C=Cc1ccccc1)(OCC(F)(F)F)OCC(F)(F)F,orthoester,0.215,0.1966,0.0705,-0.283186,0.219055,0.00064034,0.01898224,59.1,train,train,train,train,test,test,train,train
DFT0471,acetal1500_000471,CCOC(CBr)(OCC(F)(F)F)OCC(F)(F)F,orthoester,0.2144,0.1885,0.1155,-0.318812,0.275975,0.00171089,0.02576202,65.45,validation,test,train,train,validation,test,train,train
DFT0472,acetal1500_000472,CCOC(CC(C)C)(OCC(F)(F)F)OCC(F)(F)F,orthoester,0.222,0.2075,0.1175,-0.308007,0.263215,0.00256471,0.02752507,58.27,train,train,validation,test,train,train,validation,train
DFT0473,acetal1500_000473,CC(C)OC(CC(C)(C)C)(OCC(F)(F)F)c1ccc([N+](=O)[O-])cc1,ketal,0.1665,0.1597,0.081,-0.285563,0.257994,0.00722678,0.01843896,52.79,train,train,train,train,test,train,train,train
DFT0474,acetal1500_000474,COC(=O)NCCOC(OCC(F)(F)F)c1cc(OC)c(OC)c(OC)c1,acetal,0.1265,0.0951,0.0597,-0.252393,0.213506,-0.0019267,0.02335949,63.51,train,train,train,validation,test,train,train,train
DFT0475,acetal1500_000475,COC(=O)NCCOC(OCC(F)(F)F)(c1ccc(F)cc1)c1cc(OC)c(OC)c(OC)c1,ketal,0.1625,0.1498,0.0315,-0.250886,0.214071,0.00151519,0.02022251,56.77,test,train,train,train,train,validation,train,train
DFT0476,acetal1500_000476,CCOC(=O)C1CCCCC1OC(CC(C)(C)C)(OCC(F)(F)F)c1ccc(O)cc1,ketal,0.1642,0.1545,0.0528,-0.267845,0.214198,0.00029508,0.0142063,39.97,train,train,test,train,train,test,train,train
DFT0477,acetal1500_000477,CC(C)(C)CC(OCCNC(=O)C(F)(F)F)(OC(C)(C)C)c1ccc(F)cc1,ketal,0.1625,0.1568,0.0505,-0.27037,0.232563,0.00301458,0.0203144,51.31,train,test,train,test,train,test,train,train
DFT0478,acetal1500_000478,CC(C)(C)OC(C=Cc1ccccc1)OC1CCCCC1C(=O)O,acetal,0.1235,0.105,0.0751,-0.266392,0.216839,-0.0020282,0.01447237,40.55,train,train,train,train,train,test,train,train
DFT0479,acetal1500_000479,CC(C)(C)OC(C=Cc1ccccc1)(OC1CCCCC1C(=O)O)c1ccc(F)cc1,ketal,0.1581,0.1423,0.0531,-0.246631,0.213749,-0.0005434,0.01390407,42.15,test,test,train,train,train,train,train,train
DFT0480,acetal1500_000480,CC(C)(C)CC(OC1CCCCC1C(=O)O)(OC(C)(C)C)c1ccc(F)cc1,ketal,0.1652,0.1589,0.0809,-0.261536,0.23035,0.00187563,0.01348625,33.05,train,validation,train,train,train,validation,train,train
DFT0481,acetal1500_000481,CC(C)(C)COC(CBr)(OCCCNC(=O)C(F)(F)F)c1ccc(Cl)cc1,ketal,0.1546,0.1474,0.0462,-0.270137,0.243427,0.00551049,0.0239611,42.81,train,train,validation,train,train,train,train,train
DFT0482,acetal1500_000482,CC(C)(C)COC(C=Cc1ccccc1)OCCCl,acetal,0.1235,0.1,0.1103,-0.273869,0.214638,-0.00056417,0.01934761,54.02,train,train,validation,train,train,train,test,test
DFT0483,acetal1500_000483,CC(C)(C)COC(C=Cc1ccccc1)(OCCCl)c1ccc(F)cc1,ketal,0.1562,0.1411,0.0542,-0.250601,0.215056,0.00018434,0.01610521,45.43,train,validation,validation,train,validation,train,train,train
DFT0484,acetal1500_000484,CC(C)(C)COC(C=Cc1ccccc1)(OCCCl)c1ccc([N+](=O)[O-])cc1,ketal,0.1567,0.149,0.0835,-0.273796,0.217265,0.00516942,0.01934378,59.36,train,train,train,train,test,test,validation,train
DFT0485,acetal1500_000485,CC(C)(C)COC(CBr)OCCCl,acetal,0.1224,0.0942,0.1406,-0.301709,0.259821,0.00163094,0.02136078,53.62,train,train,train,validation,train,train,train,train
DFT0486,acetal1500_000486,CC(C)(C)COC(CBr)(OCCF)c1ccc([N+](=O)[O-])cc1,ketal,0.1559,0.1487,0.0721,-0.282434,0.258576,0.00726804,0.02316092,53.31,train,train,validation,validation,train,validation,train,train
DFT0487,acetal1500_000487,C=CC(=O)NCCOC(C=Cc1ccccc1)OCC(C)(C)C,acetal,0.1253,0.1024,0.1066,-0.252671,0.212768,0.00148558,0.01897947,56.45,validation,train,train,train,train,test,train,train
DFT0488,acetal1500_000488,C=CC(=O)NCCOC(C=Cc1ccccc1)(OCC(C)(C)C)c1ccc(Cl)cc1,ketal,0.1549,0.1382,0.0598,-0.254749,0.211872,0.00094341,0.01791433,49.17,train,validation,train,train,test,train,train,train
DFT0489,acetal1500_000489,C=CC(=O)NCCOC(C=Cc1ccccc1)(OCC(C)(C)C)c1ccc(O)cc1,ketal,0.1525,0.1367,0.0641,-0.230428,0.21457,1.385e-05,0.02191625,54.59,train,test,train,train,train,train,train,validation
DFT0490,acetal1500_000490,CC(C)(C)COC(C=Cc1ccccc1)(OCCOCCN)c1ccc([N+](=O)[O-])cc1,ketal,0.1564,0.1496,0.0928,-0.234964,0.216276,0.00313186,0.01635279,47.69,train,validation,train,train,test,train,validation,train
DFT0491,acetal1500_000491,COC(C=Cc1ccccc1)(OCC(C)(C)C)C1CC1,ketal,0.1517,0.1375,0.0541,-0.268829,0.213856,-0.00141243,0.01257282,36.01,validation,train,train,train,train,train,train,train
DFT0492,acetal1500_000492,COc1ccc(C(C=Cc2ccccc2)(OC)OCC(C)(C)C)cc1,ketal,0.1506,0.1335,0.0569,-0.229144,0.213591,-0.00198596,0.01263281,39.68,train,train,train,train,train,validation,test,test
DFT0493,acetal1500_000493,COC(C=Cc1ccccc1)(OCC(C)(C)C)c1ccc(F)cc1,ketal,0.1541,0.1392,0.0549,-0.249783,0.214724,-0.00066434,0.01326553,37.81,train,train,train,train,validation,train,validation,validation
DFT0494,acetal1500_000494,COC(C=Cc1ccccc1)(OCC(C)(C)C)c1ccc([N+](=O)[O-])cc1,ketal,0.155,0.148,0.0908,-0.27002,0.213581,0.00381697,0.01569221,49.37,validation,train,train,train,train,train,train,test
DFT0495,acetal1500_000495,COC(C=Cc1ccccc1)(OCC(C)(C)C)c1ccccc1,ketal,0.152,0.1359,0.0602,-0.257177,0.211067,-0.00183392,0.00991026,30.79,validation,train,train,train,validation,test,train,test
DFT0496,acetal1500_000496,COC(CBr)(OC)OCC(C)(C)C,orthoester,0.208,0.1858,0.0941,-0.304642,0.260234,-0.00112981,0.01631512,48.86,train,train,validation,train,train,train,train,train
DFT0497,acetal1500_000497,COC(CBr)(OCC(C)(C)C)c1ccc(F)cc1,ketal,0.1525,0.1447,0.0436,-0.277122,0.238951,0.00033322,0.01609741,46.19,train,train,train,train,train,train,validation,validation
DFT0498,acetal1500_000498,COC(CBr)(OCC(C)(C)C)c1ccc([N+](=O)[O-])cc1,ketal,0.1521,0.1451,0.125,-0.286423,0.256492,0.00569114,0.02046537,55.17,train,train,train,train,train,train,validation,validation
DFT0499,acetal1500_000499,COC(CC(C)(C)C)(OCC(C)(C)C)C1CC1,ketal,0.1573,0.1491,0.1319,-0.291731,0.240825,0.00102566,0.0097037,19.7,train,train,validation,test,train,train,validation,train
DFT0500,acetal1500_000500,COC(CC(C)(C)C)(OC)OCC(C)(C)C,orthoester,0.2137,0.2015,0.1184,-0.298597,0.255251,-0.00042592,0.00950292,23.19,test,validation,train,train,train,train,train,train
DFT0501,acetal1500_000501,COC(CC(C)(C)C)OCC(C)(C)C,acetal,0.1232,0.0995,0.1521,-0.30034,0.247999,0.00099338,0.01116892,27.29,train,train,train,train,test,train,train,test
DFT0502,acetal1500_000502,COC(CC(C)(C)C)(OCC(C)(C)C)c1ccc(F)cc1,ketal,0.1579,0.1513,0.0518,-0.272963,0.235459,0.0008039,0.0117005,27.33,train,train,train,train,train,train,train,train
DFT0503,acetal1500_000503,COC(CC(C)C)(OC)OCC(C)(C)C,orthoester,0.2127,0.2066,0.1133,-0.298937,0.256243,-0.00087906,0.00942079,23.02,train,train,test,train,train,train,train,train
DFT0504,acetal1500_000504,COC(=O)C1CCCCC1OC(C=Cc1ccccc1)(OCC(C)(C)C)c1ccc(F)cc1,ketal,0.1533,0.1365,0.0518,-0.246192,0.216743,-0.00113895,0.01310823,34.77,train,train,test,test,train,train,train,train
DFT0505,acetal1500_000505,C=C(C)C(=O)OCCOC(C=Cc1ccccc1)(OCC(C)(C)C)C1CC1,ketal,0.1529,0.1523,0.0645,-0.26764,0.214233,-0.00223016,0.01358489,42.71,train,train,train,train,train,train,test,train
DFT0506,acetal1500_000506,C=C(C)C(=O)OCCOC(C=Cc1ccccc1)(OC)OCC(C)(C)C,orthoester,0.2095,0.2083,0.0712,-0.268927,0.216624,-0.00286821,0.01273835,41.07,train,validation,test,train,validation,train,train,train
DFT0507,acetal1500_000507,C=C(C)C(=O)OCCOC(C=Cc1ccccc1)OCC(C)(C)C,acetal,0.1222,0.1208,0.0773,-0.268567,0.220145,-0.00082782,0.01279588,37.47,train,train,train,test,test,train,train,test
DFT0508,acetal1500_000508,C=C(C)C(=O)OCCOC(C=Cc1ccccc1)(OCC(C)(C)C)c1ccc(F)cc1,ketal,0.1535,0.1523,0.0547,-0.248989,0.216963,-0.0013593,0.01292379,38.98,train,test,train,train,train,train,validation,validation
DFT0509,acetal1500_000509,C=C(C)C(=O)OCCOC(C=Cc1ccccc1)(OCC(C)(C)C)c1ccc(O)cc1,ketal,0.1533,0.1522,0.0632,-0.232402,0.211724,-0.00258066,0.01523617,41.28,train,train,train,train,train,test,train,train
DFT0510,acetal1500_000510,C=C(C)C(=O)OCCOC(CBr)(OCC(C)(C)C)C1CC1,ketal,0.1513,0.1502,0.084,-0.271498,0.257602,-0.00057784,0.01615473,41.36,train,train,train,train,train,train,train,train
DFT0511,acetal1500_000511,C=C(C)C(=O)OCCOC(CBr)OCC(C)(C)C,acetal,0.1228,0.1214,0.1861,-0.270955,0.257966,0.00088441,0.01543057,43.48,train,train,train,train,test,train,train,test
DFT0512,acetal1500_000512,C=C(C)C(=O)OCCOC(CBr)(OCC(C)(C)C)c1ccc(O)cc1,ketal,0.1524,0.1516,0.064,-0.269347,0.21587,-0.00054816,0.01836208,49.13,train,train,train,train,train,validation,train,validation
DFT0513,acetal1500_000513,C=C(C)C(=O)OCCOC(CBr)(OCC(C)(C)C)c1ccccc1,ketal,0.1526,0.1516,0.0366,-0.269205,0.242886,-0.00026664,0.01302961,44.35,train,train,test,train,test,test,train,train
DFT0514,acetal1500_000514,C=C(C)C(=O)OCCOC(CC(C)(C)C)(OCC(C)(C)C)C1CC1,ketal,0.1595,0.1583,0.2049,-0.268993,0.245982,-2.28E-05,0.01136117,29.3,train,train,train,train,train,train,train,train
DFT0515,acetal1500_000515,C=C(C)C(=O)OCCOC(CC(C)(C)C)(OC)OCC(C)(C)C,orthoester,0.2155,0.2146,0.1362,-0.272538,0.253773,-0.00154272,0.00964015,22.18,train,test,train,train,train,test,train,validation
DFT0516,acetal1500_000516,C=C(C)C(=O)OCCOC(CC(C)C)(OCC(C)(C)C)C1CC1,ketal,0.1565,0.1555,0.1568,-0.269083,0.252652,-0.00106004,0.01029666,24.86,train,train,train,test,test,train,test,train
DFT0517,acetal1500_000517,C=C(C)C(=O)OCCOC(CC(C)C)(OC)OCC(C)(C)C,orthoester,0.2151,0.2139,0.1482,-0.270965,0.25753,-0.00226227,0.01022113,25.88,validation,train,train,train,train,train,validation,train
DFT0518,acetal1500_000518,C=C(C)C(=O)OCCOC(COCC)(OCC(C)(C)C)c1ccc(OC)cc1,ketal,0.1496,0.1484,0.0645,-0.261731,0.212844,-0.00420966,0.01361168,44.84,train,train,train,train,train,train,train,test
DFT0519,acetal1500_000519,C=C(C)C(=O)OCCOC(COCC)OCC(C)(C)C,acetal,0.1204,0.1193,0.15,-0.27033,0.247987,-0.00206014,0.01019849,28.7,train,train,train,test,train,train,test,train
DFT0520,acetal1500_000520,Cc1ccc(C(C=Cc2ccccc2)(OC(C)C)OC(C)C)cc1,ketal,0.152,0.1375,0.055,-0.241949,0.213586,-0.00230688,0.01156938,34.04,validation,train,test,train,validation,train,train,train
DFT0521,acetal1500_000521,CC(C)OC(C)(C=Cc1ccccc1)OC1CCCCC1C(=O)O,ketal,0.153,0.1375,0.0673,-0.264191,0.213229,-0.0007639,0.01495538,40.99,validation,train,train,train,train,test,train,test
DFT0522,acetal1500_000522,COC(C=Cc1ccccc1)(OCC(C)(C)C)Oc1c(C(=O)O)cccc1[N+](=O)[O-],orthoester,0.2222,0.2175,0.0994,-0.262052,0.219256,-0.00361257,0.01945996,55.04,train,validation,validation,validation,validation,validation,train,train
DFT0523,acetal1500_000523,Cc1ccc(C(C=Cc2ccccc2)(OCC(C)(C)C)Oc2c(C(=O)O)cccc2[N+](=O)[O-])cc1,ketal,0.1636,0.1596,0.085,-0.246712,0.217111,-0.00395303,0.01855301,54,test,train,train,train,validation,train,test,train
DFT0524,acetal1500_000524,COC(CBr)(OCC(C)(C)C)Oc1c(C(=O)O)cccc1[N+](=O)[O-],orthoester,0.2186,0.2154,0.083,-0.28884,0.252852,-0.00093851,0.02413934,61.66,validation,train,train,validation,train,train,train,train
DFT0525,acetal1500_000525,COC(CC(C)(C)C)(OCC(C)(C)C)Oc1c(C(=O)O)cccc1[N+](=O)[O-],orthoester,0.2306,0.2262,0.1006,-0.285845,0.253075,-0.00109186,0.01977096,52.04,train,train,train,train,train,train,validation,train
DFT0526,acetal1500_000526,COC(=O)c1cccc(C(=O)OC)c1OC(CC(C)(C)C)(OCC(C)(C)C)C1CC1,ketal,0.1704,0.1671,0.0779,-0.275149,0.237043,-0.0028719,0.01322414,38.01,validation,validation,train,train,train,train,train,train
DFT0527,acetal1500_000527,COC(=O)c1cccc(C(=O)OC)c1OC(CC(C)(C)C)(OCC(C)(C)C)c1ccc(OC)cc1,ketal,0.1694,0.165,0.0527,-0.251686,0.21382,-0.00433934,0.01522653,47.89,train,validation,train,train,validation,train,train,train
DFT0528,acetal1500_000528,COc1ccc(C(C=Cc2ccccc2)(OCC(C)(C)C)Oc2c(C)cccc2C(=O)O)cc1,ketal,0.1605,0.1464,0.0497,-0.23152,0.213028,-0.00344904,0.01411782,42.88,train,train,train,train,validation,train,train,test
DFT0529,acetal1500_000529,COC(C=Cc1ccccc1)(OCC(C)(C)C)Oc1c(C)cccc1C(=O)O,orthoester,0.2202,0.202,0.0689,-0.245027,0.217778,-0.00224009,0.01544536,41.79,train,train,train,train,train,train,train,test
DFT0530,acetal1500_000530,COC(CBr)(OCC(C)(C)C)Oc1c(C)cccc1C(=O)O,orthoester,0.2199,0.2135,0.0561,-0.277559,0.234961,0.00031825,0.01885624,50.88,test,train,validation,train,test,train,train,test
DFT0531,acetal1500_000531,Cc1cccc(C(=O)O)c1OC(CC(C)(C)C)(OCC(C)(C)C)C1CC1,ketal,0.17,0.1631,0.0752,-0.275288,0.228249,-0.00070792,0.01395647,38.32,train,train,test,train,train,train,test,test
DFT0532,acetal1500_000532,COC(=O)c1cccc(C)c1OC(C=Cc1ccccc1)(OCC(C)(C)C)c1ccc(OC)cc1,ketal,0.1605,0.1526,0.0518,-0.228727,0.215263,-0.00436546,0.01391411,45.71,train,train,train,validation,validation,train,train,train
DFT0533,acetal1500_000533,COC(=O)c1cccc(C)c1OC(C=Cc1ccccc1)(OC)OCC(C)(C)C,orthoester,0.2199,0.1999,0.0563,-0.249562,0.21743,-0.00429122,0.01382138,43.19,train,train,train,train,test,train,train,validation
DFT0534,acetal1500_000534,COC(=O)c1cccc(C)c1OC(C=Cc1ccccc1)OCC(C)(C)C,acetal,0.1242,0.1141,0.0932,-0.244952,0.217115,-0.00108331,0.01448451,44.11,validation,train,validation,train,train,test,validation,test
DFT0535,acetal1500_000535,COC(=O)c1cccc(C)c1OC(C=Cc1ccccc1)(OCC(C)(C)C)c1ccc(F)cc1,ketal,0.1648,0.1519,0.0484,-0.243462,0.214118,-0.00195368,0.01435689,43.78,train,train,train,test,train,train,train,train
DFT0536,acetal1500_000536,COC(=O)c1cccc(C)c1OC(C=Cc1ccccc1)(OCC(C)(C)C)c1ccc(O)cc1,ketal,0.1602,0.1534,0.0604,-0.231019,0.21457,-0.00423418,0.01532292,45.78,train,train,train,train,train,train,validation,train
DFT0537,acetal1500_000537,COC(=O)c1cccc(C)c1OC(CBr)(OC)OCC(C)(C)C,orthoester,0.2225,0.2171,0.0485,-0.278684,0.231865,-0.00070977,0.01476647,46.34,validation,train,train,validation,train,train,train,validation
DFT0538,acetal1500_000538,COC(=O)c1cccc(C)c1OC(CBr)OCC(C)(C)C,acetal,0.1344,0.1287,0.0596,-0.272155,0.235787,-0.00110763,0.02025104,55.85,train,train,train,train,train,train,test,train
DFT0539,acetal1500_000539,COC(=O)c1cccc(C)c1OC(CBr)(OCC(C)(C)C)c1ccc(F)cc1,ketal,0.162,0.1564,0.06,-0.252689,0.230514,-0.00211129,0.01606794,47.11,train,train,train,test,validation,train,test,test
DFT0540,acetal1500_000540,COC(=O)c1cccc(C)c1OC(CBr)(OCC(C)(C)C)c1ccc(O)cc1,ketal,0.162,0.1552,0.0474,-0.24542,0.219865,-0.00238697,0.01597014,47.52,train,train,train,train,validation,train,train,train
DFT0541,acetal1500_000541,COC(=O)c1cccc(C)c1OC(CBr)(OCC(C)(C)C)c1ccc([N+](=O)[O-])cc1,ketal,0.166,0.1594,0.072,-0.269434,0.232654,0.00268172,0.02333537,63.42,validation,train,validation,train,validation,train,train,train
DFT0542,acetal1500_000542,COC(=O)c1cccc(C)c1OC(CC(C)(C)C)(OCC(C)(C)C)C1CC1,ketal,0.17,0.1623,0.0775,-0.274587,0.226299,-0.00103507,0.01046221,26.71,train,train,train,train,test,test,train,train
DFT0543,acetal1500_000543,COC(=O)c1cccc(C)c1OC(CC(C)(C)C)(OCC(C)(C)C)c1ccc(OC)cc1,ketal,0.1664,0.1603,0.0479,-0.244959,0.214848,-0.00283995,0.01392565,40.79,train,validation,train,train,train,validation,train,train
DFT0544,acetal1500_000544,COC(=O)c1cccc(C)c1OC(CC(C)(C)C)(OC)OCC(C)(C)C,orthoester,0.2273,0.2203,0.07,-0.281452,0.227468,-0.00154784,0.01062398,27.35,validation,train,train,train,train,test,test,train
DFT0545,acetal1500_000545,COC(=O)c1cccc(C)c1OC(CC(C)(C)C)OCC(C)(C)C,acetal,0.1297,0.1203,0.0896,-0.284388,0.222919,-0.00117029,0.01322953,34.55,train,train,validation,train,train,test,train,train
DFT0546,acetal1500_000546,COC(=O)c1cccc(C)c1OC(CC(C)(C)C)(OCC(C)(C)C)c1ccc(F)cc1,ketal,0.1699,0.1624,0.0658,-0.251413,0.228086,-0.00119303,0.01307748,34.52,train,train,train,validation,test,train,train,train
DFT0547,acetal1500_000547,COC(=O)c1cccc(C)c1OC(CC(C)(C)C)(OCC(C)(C)C)c1ccc(O)cc1,ketal,0.1671,0.1607,0.0426,-0.24614,0.216083,-0.00163561,0.01485161,38.29,train,train,train,validation,train,train,train,train
DFT0548,acetal1500_000548,COC(=O)c1cccc(C)c1OC(CC(C)(C)C)(OCC(C)(C)C)c1ccc([N+](=O)[O-])cc1,ketal,0.171,0.1646,0.084,-0.273402,0.228972,0.00376797,0.01664684,51.19,train,train,test,train,train,train,test,train
DFT0549,acetal1500_000549,COC(=O)c1cccc(C)c1OC(CC(C)(C)C)(OCC(C)(C)C)c1ccccc1,ketal,0.1692,0.1615,0.0676,-0.25439,0.223514,-0.00261579,0.01249224,35.41,train,test,train,test,validation,train,train,train
DFT0550,acetal1500_000550,COC(=O)c1cccc(C)c1OC(CC(C)C)(OCC(C)(C)C)c1ccc(OC)cc1,ketal,0.1638,0.1568,0.0488,-0.245512,0.215431,-0.00302764,0.01411684,41.65,train,train,train,train,train,train,validation,train
DFT0551,acetal1500_000551,COC(=O)c1cccc(C)c1OC(CC(C)C)(OC)OCC(C)(C)C,orthoester,0.2233,0.2169,0.0747,-0.279477,0.229082,-0.00136677,0.01222166,33.82,train,train,train,train,train,train,test,test
DFT0552,acetal1500_000552,COC(=O)c1cccc(C)c1OC(CC(C)C)(OCC(C)(C)C)c1ccc(F)cc1,ketal,0.1677,0.1614,0.0596,-0.25441,0.230625,-0.0016599,0.0123459,35.96,train,train,test,test,train,validation,train,train
DFT0553,acetal1500_000553,COC(=O)c1cccc(C)c1OC(CC(C)C)(OCC(C)(C)C)c1ccc(O)cc1,ketal,0.1651,0.1595,0.0556,-0.233505,0.216858,-0.00312957,0.01342576,35.53,train,train,train,validation,train,train,train,train
DFT0554,acetal1500_000554,COC(=O)c1cccc(C)c1OC(CC(C)C)(OCC(C)(C)C)c1ccc([N+](=O)[O-])cc1,ketal,0.1715,0.1647,0.0871,-0.270986,0.228113,0.00392097,0.01822952,56,validation,train,test,test,train,train,test,train
DFT0555,acetal1500_000555,COC(=O)c1cccc(C)c1OC(OC)(OCC(C)(C)C)C(C)(C)C,orthoester,0.2268,0.2206,0.061,-0.279577,0.23049,-0.00199718,0.01171398,32.38,train,test,train,train,train,train,train,train
DFT0556,acetal1500_000556,COC(=O)c1cccc(C)c1OC(OCC(C)(C)C)C(C)(C)C,acetal,0.1324,0.1263,0.0792,-0.280069,0.230066,-0.00199517,0.01405033,41.48,train,train,train,train,test,train,test,test
DFT0557,acetal1500_000557,COC(=O)c1cccc(C)c1OC(OCC(C)(C)C)(c1ccc(N)cc1)c1ccc([N+](=O)[O-])cc1,ketal,0.171,0.1626,0.0819,-0.243842,0.198084,0.0003463,0.01802144,49.13,train,test,validation,train,train,train,train,train
DFT0558,acetal1500_000558,COc1ccc(C(C=Cc2ccccc2)(OCC(C)(C)C)Oc2ccc(C(=O)O)cc2)cc1,ketal,0.1619,0.156,0.0558,-0.230474,0.214725,-0.00119365,0.01669175,49.34,train,train,test,validation,validation,train,train,train
DFT0559,acetal1500_000559,COC(C=Cc1ccccc1)(OCC(C)(C)C)Oc1ccc(C(=O)O)cc1,orthoester,0.22,0.2118,0.0683,-0.242805,0.218028,-7.83E-05,0.01632249,47.32,train,train,train,train,test,validation,train,validation
DFT0560,acetal1500_000560,CC(C)(C)COC(C=Cc1ccccc1)Oc1ccc(C(=O)O)cc1,acetal,0.1348,0.1236,0.1096,-0.241647,0.214148,0.00076052,0.01691323,45.79,train,validation,test,test,test,train,train,train
DFT0561,acetal1500_000561,CC(C)(C)COC(C=Cc1ccccc1)(Oc1ccc(C(=O)O)cc1)c1ccc(F)cc1,ketal,0.1629,0.1438,0.0586,-0.240351,0.217472,0.00065518,0.01557721,42.99,train,validation,train,train,train,train,train,train
DFT0562,acetal1500_000562,CC(C)(C)COC(C=Cc1ccccc1)(Oc1ccc(C(=O)O)cc1)c1ccc(O)cc1,ketal,0.1635,0.1583,0.0563,-0.238403,0.206844,-0.00052106,0.01610282,42.51,train,test,validation,validation,train,test,validation,train
DFT0563,acetal1500_000563,CC(C)(C)COC(C=Cc1ccccc1)(Oc1ccc(C(=O)O)cc1)c1ccccc1,ketal,0.1625,0.1571,0.061,-0.242547,0.218097,-0.00131616,0.01371942,39.21,train,test,train,validation,train,test,train,validation
DFT0564,acetal1500_000564,CC(C)(C)COC(CBr)(Oc1ccc(C(=O)O)cc1)C1CC1,ketal,0.1579,0.1495,0.0802,-0.273159,0.243177,0.00138243,0.02088437,54.35,train,train,train,train,train,train,train,test
DFT0565,acetal1500_000565,COc1ccc(C(CBr)(OCC(C)(C)C)Oc2ccc(C(=O)O)cc2)cc1,ketal,0.1572,0.1473,0.0505,-0.255649,0.216641,8.907e-05,0.01823619,44.87,train,train,test,train,train,train,train,train
DFT0566,acetal1500_000566,COC(CBr)(OCC(C)(C)C)Oc1ccc(C(=O)O)cc1,orthoester,0.215,0.2073,0.0749,-0.291368,0.239411,8.091e-05,0.02001172,48.72,train,train,train,test,train,validation,validation,validation
DFT0567,acetal1500_000567,CC(C)(C)COC(CBr)Oc1ccc(C(=O)O)cc1,acetal,0.1362,0.1295,0.0799,-0.277602,0.228586,0.00217776,0.02260346,51.71,train,validation,test,train,validation,train,validation,validation
DFT0568,acetal1500_000568,CC(C)(C)COC(CBr)(Oc1ccc(C(=O)O)cc1)c1ccc(O)cc1,ketal,0.1601,0.1526,0.0561,-0.24865,0.218845,-6.23E-05,0.02171085,50.53,train,validation,train,train,train,test,train,validation
DFT0569,acetal1500_000569,CC(C)(C)COC(CBr)(Oc1ccc(C(=O)O)cc1)c1ccccc1,ketal,0.1607,0.1564,0.0506,-0.25798,0.230999,-0.00014476,0.02011407,49.88,train,train,validation,train,train,train,train,train
DFT0570,acetal1500_000570,COC(CC(C)(C)C)(OCC(C)(C)C)Oc1ccc(C(=O)O)cc1,orthoester,0.2278,0.2222,0.0656,-0.278341,0.229445,0.00192254,0.01327177,29.16,train,train,test,train,train,test,train,train
DFT0571,acetal1500_000571,CC(C)CC(OCC(C)(C)C)(Oc1ccc(C(=O)O)cc1)C1CC1,ketal,0.1658,0.1589,0.0685,-0.277489,0.228155,0.00220608,0.01209477,33.97,test,train,train,validation,test,train,test,train
DFT0572,acetal1500_000572,COC(CBr)(OCC(C)(C)C)Oc1ccc([N+](=O)[O-])cc1,orthoester,0.2249,0.2209,0.0667,-0.276172,0.242703,0.00572803,0.02120487,55.91,train,train,validation,train,train,validation,train,train
DFT0573,acetal1500_000573,CC(C)(C)COC(C)(CBr)Oc1ccc([N+](=O)[O-])cc1C(=O)O,ketal,0.1693,0.1653,0.086,-0.278959,0.245233,0.00497559,0.02529542,64.27,test,train,train,train,train,train,train,test
DFT0574,acetal1500_000574,CC(C)(C)COC(CBr)(Oc1ccc([N+](=O)[O-])cc1C(=O)O)c1ccc([N+](=O)[O-])cc1,ketal,0.1666,0.1584,0.0919,-0.277829,0.257096,0.00917581,0.02957681,66.78,test,train,validation,train,test,train,train,train
DFT0575,acetal1500_000575,COC(=O)c1ccccc1OC(C=Cc1ccccc1)(OCC(C)(C)C)C1CC1,ketal,0.1621,0.1488,0.0518,-0.249479,0.216871,-0.00371378,0.01308782,39.79,train,train,train,train,train,train,train,train
DFT0576,acetal1500_000576,COC(=O)c1ccccc1OC(CBr)(OCC(C)(C)C)c1ccc(OC)cc1,ketal,0.1595,0.1547,0.0476,-0.247921,0.215987,-0.00196489,0.01727597,55.08,validation,train,train,train,train,train,train,train
DFT0577,acetal1500_000577,CC(C)(C)COC(C=Cc1ccccc1)(Oc1ccccc1Cl)C1CC1,ketal,0.1601,0.1436,0.0564,-0.244083,0.217176,-0.00209992,0.01398015,42.48,train,validation,train,train,test,test,train,train
DFT0578,acetal1500_000578,COC(C=Cc1ccccc1)(OCC(C)(C)C)Oc1ccccc1Cl,orthoester,0.218,0.1991,0.0651,-0.241206,0.21817,-0.00220373,0.01372382,49.77,train,train,train,train,validation,train,train,train
DFT0579,acetal1500_000579,CC(C)(C)COC(CBr)(Oc1ccccc1Cl)C1CC1,ketal,0.1627,0.1577,0.0516,-0.275069,0.227376,0.00138922,0.01296469,37.78,train,test,train,train,validation,train,test,train
DFT0580,acetal1500_000580,COC(CBr)(OCC(C)(C)C)Oc1ccccc1Cl,orthoester,0.2152,0.2116,0.0541,-0.284806,0.232853,-0.00170915,0.01518994,48.36,train,train,train,train,train,train,test,train
DFT0581,acetal1500_000581,CC(C)(C)COC(CBr)(Oc1ccccc1Cl)c1ccccc1,ketal,0.1621,0.138,0.042,-0.257814,0.230577,-0.00171326,0.01870511,54.06,train,train,train,train,test,train,train,test
DFT0582,acetal1500_000582,COC(CC(C)(C)C)(OCC(C)(C)C)Oc1ccccc1Cl,orthoester,0.2264,0.2224,0.0491,-0.27752,0.224777,-0.0008929,0.0127861,43.24,train,train,train,train,train,train,test,train
DFT0583,acetal1500_000583,CCOC(C)OCC,acetal,0.1215666666666666,0.0606333333333333,0.1530666666666666,-0.304151667,0.250658,-0.00060194,0.0133964433333333,42.41,test,train,train,train,train,train,validation,train
DFT0584,acetal1500_000584,CCOC(OCC)C(C)C,acetal,0.1210333333333333,0.0774333333333333,0.1385333333333333,-0.305965333,0.2484946666666666,-0.000308687,0.0127081933333333,39.123333333333335,train,test,train,train,train,train,test,train
DFT0585,acetal1500_000585,CCOC(OCC)C(C)(C)C,acetal,0.1222,0.0883,0.1259333333333333,-0.305988333,0.2484466666666666,-0.000649243,0.0121555366666666,36.92666666666667,train,train,train,test,train,train,train,train
DFT0586,acetal1500_000586,CCOC(CC(C)C)OCC,acetal,0.1211666666666666,0.0608333333333333,0.1616333333333333,-0.301458,0.2455083333333333,-0.000312417,0.0119679233333333,33.89333333333334,train,train,train,validation,validation,validation,train,train
DFT0587,acetal1500_000587,CCOC(CC)OCC,acetal,0.1208333333333333,0.0729,0.1499,-0.302411667,0.2503426666666666,-0.000913743,0.01253759,38.67666666666667,train,train,train,train,test,train,train,train
DFT0588,acetal1500_000588,CCOC(Cc1ccccc1)OCC,acetal,0.1226333333333333,0.1168333333333333,0.0954999999999999,-0.267137667,0.231429,-0.002037993,0.0129745366666666,42.82666666666666,train,train,train,validation,validation,train,validation,train
DFT0589,acetal1500_000589,CCOC(OCC)C(CC)CC,acetal,0.1217333333333333,0.0573,0.1569333333333333,-0.299106333,0.2465316666666666,-0.0005143,0.0110263833333333,32.05,test,train,validation,test,validation,train,train,train
DFT0590,acetal1500_000590,CCOC(CCc1ccccc1)OCC,acetal,0.1214,0.1186999999999999,0.0468333333333333,-0.261099333,0.229319,-0.000865247,0.0139880566666666,45.45333333333334,train,train,train,train,train,train,train,train
DFT0591,acetal1500_000591,CCOC(C)(C)OCC,ketal,0.1508,0.1336,0.1371333333333333,-0.295173333,0.2446906666666667,-0.00150611,0.0127310233333333,38.586666666666666,train,train,train,validation,train,train,train,train
DFT0592,acetal1500_000592,CCOC(C)(CC(C)(C)C)OCC,ketal,0.1537,0.1431666666666666,0.1298,-0.293456333,0.2434686666666666,-0.000631447,0.0112275,30.34,train,train,train,train,train,train,train,train
DFT0593,acetal1500_000593,CCOC(C=Cc1ccccc1)OCC,acetal,0.1177333333333333,0.0957666666666666,0.0959,-0.272621667,0.2150273333333333,-0.001896227,0.0134946,45.68333333333334,validation,train,train,train,train,train,train,train
DFT0594,acetal1500_000594,CCOC(C)(CCl)OCC,ketal,0.1494,0.1249666666666666,0.1229666666666666,-0.300661667,0.2556943333333333,1.6663333333333344e-05,0.0172796233333333,51.79,train,train,train,train,test,validation,train,test
DFT0595,acetal1500_000595,CCOC(C)(COc1ccccc1)OCC,ketal,0.1462333333333333,0.1439333333333333,0.0185,-0.266050667,0.214328,-0.00196169,0.0144462399999999,44.43333333333334,validation,validation,validation,test,train,train,train,train
DFT0596,acetal1500_000596,CCOC(C)(COC(C)=O)OCC,ketal,0.1455666666666666,0.1393,0.1653666666666666,-0.292964,0.2508503333333333,-0.001766933,0.015119,49.580000000000005,train,train,train,test,train,train,train,train
DFT0597,acetal1500_000597,CCOC(C)(CBr)OCC,ketal,0.1473666666666666,0.1255,0.1116666666666666,-0.298506333,0.2547726666666666,0.0006023633333333,0.0170318433333333,49.10333333333333,train,train,train,train,train,train,train,train
DFT0598,acetal1500_000598,CCOC(OCC)c1ccccc1,acetal,0.1208666666666666,0.0923333333333333,0.1015333333333333,-0.281835,0.2378433333333333,-0.00248828,0.0130753266666666,45.16666666666666,test,train,validation,test,train,train,test,train
DFT0599,acetal1500_000599,COC(OC)c1ccccc1,acetal,0.1218,0.0923,0.0968666666666666,-0.284712333,0.2393636666666666,-0.002617463,0.0152256766666666,53.66,train,train,train,train,test,test,train,test
DFT0600,acetal1500_000600,COC(C)(C)OC,ketal,0.1506,0.1319,0.1373,-0.301287,0.249477,-0.000547793,0.0147571666666666,47.17,validation,train,test,train,test,train,train,train
DFT0601,acetal1500_000601,COC(C)(CCl)OC,ketal,0.1493333333333333,0.1243666666666666,0.1343333333333333,-0.307093667,0.2567943333333333,0.0005486266666666,0.0203878,65.46,train,train,train,train,train,test,train,train
DFT0602,acetal1500_000602,COC(C)(OC)c1ccccc1,ketal,0.1517666666666667,0.1300333333333333,0.0570333333333333,-0.277967333,0.2386443333333333,-0.002053097,0.0132688633333333,44.27333333333333,train,validation,test,test,train,train,train,train
DFT0603,acetal1500_000603,CCOC(OCC)c1ccc(OC)cc1,acetal,0.1198333333333333,0.1042,0.0763333333333333,-0.272631667,0.212973,-0.002784463,0.0141412066666666,48.78666666666666,train,train,train,test,train,train,train,train
DFT0604,acetal1500_000604,CCOC(OCC)c1ccc(C)cc1,acetal,0.1203,0.0923666666666666,0.0879666666666666,-0.277309,0.228782,-0.002617307,0.012018,39.38,train,train,train,train,validation,test,train,train
DFT0605,acetal1500_000605,CCOC(OCC)c1ccc(Cl)cc1,acetal,0.1239333333333333,0.0978333333333333,0.0929333333333333,-0.281823,0.239417,4.227333333333335e-05,0.0146754566666666,46.71666666666667,train,train,test,train,test,train,train,train
DFT0606,acetal1500_000606,CCOC(OCC)c1ccc([N+](=O)[O-])cc1,acetal,0.1261333333333333,0.1157333333333333,0.2209666666666666,-0.289626667,0.2531823333333333,0.0034305299999999,0.0206023966666666,58.71,validation,test,train,validation,train,validation,test,validation
DFT0607,acetal1500_000607,CCOC(OCC)c1cccc(OC)c1,acetal,0.1230333333333333,0.0961666666666666,0.0504,-0.268603667,0.2139736666666666,-0.002913897,0.0138943233333333,48.92666666666667,train,test,train,train,train,test,train,test
DFT0608,acetal1500_000608,CCOC(OCC)c1cccc(C)c1,acetal,0.1206999999999999,0.0919,0.0631999999999999,-0.271210667,0.2306639999999999,-0.002451233,0.01200862,40.43666666666667,validation,train,test,validation,train,train,train,train
DFT0609,acetal1500_000609,CCOC(OCC)c1cccc([N+](=O)[O-])c1,acetal,0.1256499999999999,0.1193,0.2188999999999999,-0.291529,0.2533225,0.002095675,0.0196377849999999,58.53,train,train,validation,test,train,train,train,test
DFT0610,acetal1500_000610,COC(OC)OC,orthoester,0.1789,0.085,0.1730499999999999,-0.3159685,0.2668175,-0.001668105,0.01845465,64.67,test,train,train,train,train,train,test,train
DFT0611,acetal1500_000611,CCOC(OCC)OCC,orthoester,0.1772,0.1009999999999999,0.1707,-0.307220667,0.25992,-0.001023143,0.01484493,47.21333333333333,train,train,train,validation,train,train,test,train
DFT0612,acetal1500_000612,CCOC(C)(OCC)OCC,orthoester,0.20755,0.1954,0.11705,-0.3004555,0.2602445,-0.00265133,0.01165995,37.4,train,train,train,train,test,test,train,test
DFT0613,acetal1500_000613,COc1ccc(C(OC)OC)cc1,acetal,0.1206,0.1073666666666666,0.0767,-0.276805333,0.214088,-0.0030485,0.0173589433333333,59.330000000000005,train,test,train,train,train,train,validation,test
DFT0614,acetal1500_000614,COC(OC)c1ccc(C)cc1,acetal,0.1211,0.0921,0.0855,-0.280826667,0.2301673333333333,-0.00262968,0.0134241033333333,46.13666666666666,validation,train,train,validation,train,train,train,train
DFT0615,acetal1500_000615,COC(OC)c1ccccc1Cl,acetal,0.1197333333333333,0.0923333333333333,0.0602,-0.280138,0.2419299999999999,-0.0023191,0.0173621,57.03666666666667,train,train,train,train,train,validation,train,train
DFT0616,acetal1500_000616,COC(OC)c1cccc(Br)c1,acetal,0.1244333333333333,0.0956,0.0718666666666666,-0.278163333,0.2414886666666666,-0.001020917,0.01944606,61.866666666666674,train,train,train,train,train,train,test,validation
DFT0617,acetal1500_000617,CC(C)(C)COC(OCC(C)(C)C)c1ccccc1,acetal,0.1233666666666666,0.095,0.0808666666666666,-0.278179667,0.2404523333333333,-0.002018403,0.0108094033333333,31.01333333333333,train,train,test,train,train,train,validation,train
DFT0618,acetal1500_000618,COCCOC(OCCOC)c1ccccc1,acetal,0.1257666666666666,0.0958666666666666,0.0962666666666666,-0.259638,0.2377266666666666,-0.002577803,0.0142111066666666,48.99,train,train,train,train,train,test,validation,train
DFT0619,acetal1500_000619,COc1ccc(C(C)(OC)OC)cc1,ketal,0.1511,0.1418,0.0531333333333333,-0.272991,0.2133126666666666,-0.00306419,0.0156712366666666,55.126666666666665,train,train,validation,validation,test,train,train,validation
DFT0620,acetal1500_000620,COC(C)(OC)c1ccc(Cl)cc1,ketal,0.1527666666666667,0.1403666666666666,0.0603666666666666,-0.278645,0.2395706666666666,0.0002158266666666,0.0186812966666666,58.48,train,test,train,test,train,validation,train,test
DFT0621,acetal1500_000621,COC(C)(OC)c1ccc(Br)cc1,ketal,0.1527666666666667,0.1317333333333333,0.0583666666666666,-0.277943,0.238714,0.0003649733333333,0.01732907,51.34666666666667,train,test,test,train,test,test,train,train
DFT0622,acetal1500_000622,CCCOC(OCCC)c1ccc(N(C)C)cc1,acetal,0.1182333333333333,0.1046,0.0685666666666666,-0.255902333,0.1829663333333333,-0.0030196,0.01212178,41.43,train,train,train,train,validation,train,train,validation
DFT0623,acetal1500_000623,COC(OC)(OC)c1ccc(O)cc1,orthoester,0.2091999999999999,0.2016333333333333,0.0545,-0.286642333,0.2178086666666666,-0.003206163,0.01669043,45.5,train,train,train,train,train,test,train,train
DFT0624,acetal1500_000624,COc1ccc(C(OC)(OC)OC)cc1,orthoester,0.2091999999999999,0.2006,0.0524,-0.284730667,0.2153966666666666,-0.003610587,0.0140056366666666,46.88,test,validation,train,train,train,train,train,test
DFT0625,acetal1500_000625,COC(OC)(OC)c1ccc(C)cc1,orthoester,0.2090666666666666,0.1917666666666666,0.0531,-0.287345,0.232056,-0.003080117,0.0110286633333333,35.75666666666667,train,train,train,train,train,train,train,train
DFT0626,acetal1500_000626,COC(OC)(OC)c1ccccc1,orthoester,0.2101,0.1873,0.0527999999999999,-0.290329,0.241648,-0.00333282,0.0118593066666666,41.32666666666667,test,validation,train,validation,train,train,train,train
DFT0627,acetal1500_000627,COC(OC)(OC)c1ccc(F)cc1,orthoester,0.2104666666666666,0.2017999999999999,0.0589,-0.286537,0.239637,-0.00160242,0.01473464,49.52666666666666,train,test,train,train,validation,train,train,train
DFT0628,acetal1500_000628,COC(OC)(OC)c1ccc(Cl)cc1,orthoester,0.2106666666666666,0.2029,0.0527666666666666,-0.291783,0.2423743333333333,-0.000593817,0.0150896966666666,49.953333333333326,test,train,train,train,train,test,train,train
DFT0629,acetal1500_000629,COC(OC)(OC)c1ccc([N+](=O)[O-])cc1,orthoester,0.2117,0.2039,0.0802,-0.293614333,0.2612856666666667,0.0030499533333333,0.0190500433333333,65.25333333333333,train,train,train,test,train,train,train,train
DFT0630,acetal1500_000630,COc1ccc(OC(OC)c2ccccc2C(=O)O)cc1,acetal,0.1253999999999999,0.1115,0.079,-0.262248667,0.2006656666666666,-0.003736373,0.0198459833333333,59.873333333333335,train,train,train,train,train,validation,train,train
DFT0631,acetal1500_000631,COc1ccc(OC(OC)c2ccc(C(=O)O)cc2)cc1,acetal,0.1298,0.1115666666666666,0.0889666666666666,-0.264259333,0.207707,-0.00113418,0.0225668599999999,62.77666666666666,train,train,test,train,validation,train,train,train
DFT0632,acetal1500_000632,COC(Oc1cccc(C)c1)c1ccccc1C(=O)O,acetal,0.1258999999999999,0.1125,0.0861,-0.264217,0.2181216666666666,-0.00398177,0.0162475599999999,49.50333333333333,train,validation,train,train,train,train,train,train
DFT0633,acetal1500_000633,COC(Oc1ccc(Cl)cc1)c1ccccc1C(=O)O,acetal,0.1252666666666666,0.1120333333333333,0.0886333333333333,-0.265366,0.2236463333333333,-0.002282277,0.0211510166666666,62.25,train,train,train,train,train,train,test,train
DFT0634,acetal1500_000634,COC(Oc1cc(Cl)cc(Cl)c1)c1ccccc1C(=O)O,acetal,0.1326333333333333,0.1163666666666666,0.0811666666666666,-0.266355,0.2334783333333333,0.0002995299999999,0.0228829566666666,52.38333333333333,train,validation,train,train,train,train,train,train
DFT0635,acetal1500_000635,COC(Oc1cc(Cl)cc(Cl)c1)c1ccc(C(=O)O)cc1,acetal,0.137,0.1174,0.0985,-0.2713675,0.2346625,0.00313245,0.022469085,42.835,test,train,train,test,train,train,train,train
DFT0636,acetal1500_000636,COC(=O)c1ccc(C(OC)Oc2cc(Cl)cc(Cl)c2)cc1,acetal,0.1367666666666666,0.1173,0.0945666666666666,-0.268914,0.2345423333333333,0.0020421133333333,0.0204156366666666,45.92,train,validation,test,test,validation,train,validation,test
DFT0637,acetal1500_000637,COC(=O)c1ccccc1C(OC)Oc1ccc(OC)cc1,acetal,0.1222999999999999,0.1079,0.0773,-0.262557,0.203898,-0.005789335,0.01628905,59.09,train,train,validation,validation,train,validation,validation,validation
DFT0638,acetal1500_000638,COC(=O)c1ccc(C(OC)Oc2ccc(OC)cc2)cc1,acetal,0.1302666666666666,0.1120666666666666,0.088,-0.263187333,0.205388,-0.00201538,0.01971225,62.17,test,train,test,train,train,train,train,train
DFT0639,acetal1500_000639,COC(=O)c1ccccc1C(OC)Oc1ccc(C)cc1,acetal,0.1272,0.1110666666666666,0.0881333333333333,-0.263675,0.2153216666666666,-0.004700807,0.01524128,52.00333333333333,train,train,train,validation,train,validation,train,test
DFT0640,acetal1500_000640,COC(=O)c1ccccc1C(OC)Oc1cccc(C)c1,acetal,0.1277,0.1122333333333333,0.0825333333333333,-0.263736,0.2185593333333333,-0.004867717,0.0153102,51.623333333333335,validation,train,train,train,test,validation,train,train
DFT0641,acetal1500_000641,COC(=O)c1ccccc1C(OC)Oc1cccc(OC)c1,acetal,0.1244,0.1100999999999999,0.0506666666666666,-0.260592,0.211813,-0.005920417,0.01715204,61.97666666666667,test,train,train,train,train,train,validation,validation
DFT0642,acetal1500_000642,COC(=O)c1ccccc1C(OC)Oc1cccc(F)c1,acetal,0.1283666666666666,0.1131333333333333,0.0848999999999999,-0.264486667,0.223527,-0.002738823,0.0183513733333333,58.18666666666667,train,validation,train,validation,validation,train,train,train
DFT0643,acetal1500_000643,COC(=O)c1ccccc1C(OC)Oc1cccc(C(C)=O)c1,acetal,0.1263,0.1216333333333333,0.0931,-0.264342667,0.2277003333333333,-0.00226689,0.01888003,59.07333333333333,train,train,train,test,train,train,test,test
DFT0644,acetal1500_000644,COC(OC1CCCCC1C(=O)O)c1ccccc1,acetal,0.1229666666666666,0.0941666666666666,0.0900333333333333,-0.274969,0.237939,-0.003031873,0.01716593,53.95,train,train,train,train,train,train,train,test
DFT0645,acetal1500_000645,COc1ccc(C(OC)OC2CCCCC2C(=O)O)cc1,acetal,0.1207666666666666,0.109,0.0781333333333333,-0.269938333,0.2134563333333333,-0.003799443,0.01602719,51.07,train,train,test,train,train,test,test,train
DFT0646,acetal1500_000646,COC(OC1CCCCC1C(=O)O)c1ccccc1C(=O)O,acetal,0.1200999999999999,0.1059666666666666,0.1265666666666667,-0.277905667,0.246298,-0.002150397,0.0178185566666666,51.38333333333333,train,validation,train,test,validation,validation,validation,test
DFT0647,acetal1500_000647,COC(=O)C1CCCCC1OC(OC)c1ccccc1,acetal,0.12235,0.09375,0.09275,-0.2769175,0.2380035,-0.003523785,0.012582055,41.31,train,train,train,train,train,train,train,test
DFT0648,acetal1500_000648,COC(=O)C1CCCCC1OC(OC)c1ccc(OC)cc1,acetal,0.1215,0.109,0.0776999999999999,-0.270651333,0.2131083333333333,-0.003547947,0.0144124533333333,48.41666666666666,train,train,train,train,train,validation,validation,test
DFT0649,acetal1500_000649,COC(=O)C1CCCCC1OC(OC)c1cccc(Cl)c1,acetal,0.1257666666666666,0.0989999999999999,0.08,-0.274282333,0.2399003333333333,-0.00039055,0.01664928,50.81,train,train,train,train,train,train,train,train
DFT0650,acetal1500_000650,COC(=O)c1ccccc1C(OC)OC1CCCCC1C(=O)OC,acetal,0.1209333333333333,0.1058,0.1170333333333333,-0.277942,0.2448553333333333,-0.004599073,0.0134337966666666,46.66,train,train,train,train,train,train,test,train
DFT0651,acetal1500_000651,CCOC(=O)C1CCCCC1OC(OC1CCCCC1C(=O)OCC)c1ccccc1,acetal,0.1247333333333333,0.0986333333333333,0.1025999999999999,-0.273501,0.2350633333333333,-0.00282568,0.0133135466666666,43.46,train,validation,test,train,validation,train,test,train
DFT0652,acetal1500_000652,O=C(O)C1CCCCC1OC(OC1CCCCC1C(=O)O)c1ccccc1,acetal,0.1234,0.0959,0.1028,-0.275106,0.234606,-0.00203417,0.01514979,41.98,train,test,test,validation,test,train,train,test
DFT0653,acetal1500_000653,CCOC(COC)OCC,acetal,0.1144,0.0625333333333333,0.1136666666666666,-0.283604333,0.2458033333333333,-0.001351017,0.0153111933333333,48.41,validation,train,train,validation,test,train,test,train
DFT0654,acetal1500_000654,CCOC(CSC)OCC,acetal,0.1177666666666666,0.0977,0.0548666666666666,-0.275404333,0.2251276666666666,-0.000653807,0.0151616766666666,50.06,test,train,train,train,train,train,train,train
DFT0655,acetal1500_000655,CCCCC(OCC)OCC,acetal,0.1203333333333333,0.0693333333333333,0.1461333333333333,-0.303336,0.2483743333333333,-2.24E-05,0.01111836,32.07666666666667,train,validation,validation,train,train,train,train,train
DFT0656,acetal1500_000656,CCOC(C)(CCCOC)OCC,ketal,0.1515666666666666,0.1421333333333333,0.0571666666666666,-0.265991333,0.2466283333333333,-0.001174253,0.0111780866666666,32.76,train,train,test,validation,validation,train,train,validation
DFT0657,acetal1500_000657,CCOC(C)(CCCSC)OCC,ketal,0.1510999999999999,0.1483666666666666,0.0096666666666666,-0.261070333,0.2202326666666666,0.0006385933333333,0.0119695233333333,36.82333333333333,train,train,train,train,train,train,train,validation
DFT0658,acetal1500_000658,C=CCCCOC(OCCCC=C)c1ccc2c(c1)CC(=O)N2O,acetal,0.1216666666666666,0.1053,0.0650666666666666,-0.24847,0.204535,0.0022772733333333,0.0175041566666666,49.11333333333334,train,test,train,train,train,train,train,test
DFT0659,acetal1500_000659,C=C(C)C(=O)OCCCOC(OCCCOC(=O)C(=C)C)c1ccc2c(c1)CC(=O)N2O,acetal,0.1238,0.1230999999999999,0.0779,-0.266333667,0.205058,0.0022872366666666,0.0189231,53.553333333333335,train,train,validation,train,test,train,train,test
DFT0660,acetal1500_000660,C=C(C)C(=O)OCCOC(OCCOC(=O)C(=C)C)c1ccc2c(c1)CC(=O)N2O,acetal,0.1270333333333333,0.1258333333333333,0.0796333333333333,-0.266409333,0.2051366666666666,0.0018882866666666,0.0195695533333333,55.38,train,test,train,test,train,train,train,train
DFT0661,acetal1500_000661,CC(C)(OCCNC(=O)C(F)(F)F)OCCNC(=O)C(F)(F)F,ketal,0.1573,0.1552,0.1268,-0.280203,0.2496736666666666,0.0056935633333333,0.0297691366666666,67.74,train,train,train,train,train,train,train,train
DFT0662,acetal1500_000662,CC(C)(OCCCCCCNC(=O)C(F)(F)F)OCCCCCCNC(=O)C(F)(F)F,ketal,0.1520666666666666,0.152,0.1536,-0.269256667,0.243546,0.0048923266666666,0.0234670033333333,64.57000000000001,train,validation,test,train,train,train,validation,train
DFT0663,acetal1500_000663,CC(C)(OCCCNC(=O)C(F)(F)F)OCCCNC(=O)C(F)(F)F,ketal,0.1540666666666666,0.1532666666666666,0.1878666666666666,-0.274777333,0.242023,0.0070396033333333,0.0305356233333333,70.68666666666667,test,train,test,train,validation,validation,train,train
DFT0664,acetal1500_000664,O=C(NCCOC(OCCNC(=O)C(F)(F)F)c1ccccc1)C(F)(F)F,acetal,0.1265666666666667,0.1068666666666666,0.0927333333333333,-0.273898667,0.2393846666666666,0.00431096,0.0307135166666666,66.22,train,train,validation,test,train,train,train,train
DFT0665,acetal1500_000665,O=C(NCCOC(OCCNC(=O)C(F)(F)F)c1ccco1)C(F)(F)F,acetal,0.1240999999999999,0.1193,0.1094666666666666,-0.26926,0.2231389999999999,0.00390031,0.03509754,69.83666666666666,train,train,train,validation,train,train,test,train
DFT0666,acetal1500_000666,COc1ccc(C(OCCNC(=O)C(F)(F)F)OCCNC(=O)C(F)(F)F)cc1,acetal,0.1259333333333333,0.118,0.0768666666666666,-0.267341333,0.2136053333333333,0.0023210466666666,0.0318752033333333,68.75666666666666,train,train,train,train,train,validation,test,validation
DFT0667,acetal1500_000667,COc1ccc(C(OCCNC(=O)C(F)(F)F)OCCNC(=O)C(F)(F)F)c(OC)c1,acetal,0.1209333333333333,0.1170333333333333,0.0818666666666666,-0.268114,0.2049806666666666,0.0041902633333333,0.0298526966666666,69.64333333333333,test,train,train,test,train,train,train,test
DFT0668,acetal1500_000668,COc1cc(C(OCCNC(=O)C(F)(F)F)OCCNC(=O)C(F)(F)F)cc(OC)c1OC,acetal,0.1286666666666666,0.1056666666666666,0.0610666666666666,-0.252321333,0.214146,0.0055101499999999,0.0309243266666666,67.23,train,train,train,test,validation,train,test,test
DFT0669,acetal1500_000669,CCOC(C)(OCC)C(C)(C)C,ketal,0.1556333333333333,0.1478,0.1027333333333333,-0.302362,0.2445063333333333,-0.000544613,0.0122305233333333,36.336666666666666,train,train,train,train,train,train,train,train
DFT0670,acetal1500_000670,COCCOC(OCCOC)OCCOC,orthoester,0.1827,0.1216333333333333,0.0365666666666666,-0.261053333,0.2507136666666666,-0.003894233,0.01878046,60.95,validation,train,train,validation,train,train,validation,train
DFT0671,acetal1500_000671,CC(OCC(F)(F)F)OCC(F)(F)F,acetal,0.1352,0.0612333333333333,0.1606,-0.334014,0.2727003333333333,0.0029951333333333,0.0296552533333333,64.87666666666667,test,test,train,train,train,train,train,test
DFT0672,acetal1500_000672,CC(C)OCOC(C)C,acetal,0.0932,0.0186666666666666,0.2149,-0.299389667,0.2513983333333333,-0.0001492,0.01234695,39.87,train,train,test,train,train,train,train,test
DFT0673,acetal1500_000673,CC(C)(C)OCOC(C)(C)C,acetal,0.08985,0.0344,0.23625,-0.2946395,0.2427265,-0.00059442,0.0120005099999999,36.25,train,train,train,train,train,train,train,validation
DFT0674,acetal1500_000674,FCCOCOCCF,acetal,0.1011666666666666,-0.0037,0.2390666666666666,-0.309347333,0.2580283333333333,0.0019724933333333,0.0263561799999999,77.88333333333334,test,validation,test,train,test,validation,train,train
DFT0675,acetal1500_000675,CCOCOC(C)(C)C,acetal,0.0924,0.0554,0.2494666666666666,-0.297145333,0.244561,-0.000648663,0.0127297966666666,41.86666666666667,train,train,train,train,train,train,train,train
DFT0676,acetal1500_000676,CC(C)OCOCCF,acetal,0.0938,0.0131333333333333,0.2118999999999999,-0.304064667,0.252474,0.0007463066666666,0.0170328666666666,54.23666666666667,train,validation,train,train,test,train,train,test
DFT0677,acetal1500_000677,FCCOCOCCCl,acetal,0.1008333333333333,0.0863666666666666,0.2454666666666666,-0.305843,0.264442,0.0027248933333333,0.0277081666666666,78.60666666666667,validation,validation,train,train,train,train,train,test
DFT0678,acetal1500_000678,CCOC(OCCOC)c1ccccc1,acetal,0.1225,0.0932,0.10115,-0.2586435,0.237732,-0.004897175,0.014678885,50.86,train,test,train,train,train,train,train,validation
DFT0679,acetal1500_000679,CCOC(OCC(F)(F)F)c1ccccc1,acetal,0.1252333333333333,0.0940333333333333,0.0885333333333333,-0.28728,0.2399986666666666,-0.000494003,0.0180509133333333,50.25333333333333,train,test,validation,train,train,train,test,train
DFT0680,acetal1500_000680,CCOC(OCC)c1cccc(Cl)c1,acetal,0.1243,0.0967666666666666,0.0959333333333333,-0.274546,0.2391146666666666,-0.00037016,0.0173150066666666,55.77,train,validation,validation,train,train,train,train,validation
DFT0681,acetal1500_000681,COC(C)(OC)OC,orthoester,0.2077666666666666,0.1903333333333333,0.1172666666666666,-0.307697667,0.2633256666666666,-0.00200227,0.0141529266666666,50.836666666666666,test,train,train,test,train,train,test,train
DFT0682,acetal1500_000682,COC(OC)c1ccc([N+](=O)[O-])cc1,acetal,0.1264,0.1157666666666666,0.2138666666666666,-0.29138,0.2565176666666666,0.0033370733333333,0.02346792,67.45666666666666,train,validation,validation,train,train,train,validation,train
DFT0683,acetal1500_000683,COC(OC)c1cccc([N+](=O)[O-])c1,acetal,0.1261666666666666,0.1197333333333333,0.2141333333333333,-0.294356667,0.2546246666666666,0.0024351033333333,0.0228170333333333,68.42666666666666,test,test,test,train,train,train,train,train
DFT0684,acetal1500_000684,COC(OC)c1cccc(Cl)c1,acetal,0.1245,0.0961,0.0714666666666666,-0.278282,0.2422066666666666,-0.00076978,0.0199952,63.57333333333333,train,validation,train,validation,train,train,test,validation
DFT0685,acetal1500_000685,COC(OC)c1ccc(Br)cc1,acetal,0.1235,0.0949,0.0967,-0.284015667,0.2391843333333333,-0.00034625,0.0188514266666666,58.01333333333333,train,train,train,train,test,train,train,train
DFT0686,acetal1500_000686,COc1cccc(C(OC)OC)c1,acetal,0.1222,0.0940666666666666,0.0507333333333333,-0.271314333,0.2150483333333333,-0.003730267,0.01634271,59.95666666666667,test,train,train,test,train,test,train,train
DFT0687,acetal1500_000687,COC(OC)c1cccc(C)c1,acetal,0.1214,0.09135,0.0599,-0.275331,0.2305855,-0.002328625,0.0141438449999999,48.59,train,train,test,validation,train,train,train,validation
DFT0688,acetal1500_000688,COC(OC)c1ccc(O)cc1,acetal,0.1204333333333333,0.1067,0.0813666666666666,-0.278435667,0.2162486666666666,-0.002488237,0.0194639333333333,56.873333333333335,train,test,train,validation,train,train,train,train
DFT0689,acetal1500_000689,CCOC(OCC)Oc1ccccc1,orthoester,0.1865666666666667,0.1788,0.0808,-0.286739333,0.222261,-0.001557377,0.0158788866666666,53.126666666666665,train,train,train,train,train,train,validation,train
DFT0690,acetal1500_000690,CCOC(Oc1ccccc1)Oc1ccccc1,orthoester,0.1949,0.1866,0.0842,-0.237997333,0.223656,-0.002020367,0.0161105866666666,53.77666666666666,test,train,train,train,train,train,train,validation
DFT0691,acetal1500_000691,CCOC(C)(Oc1ccccc1)Oc1ccccc1,orthoester,0.2195,0.2141,0.0742,-0.246935667,0.2316023333333333,-0.002392433,0.0145021133333333,49.90333333333333,validation,train,train,train,validation,validation,test,train
DFT0692,acetal1500_000692,Cc1ccc(C(OC(C)(C)C)OC(C)(C)C)cc1,acetal,0.1206,0.1027666666666666,0.0804,-0.274349333,0.2224906666666666,-0.002358443,0.0121627233333333,35.50666666666667,train,train,validation,train,train,test,train,train
DFT0693,acetal1500_000693,CC(C)(C)OC(OC(C)(C)C)c1ccccc1,acetal,0.1216,0.0978333333333333,0.0886,-0.279643667,0.2282263333333333,-0.002275783,0.0138667066666666,41.53333333333333,train,validation,train,train,train,train,validation,validation
DFT0694,acetal1500_000694,CCCC(OCC)OCC,acetal,0.1215333333333333,0.0718,0.1654666666666666,-0.301206,0.2476726666666666,-0.00077919,0.01223686,34.73,train,train,train,train,test,train,train,train
DFT0695,acetal1500_000695,O=C(O)c1ccccc1OCOCC(F)(F)F,acetal,0.1172666666666666,0.1075333333333333,0.1320333333333333,-0.293136667,0.2306066666666666,0.0003176033333333,0.0309692166666666,65.06,train,train,test,train,train,train,test,train
DFT0696,acetal1500_000696,CCOCOc1ccccc1C(=O)O,acetal,0.1113666666666666,0.1018999999999999,0.1373333333333333,-0.287981,0.2259896666666666,-0.001580987,0.02184899,61.64333333333334,train,train,test,train,train,train,train,train
DFT0697,acetal1500_000697,COCOc1ccccc1C(=O)OC,acetal,0.1108666666666666,0.1012666666666666,0.1275,-0.278986667,0.2288866666666666,-0.003850253,0.02036445,65.73666666666666,train,train,train,train,validation,train,train,train
DFT0698,acetal1500_000698,COCOc1c(C)cccc1C(=O)OC,acetal,0.1030333333333333,0.0917,0.1082,-0.284081333,0.233956,-0.00306037,0.0167034133333333,55.46333333333333,train,train,test,test,train,train,test,test
DFT0699,acetal1500_000699,COCOc1c(C)cccc1C(=O)O,acetal,0.1025,0.0910666666666666,0.1015333333333333,-0.279421,0.2348016666666666,-0.001072603,0.0211205466666666,62.50666666666666,train,train,train,train,train,test,train,train
DFT0700,acetal1500_000700,COCOc1ccc([N+](=O)[O-])cc1C(=O)O,acetal,0.1196333333333333,0.1113,0.1697,-0.294798,0.2469416666666667,0.0039498066666666,0.0306296866666666,71.21333333333332,train,train,train,train,test,train,train,train
DFT0701,acetal1500_000701,CC(C)(OCCOCCN)OCCOCCNC(=O)C(F)(F)F,ketal,0.1542,0.1541,0.02175,-0.2556625,0.2336515,0.00420941,0.02374389,67.205,train,train,train,train,train,train,train,train
DFT0702,acetal1500_000702,C=CCCCOC(OCCCC=C)c1ccc(N(O)O)c(CCO)c1,acetal,0.1234333333333333,0.0991,0.0650666666666666,-0.250665667,0.2275836666666666,-2.74E-06,0.0166577066666666,44.15333333333333,validation,train,train,train,train,train,train,train
DFT0703,acetal1500_000703,C=C(C)C(=O)OCCOC(OCCOC(=O)C(=C)C)c1ccc(N(O)O)c(CCO)c1,acetal,0.1258,0.1247666666666666,0.0771666666666666,-0.267028667,0.2250786666666666,-0.001386353,0.0202498033333333,55.07333333333333,train,train,test,train,validation,train,train,validation
DFT0704,acetal1500_000704,CCOC(C)OC,acetal,0.1220333333333333,0.0736,0.1632666666666666,-0.304269667,0.2525096666666667,-0.000759983,0.0140927933333333,45.46666666666667,train,train,train,train,train,train,validation,train
DFT0705,acetal1500_000705,CCCOC(C)OC,acetal,0.1220999999999999,0.0663666666666666,0.1653666666666666,-0.302493333,0.251972,-0.00054685,0.0132255133333333,41.13666666666666,test,train,train,test,test,train,test,validation
DFT0706,acetal1500_000706,COC(C)OC(C)C,acetal,0.1210333333333333,0.0755333333333333,0.1459,-0.307582,0.2513606666666666,-0.00015552,0.0139685733333333,44.63666666666666,validation,train,train,train,train,train,train,train
DFT0707,acetal1500_000707,CCCCOC(C)OC,acetal,0.1216666666666666,0.0602666666666666,0.1622666666666666,-0.301846,0.249825,0.0008736466666666,0.0124586633333333,36.66,test,train,train,test,train,train,train,train
DFT0708,acetal1500_000708,COC(C)OCC(C)C,acetal,0.1227666666666666,0.0823999999999999,0.1605,-0.302426667,0.2512646666666666,-8.76E-05,0.01204277,35.43,validation,train,train,test,train,train,train,test
DFT0709,acetal1500_000709,COC(C)OC(C)(C)C,acetal,0.121,0.0748333333333333,0.1505999999999999,-0.300804667,0.2503293333333333,-0.00029229,0.0139748,41.84,train,train,validation,train,train,train,test,train
DFT0710,acetal1500_000710,CCCCCOC(C)OC,acetal,0.1218,0.0765333333333333,0.1584666666666666,-0.302800667,0.2470693333333333,0.0019400166666666,0.0123150433333333,34.85,validation,validation,train,test,train,train,test,train
DFT0711,acetal1500_000711,COC(C)OCC(C)(C)C,acetal,0.1231,0.1087,0.1614,-0.304207,0.251356,0.0003771033333333,0.0125289499999999,34.03666666666667,validation,validation,test,train,train,train,validation,train
DFT0712,acetal1500_000712,COC(C)OCF,acetal,0.1279,0.0391333333333333,0.1486333333333333,-0.338605333,0.2664893333333333,0.00021268,0.0184764766666666,59.303333333333335,train,test,validation,train,train,train,train,validation
DFT0713,acetal1500_000713,COC(C)OC(F)F,acetal,0.1354,0.0614333333333333,0.1548333333333333,-0.349437333,0.26908,0.0019549933333333,0.0249750266666666,73.55,train,train,test,train,train,train,train,train
DFT0714,acetal1500_000714,COC(C)OC(F)(F)F,acetal,0.1389,0.0296,0.1369,-0.366893667,0.2843263333333333,0.0011431266666666,0.0187473799999999,55.16666666666666,train,test,train,test,validation,test,train,test
DFT0715,acetal1500_000715,COC(C)OCCF,acetal,0.1244666666666666,0.0487,0.1697,-0.308364,0.2561503333333333,0.0007212866666666,0.02119052,64.99,train,train,train,train,train,train,train,validation
DFT0716,acetal1500_000716,COC(C)OCC(F)F,acetal,0.1258333333333333,0.0605999999999999,0.1668666666666666,-0.314107667,0.2591676666666667,0.0015280933333333,0.01996305,63.61666666666667,train,train,validation,validation,train,test,train,test
DFT0717,acetal1500_000717,COC(C)OC(Cl)Cl,acetal,0.1413666666666666,0.1229666666666666,0.1784333333333333,-0.319959,0.2764213333333333,0.0024811566666666,0.0277531833333333,67.04,train,test,train,test,train,test,train,train
DFT0718,acetal1500_000718,COC(C)OCCCl,acetal,0.1257333333333333,0.1107333333333333,0.1953,-0.304744333,0.2568786666666667,0.0011991733333333,0.0203118666666666,67.18,validation,train,train,train,train,train,train,train
DFT0719,acetal1500_000719,COC(C)OCC(Cl)Cl,acetal,0.1278999999999999,0.1194666666666666,0.2066,-0.312290333,0.2626013333333333,0.0007878766666666,0.0244226899999999,63.94,test,validation,train,train,train,train,train,train
DFT0720,acetal1500_000720,COC(C)OCBr,acetal,0.1312,0.1166,0.1437,-0.312300333,0.2686686666666666,0.0015102666666666,0.0209212933333333,60.43,test,train,train,train,train,train,test,train
DFT0721,acetal1500_000721,COC(C)OCCBr,acetal,0.1254333333333333,0.1139999999999999,0.1862333333333333,-0.289049333,0.2561896666666667,0.0007761366666666,0.0211162166666666,64.74666666666667,train,train,test,train,train,validation,train,train
DFT0722,acetal1500_000722,COCCOC(C)OC,acetal,0.1237333333333333,0.0611333333333333,0.0883666666666666,-0.276268333,0.2485953333333333,-0.001851587,0.0166472,55.673333333333325,train,test,train,test,train,train,train,train
DFT0723,acetal1500_000723,COC(C)OCCO,acetal,0.1242333333333333,0.1028999999999999,0.164,-0.28233,0.2542663333333333,0.00055821,0.02010708,60.45666666666667,train,test,test,train,train,train,train,train
DFT0724,acetal1500_000724,COC(C)OCOCc1ccccc1,acetal,0.1249666666666666,0.1234,0.0147666666666666,-0.268799333,0.2382606666666666,-0.00142609,0.0174536533333333,55.95333333333334,test,train,train,train,train,train,train,test
DFT0725,acetal1500_000725,COC(C)OCCOCCc1ccccc1,acetal,0.1233333333333333,0.1232,0.0032666666666666,-0.255114,0.23033,-0.00063376,0.01708489,51.96,train,train,train,train,train,test,train,train
DFT0726,acetal1500_000726,COC(C)OC1CC1,acetal,0.1229,0.0916,0.1053666666666666,-0.298245,0.2457976666666666,-5.18E-05,0.0148904666666666,47.383333333333326,train,validation,train,validation,train,validation,test,train
DFT0727,acetal1500_000727,COC(C)OC1CCC1,acetal,0.1233,0.0686333333333333,0.1244,-0.301698667,0.246653,0.0004278599999999,0.0127185133333333,38.92333333333334,train,train,train,validation,train,train,train,test
DFT0728,acetal1500_000728,COC(C)OC1CCCC1,acetal,0.1216,0.0845,0.1382,-0.302098667,0.2489506666666666,-0.00022244,0.0130717633333333,38.31,train,train,train,train,train,train,validation,validation
DFT0729,acetal1500_000729,COC(C)OC1CCCCC1,acetal,0.1212,0.0972,0.1179,-0.298349,0.248085,0.00111728,0.01217793,34.97,train,train,train,test,test,test,train,train
DFT0730,acetal1500_000730,COC(C)OC1CCCCCC1,acetal,0.1207333333333333,0.1013333333333333,0.1343333333333333,-0.299118333,0.2481363333333333,0.00074685,0.0114367066666666,32.54666666666667,train,train,train,train,train,train,train,train
DFT0731,acetal1500_000731,COC(C)OC1CC2CCC1C2,acetal,0.1216333333333333,0.0781333333333333,0.1284666666666666,-0.297280667,0.247013,0.0001845466666666,0.01225136,34.29666666666667,train,train,train,train,train,train,train,train
DFT0732,acetal1500_000732,COC(C)OCc1ccccc1,acetal,0.1224333333333333,0.1140666666666666,0.0503666666666666,-0.270895667,0.236463,-0.001415417,0.0155659966666666,51.22666666666667,validation,train,test,train,train,test,train,test
DFT0733,acetal1500_000733,COC(C)Oc1ccccc1,acetal,0.132,0.1242,0.0866,-0.287685667,0.2151146666666666,-0.000953403,0.0150949633333333,50.78333333333333,validation,train,train,train,test,train,test,train
DFT0734,acetal1500_000734,COC(C)OCc1ccc(C)cc1,acetal,0.1224,0.1124333333333333,0.0337333333333333,-0.265686,0.2282313333333333,-0.002296273,0.01345476,44.330000000000005,train,train,train,validation,train,train,train,train
DFT0735,acetal1500_000735,COC(C)OCOc1ccccc1,acetal,0.1263333333333333,0.1247333333333333,0.0181333333333333,-0.277202333,0.21661,-0.000783027,0.0167881466666666,51.50333333333333,train,train,train,train,train,train,test,test
DFT0736,acetal1500_000736,COC(C)Oc1ccccn1,acetal,0.1273,0.1184,0.0949,-0.289921,0.2263769999999999,-0.002269187,0.0147297,42.61,train,train,test,validation,test,train,train,test
DFT0737,acetal1500_000737,COC(C)OCN,acetal,0.1188,0.0917999999999999,0.09605,-0.280323,0.2466574999999999,-0.00150355,0.0220263,59.38,train,train,train,train,train,validation,train,train
DFT0738,acetal1500_000738,COC(C)OCC#N,acetal,0.129,0.1014666666666666,0.2004,-0.322949667,0.2608843333333333,0.00397708,0.02765462,76.01,train,train,test,test,validation,test,test,train
DFT0739,acetal1500_000739,COC(C)OCN1CCCCC1,acetal,0.1215,0.1017,0.0328333333333333,-0.268303667,0.2062793333333333,-0.00081151,0.01222141,35.49666666666666,train,train,train,train,validation,test,train,train
DFT0740,acetal1500_000740,C=COC(C)OC,acetal,0.1308333333333333,0.1106333333333333,0.0919333333333333,-0.286733,0.225805,-0.000624767,0.0180705433333333,57.45333333333334,train,test,train,train,train,train,train,train
DFT0741,acetal1500_000741,C=CCOC(C)OC,acetal,0.1214666666666666,0.1096666666666666,0.1319333333333333,-0.282611667,0.249155,-0.000270837,0.0152816033333333,47.24666666666667,train,train,test,validation,train,validation,validation,train
DFT0742,acetal1500_000742,C#CCOC(C)OC,acetal,0.1233,0.0990333333333333,0.1533,-0.289985,0.2546396666666666,-0.001392067,0.0178331333333333,56.830000000000005,train,train,train,validation,train,train,train,train
DFT0743,acetal1500_000743,CCCOC(C)OCC,acetal,0.1217333333333333,0.0633333333333333,0.1626,-0.301283,0.2500843333333333,-0.00066724,0.01234937,37.74333333333333,train,train,train,test,train,train,train,train
DFT0744,acetal1500_000744,CCOC(C)OC(C)C,acetal,0.1211666666666666,0.0781666666666666,0.1461333333333333,-0.304613,0.2485163333333333,-0.000453037,0.0128936533333333,39.71,train,validation,train,train,train,train,test,train
DFT0745,acetal1500_000745,CCCCOC(C)OCC,acetal,0.1218,0.0707,0.1575333333333333,-0.299253333,0.2502703333333333,-0.000357723,0.0108261733333333,30.816666666666663,validation,train,train,train,train,train,train,train
DFT0746,acetal1500_000746,CCOC(C)OCC(C)C,acetal,0.122,0.0706333333333333,0.1598333333333333,-0.299629667,0.2490266666666666,1.8256666666666664e-05,0.0119293266666666,34.17666666666667,train,train,train,test,train,test,train,train
DFT0747,acetal1500_000747,CCOC(C)OC(C)(C)C,acetal,0.1208,0.0776,0.146,-0.297980333,0.2487143333333333,-0.000623317,0.0127225033333333,37.81666666666667,test,train,train,train,train,train,validation,validation
DFT0748,acetal1500_000748,CCCCCOC(C)OCC,acetal,0.1226333333333333,0.064,0.1601,-0.297304333,0.249725,-0.001131653,0.0120103966666666,33.27,train,train,validation,train,test,validation,train,train
DFT0749,acetal1500_000749,CCOC(C)OCC(C)(C)C,acetal,0.1226,0.0953333333333333,0.1624666666666666,-0.300819667,0.2498316666666666,-0.000110617,0.0118639966666666,32.376666666666665,train,train,train,train,test,test,train,train
DFT0750,acetal1500_000750,CCOC(C)OCF,acetal,0.1258666666666666,0.0627666666666666,0.1484666666666666,-0.333968,0.258477,0.00058397,0.0150332633333333,53.086666666666666,train,train,train,train,train,validation,test,train
DFT0751,acetal1500_000751,CCOC(C)OC(F)F,acetal,0.1342666666666666,0.0720333333333333,0.1473333333333333,-0.348743667,0.262661,0.0022870066666666,0.0212908033333333,68.72666666666667,train,train,test,train,train,train,train,train
DFT0752,acetal1500_000752,CCOC(C)OC(F)(F)F,acetal,0.1389,0.0331333333333333,0.1245,-0.360206333,0.2809703333333333,0.00100646,0.01633478,49.47666666666667,validation,train,train,train,test,train,train,train
DFT0753,acetal1500_000753,CCOC(C)OCCF,acetal,0.1236,0.0626,0.1508333333333333,-0.306285667,0.253438,0.00034083,0.0180882666666666,54.48,test,train,train,train,train,train,test,train
DFT0754,acetal1500_000754,CCOC(C)OCC(F)F,acetal,0.1257,0.0569333333333333,0.1647333333333333,-0.310277667,0.2576683333333333,0.0005996066666666,0.0196559899999999,56.623333333333335,train,train,test,train,train,train,train,train
DFT0755,acetal1500_000755,CCOC(C)OCCl,acetal,0.1293333333333333,0.1137,0.1716666666666666,-0.311562333,0.2634596666666666,0.0017798466666666,0.01817582,60.50333333333333,train,train,train,train,test,train,validation,train
DFT0756,acetal1500_000756,CCOC(C)OC(Cl)Cl,acetal,0.1404,0.1222333333333333,0.1718333333333333,-0.317421667,0.2708143333333333,0.0027757133333333,0.0243300166666666,66.03333333333333,train,train,train,validation,test,train,train,validation
DFT0757,acetal1500_000757,CCOC(C)OCCCl,acetal,0.1251666666666666,0.1139666666666666,0.1902,-0.303083333,0.25442,0.0009364366666666,0.0210408933333333,63.38,train,train,validation,train,train,train,train,train
DFT0758,acetal1500_000758,CCOC(C)OCC(Cl)Cl,acetal,0.1279666666666666,0.1195666666666666,0.2206333333333333,-0.309947667,0.260381,0.0009385466666666,0.0239772966666666,59.01,validation,train,train,train,train,train,validation,train
DFT0759,acetal1500_000759,CCOC(C)OCBr,acetal,0.1296,0.1144999999999999,0.1302,-0.306921333,0.2656243333333333,0.0013391366666666,0.0166649133333333,53.91333333333333,train,train,train,train,train,test,train,validation
DFT0760,acetal1500_000760,CCOC(C)OCCBr,acetal,0.1252666666666666,0.1107666666666666,0.1962333333333333,-0.28531,0.2539546666666667,0.00130057,0.01831976,56.89666666666667,test,train,train,train,train,train,test,test
DFT0761,acetal1500_000761,CCOC(C)OCCOC,acetal,0.1233333333333333,0.0875666666666666,0.0997333333333333,-0.274117333,0.2463699999999999,-0.00184757,0.0154471466666666,48.93,train,test,train,train,train,train,train,train
DFT0762,acetal1500_000762,CCOC(C)OCCO,acetal,0.1240333333333333,0.0954666666666666,0.1500333333333333,-0.285593,0.2506376666666667,0.0007279599999999,0.01722522,53.29666666666666,train,train,train,train,validation,train,train,train
DFT0763,acetal1500_000763,CCOC(C)OCOCc1ccccc1,acetal,0.1247,0.1232666666666666,0.0106333333333333,-0.265885333,0.2380003333333333,-0.002272947,0.01465225,46.370000000000005,train,train,train,train,train,train,train,test
DFT0764,acetal1500_000764,CCOC(C)OCCOCCc1ccccc1,acetal,0.1232333333333333,0.1230666666666666,0.0041333333333333,-0.258920333,0.2291483333333333,-0.000148917,0.01436597,44.66666666666666,train,train,train,train,train,train,train,test
DFT0765,acetal1500_000765,CCOC(C)OC1CC1,acetal,0.1243333333333333,0.0684666666666666,0.1112333333333333,-0.284919667,0.2448516666666667,-0.001167423,0.0128595633333333,40.2,train,train,train,train,train,train,train,validation
DFT0766,acetal1500_000766,CCOC(C)OC1CCC1,acetal,0.1229,0.0686,0.1431333333333333,-0.295468,0.245416,-0.000452623,0.0122809733333333,34.96,test,train,train,train,train,train,train,train
DFT0767,acetal1500_000767,CCOC(C)OC1CCCC1,acetal,0.1216,0.0821333333333333,0.1305,-0.301416333,0.2468736666666666,0.0002521466666666,0.0122054866666666,35.52333333333333,train,validation,test,train,train,train,train,validation
DFT0768,acetal1500_000768,CCOC(C)OC1CCCCC1,acetal,0.1210333333333333,0.0865333333333333,0.1463333333333333,-0.291491,0.2445386666666666,-0.000112007,0.0114486033333333,31.506666666666664,train,test,train,train,train,train,train,train
DFT0769,acetal1500_000769,CCOC(C)OC1CC2CCC1C2,acetal,0.1211,0.0991333333333333,0.1273333333333333,-0.297203333,0.2440013333333333,0.00036442,0.0115247966666666,30.633333333333336,train,train,train,train,train,validation,train,train
DFT0770,acetal1500_000770,CCOC(C)OCc1ccccc1,acetal,0.1216,0.1156999999999999,0.0452,-0.270462333,0.2336296666666666,-0.001059587,0.0145397,44.53333333333333,train,test,train,train,train,train,train,train
DFT0771,acetal1500_000771,CCOC(C)Oc1ccccc1,acetal,0.1315,0.1238333333333333,0.0853333333333333,-0.282450333,0.215835,-0.00140695,0.0142011433333333,47.696666666666665,train,train,train,validation,train,train,validation,validation
DFT0772,acetal1500_000772,CCOC(C)OCc1ccc(C)cc1,acetal,0.1211,0.1120666666666666,0.0338,-0.267017333,0.2277786666666666,-0.00156453,0.01286848,39.84,train,train,train,train,train,train,train,train
DFT0773,acetal1500_000773,CCOC(C)OCOc1ccccc1,acetal,0.1263333333333333,0.1245666666666666,0.0202333333333333,-0.272211,0.2167916666666666,-0.000638173,0.0165056766666666,51.65,test,train,train,train,test,validation,test,train
DFT0774,acetal1500_000774,CCOC(C)Oc1ccccn1,acetal,0.1264333333333333,0.1176,0.0957333333333333,-0.287077333,0.2258026666666666,-0.002303433,0.0130611433333333,37.60333333333333,train,train,train,test,train,train,validation,train
DFT0775,acetal1500_000775,CCOC(C)OC[N+](=O)[O-],acetal,0.1320333333333333,0.1258,0.2562,-0.312732333,0.271245,0.0023111133333333,0.0244236733333333,61.10666666666666,train,train,train,train,test,train,train,test
DFT0776,acetal1500_000776,CCOC(C)OCC#N,acetal,0.1294666666666666,0.1032666666666666,0.1827666666666666,-0.320997,0.2583273333333333,0.0034067233333333,0.0264297666666666,71.63666666666667,test,train,train,train,train,train,train,train
DFT0777,acetal1500_000777,CCOC(C)OCN1CCOCC1,acetal,0.1225,0.1051666666666666,0.0319666666666666,-0.266668,0.2111266666666666,0.00037934,0.0163421,49.99333333333333,train,train,train,test,test,train,train,validation
DFT0778,acetal1500_000778,CCOC(C)OCN1CCCCC1,acetal,0.12115,0.0906,0.0306,-0.268244,0.21013,-0.000564325,0.011619845,33.985,train,train,test,train,train,train,train,train
DFT0779,acetal1500_000779,C=COC(C)OCC,acetal,0.1306666666666666,0.1096333333333333,0.0976333333333333,-0.284128667,0.224268,-0.000676343,0.0167913166666666,52.32666666666668,train,train,train,test,train,test,train,train
DFT0780,acetal1500_000780,C=CCOC(C)OCC,acetal,0.1214,0.1079666666666666,0.1343333333333333,-0.283253667,0.2485756666666666,-0.000847613,0.0138059366666666,40.17333333333334,test,test,train,train,train,train,train,validation
DFT0781,acetal1500_000781,C#CCOC(C)OCC,acetal,0.1254333333333333,0.0986666666666666,0.1434333333333333,-0.290876667,0.2532163333333333,-0.00165776,0.0186994933333333,55.77333333333333,train,train,train,train,validation,test,train,train
DFT0782,acetal1500_000782,CCCOC(C)OCCC,acetal,0.1219,0.0636999999999999,0.1605,-0.299306667,0.2490293333333333,-3.84E-05,0.0113674066666666,32.68,test,train,train,train,train,train,train,train
DFT0783,acetal1500_000783,CCCOC(C)OC(C)C,acetal,0.1214666666666666,0.0681,0.148,-0.302499667,0.247825,0.00022729,0.0124372366666666,36.34666666666666,train,train,test,train,train,train,train,validation
DFT0784,acetal1500_000784,CCCCOC(C)OCCC,acetal,0.1217999999999999,0.0653,0.13955,-0.3014415,0.2497094999999999,-1.75E-05,0.011018685,30.835,train,train,train,train,train,validation,validation,train
DFT0785,acetal1500_000785,CCCOC(C)OCC(C)C,acetal,0.1225,0.0861,0.1591333333333333,-0.299639667,0.2495056666666666,-0.00032073,0.0110434566666666,30.326666666666664,test,test,train,train,train,train,train,train
DFT0786,acetal1500_000786,CCCOC(C)OC(C)(C)C,acetal,0.1209,0.0775666666666666,0.1459,-0.297856667,0.2486273333333333,-0.00021956,0.0116124766666666,33.78333333333333,train,train,test,train,train,train,train,train
DFT0787,acetal1500_000787,CCCCCOC(C)OCCC,acetal,0.1218666666666666,0.0588333333333333,0.1513666666666666,-0.297870667,0.2478413333333333,0.0009540766666666,0.0111940233333333,28.98333333333333,train,train,train,test,test,validation,train,test
DFT0788,acetal1500_000788,CCCOC(C)OCC(C)(C)C,acetal,0.1229333333333333,0.0986333333333333,0.1603,-0.299051,0.2496213333333333,-5.92E-05,0.0111380333333333,28.35333333333333,train,train,train,train,train,test,train,train
DFT0789,acetal1500_000789,CCCOC(C)OCF,acetal,0.1277333333333333,0.0496333333333333,0.1398666666666666,-0.332452333,0.262518,0.0001510933333333,0.0148743033333333,46.34666666666666,train,train,test,train,train,train,train,train
DFT0790,acetal1500_000790,CCCOC(C)OC(F)F,acetal,0.1373,0.0596333333333333,0.1332333333333333,-0.338213,0.271223,0.00260299,0.0213321466666666,61.1,train,train,train,train,train,train,validation,train
DFT0791,acetal1500_000791,CCCOC(C)OC(F)(F)F,acetal,0.1388333333333333,0.0736666666666666,0.1212333333333333,-0.348128,0.2794333333333333,0.0018195166666666,0.0149822033333333,44.78666666666667,train,train,train,train,train,train,train,train
DFT0792,acetal1500_000792,CCCOC(C)OCCF,acetal,0.1240333333333333,0.0544333333333333,0.1651,-0.304976667,0.2517576666666667,0.0005722933333333,0.0189023366666666,55.580000000000005,train,train,train,train,test,train,validation,train
DFT0793,acetal1500_000793,CCCOC(C)OCC(F)F,acetal,0.1266333333333333,0.0496333333333333,0.1490333333333333,-0.310483667,0.256374,0.0006106833333333,0.01658763,51.86000000000001,train,test,train,train,train,train,train,train
DFT0794,acetal1500_000794,CCCOC(C)OCCl,acetal,0.1296333333333333,0.1138333333333333,0.1667,-0.310094667,0.2611733333333333,0.0019957233333333,0.0168625366666666,54.82,train,train,train,train,train,train,validation,train
DFT0795,acetal1500_000795,CCCOC(C)OC(Cl)Cl,acetal,0.1402,0.1224333333333333,0.1707666666666666,-0.316021333,0.2683733333333333,0.0034153233333333,0.02280561,65.72666666666667,train,train,train,train,train,train,test,train
DFT0796,acetal1500_000796,CCCOC(C)OCCCl,acetal,0.1248666666666666,0.1133,0.1880333333333333,-0.300679,0.2537123333333333,0.0017713033333333,0.0200004466666666,59.13,train,test,train,train,train,train,test,test
DFT0797,acetal1500_000797,CCCOC(C)OCC(Cl)Cl,acetal,0.1277,0.1184666666666666,0.2075666666666666,-0.308035667,0.2556426666666666,0.0021352766666666,0.02110243,55.946666666666665,train,train,train,test,train,train,validation,train
DFT0798,acetal1500_000798,CCCOC(C)OCBr,acetal,0.1294,0.1142333333333333,0.1467333333333333,-0.295658,0.2622263333333333,0.0013634266666666,0.0162934266666666,50.99333333333334,train,train,test,train,train,test,train,train
DFT0799,acetal1500_000799,CCCOC(C)OCCBr,acetal,0.1252,0.1162666666666666,0.1792666666666666,-0.285204333,0.2529123333333333,0.0009765233333333,0.01840061,53.68333333333334,validation,train,test,validation,train,validation,train,train
DFT0800,acetal1500_000800,CCCOC(C)OCOC,acetal,0.1249,0.0897333333333333,0.1362666666666666,-0.286546,0.2526576666666666,-0.000179247,0.01553601,49.42666666666667,train,test,train,train,train,train,train,validation
DFT0801,acetal1500_000801,CCCOC(C)OCCOC,acetal,0.1236,0.0846666666666666,0.0987666666666666,-0.273871,0.2414486666666666,-0.000676333,0.0129164566666666,42.46,train,train,train,test,train,train,test,test
DFT0802,acetal1500_000802,CCCOC(C)OCOCc1ccccc1,acetal,0.1251333333333333,0.1236,0.0127,-0.261631333,0.2377606666666666,-0.00080573,0.0139631833333333,44.11333333333334,test,test,test,train,train,train,validation,test
DFT0803,acetal1500_000803,CCCOC(C)OCCOCCc1ccccc1,acetal,0.1222,0.1221,0.00525,-0.2580425,0.2303625,0.000257195,0.0138292,42.6,train,test,train,validation,train,train,test,train
DFT0804,acetal1500_000804,CCCOC(C)OC1CC1,acetal,0.1243,0.0677666666666666,0.1111333333333333,-0.291024333,0.2418056666666666,-0.000619083,0.0119284833333333,34.06333333333333,train,validation,test,train,train,validation,validation,validation
DFT0805,acetal1500_000805,CCCOC(C)OC1CCC1,acetal,0.1236,0.0668333333333333,0.1371,-0.293550667,0.2461713333333333,-0.00080059,0.0114279066666666,32.44,validation,train,train,train,test,train,train,train
DFT0806,acetal1500_000806,CCCOC(C)OC1CCCC1,acetal,0.1221666666666666,0.0809,0.1296666666666666,-0.298116,0.246745,0.0004925666666666,0.0110031266666666,31.05,test,train,train,train,train,test,train,train
DFT0807,acetal1500_000807,CCCOC(C)OC1CCCCC1,acetal,0.1213666666666666,0.0893,0.1459333333333333,-0.289787,0.2443776666666667,0.0001675466666666,0.0114839766666666,29.42,test,train,train,train,train,train,train,train
DFT0808,acetal1500_000808,CCCOC(C)OC1CCCCCC1,acetal,0.1217666666666666,0.0907,0.1258,-0.298404667,0.2438213333333333,0.0006415233333333,0.0112211866666666,29.223333333333333,train,train,train,train,test,train,test,train
DFT0809,acetal1500_000809,CCCOC(C)OC1CC2CCC1C2,acetal,0.1221,0.0811666666666666,0.1128,-0.293363667,0.2438996666666666,0.00072177,0.0109687433333333,27.73333333333333,train,validation,train,train,train,train,train,train
DFT0810,acetal1500_000810,CCCOC(C)Oc1ccccc1,acetal,0.1320666666666666,0.1243,0.0866666666666666,-0.286641,0.214715,-0.00107047,0.0126409033333333,41.06666666666666,train,test,validation,train,train,train,train,test
DFT0811,acetal1500_000811,CCCOC(C)OCc1ccc(C)cc1,acetal,0.1211666666666666,0.1120999999999999,0.0334,-0.266405333,0.227869,-0.001328963,0.0120671066666666,36.10666666666666,test,train,train,train,test,validation,train,train
DFT0812,acetal1500_000812,CCCOC(C)OCOc1ccccc1,acetal,0.1269666666666666,0.1253999999999999,0.0178666666666666,-0.275673667,0.2162093333333333,-0.00127998,0.0143360666666666,43.28666666666667,train,train,train,test,train,train,train,train
DFT0813,acetal1500_000813,CCCOC(C)Oc1ccccn1,acetal,0.1279666666666666,0.1191666666666666,0.0946,-0.285907333,0.2255976666666666,-0.002000493,0.0125359499999999,35.21333333333333,test,train,test,test,train,train,validation,test
DFT0814,acetal1500_000814,CCCOC(C)OCN,acetal,0.1211,0.0923499999999999,0.12045,-0.2824825,0.241755,-0.000987845,0.016658985,46.335,train,train,train,train,train,train,train,test
DFT0815,acetal1500_000815,CCCOC(C)OC[N+](=O)[O-],acetal,0.1318,0.1255333333333333,0.2196666666666666,-0.314948333,0.2698443333333333,0.00402813,0.0247859733333333,63.24666666666667,train,train,validation,train,validation,train,train,train
DFT0816,acetal1500_000816,CCCOC(C)OCN1CCOCC1,acetal,0.1240666666666666,0.1093666666666666,0.0324666666666666,-0.270166,0.2126903333333333,0.0001744899999999,0.0171825833333333,51.91333333333333,train,train,train,train,train,test,train,test
DFT0817,acetal1500_000817,CCCOC(C)OCN1CCCCC1,acetal,0.1233,0.1069,0.0334666666666666,-0.269346,0.2079203333333333,-0.00085906,0.0120173099999999,33.85333333333333,test,train,validation,train,train,train,train,train
DFT0818,acetal1500_000818,C=COC(C)OCCC,acetal,0.1309,0.1108,0.0979333333333333,-0.282708667,0.2245503333333333,-0.00055337,0.0164535566666666,48.95333333333334,train,train,train,train,validation,train,train,train
DFT0819,acetal1500_000819,C=CCOC(C)OCCC,acetal,0.1227333333333333,0.1094333333333333,0.1202333333333333,-0.284305667,0.2474333333333333,-0.001005553,0.0135699566666666,38.59,train,train,train,train,train,train,train,train
DFT0820,acetal1500_000820,C#CCOC(C)OCCC,acetal,0.1256,0.0986,0.1722333333333333,-0.280701667,0.2538886666666666,-0.00092615,0.0170411166666666,53.68666666666667,train,validation,train,train,train,train,train,train
DFT0821,acetal1500_000821,CC(C)OC(C)OC(C)C,acetal,0.1209,0.083,0.1396,-0.303931,0.247685,-0.00015819,0.0126652,39.18,test,test,train,train,train,train,validation,train
DFT0822,acetal1500_000822,CCCCOC(C)OC(C)C,acetal,0.1209,0.0750333333333333,0.1477333333333333,-0.300385333,0.2479123333333333,0.0006441433333333,0.01164819,33.666666666666664,validation,train,train,train,test,train,train,train
DFT0823,acetal1500_000823,CC(C)COC(C)OC(C)C,acetal,0.1215333333333333,0.0860666666666666,0.1418666666666666,-0.302865667,0.2498373333333333,-0.00028775,0.0116990133333333,33.1,train,train,train,train,train,train,train,test
DFT0824,acetal1500_000824,CC(C)OC(C)OC(C)(C)C,acetal,0.1203333333333333,0.0699,0.1562333333333333,-0.295056,0.2463793333333333,-0.000465263,0.0124569733333333,35.86333333333334,train,train,train,test,train,train,train,train
DFT0825,acetal1500_000825,CCCCCOC(C)OC(C)C,acetal,0.1208666666666666,0.0827,0.1535,-0.301043667,0.2495553333333333,0.0003250333333333,0.0105112166666666,28.83666666666667,train,train,train,train,train,train,train,train
DFT0826,acetal1500_000826,CC(C)OC(C)OCC(C)(C)C,acetal,0.1220666666666666,0.1004,0.1529666666666666,-0.300477,0.2494093333333333,-0.000173227,0.0114906433333333,30.93,train,train,train,train,test,validation,train,train
DFT0827,acetal1500_000827,CC(C)OC(C)OCF,acetal,0.1274,0.0426999999999999,0.1392,-0.330792,0.264493,-0.00063988,0.01541154,45.48333333333333,validation,test,test,train,test,validation,train,test
DFT0828,acetal1500_000828,CC(C)OC(C)OC(F)F,acetal,0.1348333333333333,0.0778333333333333,0.1306,-0.339973333,0.2707256666666667,0.0022508933333333,0.0200038866666666,60.21666666666667,validation,train,train,train,train,train,train,train
DFT0829,acetal1500_000829,CC(C)OC(C)OC(F)(F)F,acetal,0.1391,0.06,0.1114666666666666,-0.363771,0.2757946666666667,0.00132136,0.01699531,52.61333333333334,test,train,train,train,train,train,validation,train
DFT0830,acetal1500_000830,CC(C)OC(C)OCCF,acetal,0.123,0.0790333333333333,0.1380333333333333,-0.306559,0.2530443333333333,0.0003241866666666,0.01639986,48.46666666666667,train,test,train,test,test,train,test,train
DFT0831,acetal1500_000831,CC(C)OC(C)OCC(F)F,acetal,0.1240666666666666,0.0728,0.1397666666666666,-0.314062333,0.2553656666666666,0.0003193066666666,0.0211067866666666,56.73333333333333,test,test,validation,train,validation,train,train,train
DFT0832,acetal1500_000832,CC(C)OC(C)OCCl,acetal,0.1301666666666666,0.1157333333333333,0.1499,-0.312337,0.2663426666666666,0.0019479033333333,0.0182882366666666,56.09666666666667,test,train,train,validation,train,train,train,train
DFT0833,acetal1500_000833,CC(C)OC(C)OC(Cl)Cl,acetal,0.1397333333333333,0.1218,0.1658333333333333,-0.316412,0.2698696666666667,0.0029441033333333,0.0227198766666666,66.59666666666666,test,validation,train,train,train,train,validation,train
DFT0834,acetal1500_000834,CC(C)OC(C)OCBr,acetal,0.1291,0.1146,0.1356666666666666,-0.304067333,0.265312,0.0010024766666666,0.0160695533333333,48.47,train,train,train,validation,train,test,test,train
DFT0835,acetal1500_000835,CC(C)OC(C)OCCBr,acetal,0.1236,0.1159999999999999,0.1716333333333333,-0.287287333,0.2532913333333333,0.0007680733333333,0.0207006766666666,57.24666666666667,train,train,train,train,train,train,train,test
DFT0836,acetal1500_000836,COCOC(C)OC(C)C,acetal,0.0974999999999999,0.0382,0.1707999999999999,-0.284717,0.252475,-0.002206617,0.01620856,47.55666666666667,test,train,train,train,validation,train,train,train
DFT0837,acetal1500_000837,COCCOC(C)OC(C)C,acetal,0.1227333333333333,0.0927,0.0841333333333333,-0.276011667,0.246494,-0.00178559,0.0142781433333333,45.8,test,test,train,train,validation,train,train,train
DFT0838,acetal1500_000838,CC(C)OC(C)OCCO,acetal,0.1228,0.0959333333333333,0.1264333333333333,-0.281632333,0.2506783333333333,-0.000476847,0.0176395066666666,53.04,train,train,validation,train,train,train,train,train
DFT0839,acetal1500_000839,CC(C)OC(C)OCOCc1ccccc1,acetal,0.1236333333333333,0.1221,0.0112666666666666,-0.265753667,0.2376916666666666,-0.00080806,0.0158345666666666,48.89666666666667,train,train,train,train,train,train,train,test
DFT0840,acetal1500_000840,CC(C)OC(C)OCCOCCc1ccccc1,acetal,0.1229666666666666,0.1228,0.0117333333333333,-0.257514667,0.2276503333333333,-0.000519683,0.0135918533333333,44.98666666666667,train,train,train,train,train,test,test,train
DFT0841,acetal1500_000841,CC(C)OC(C)OC1CC1,acetal,0.1231333333333333,0.0619333333333333,0.1105666666666666,-0.290748667,0.2402256666666666,-0.000651143,0.0129315699999999,38.5,train,test,train,train,test,test,train,test
DFT0842,acetal1500_000842,CC(C)OC(C)OC1CCC1,acetal,0.1221,0.0599,0.1369,-0.293998,0.2449436666666666,-0.000444883,0.0112349633333333,32.60333333333333,train,validation,validation,test,validation,test,train,test
DFT0843,acetal1500_000843,CC(C)OC(C)OC1CCCC1,acetal,0.1217333333333333,0.0828,0.1338,-0.297544667,0.2450796666666666,0.0001221033333333,0.0115587733333333,33.330000000000005,train,train,test,train,test,validation,test,train
DFT0844,acetal1500_000844,CC(C)OC(C)OC1CCCCC1,acetal,0.1215,0.0883666666666666,0.1279333333333333,-0.294532667,0.2423573333333333,9.373e-05,0.0117083733333333,31.133333333333336,train,train,train,train,train,train,train,test
DFT0845,acetal1500_000845,CC(C)OC(C)OC1CCCCCC1,acetal,0.1207333333333333,0.0972666666666666,0.1303333333333333,-0.296461333,0.2465846666666666,0.0003992833333333,0.0096627033333333,24.19333333333333,train,train,train,train,train,test,train,train
DFT0846,acetal1500_000846,CC(C)OC(C)OC1CC2CCC1C2,acetal,0.1220333333333333,0.082,0.1225,-0.295045667,0.242579,5.487666666666668e-05,0.0111999699999999,30.47666666666667,train,train,train,validation,train,train,test,test
DFT0847,acetal1500_000847,CC(C)OC(C)OCc1ccccc1,acetal,0.1207666666666666,0.1129666666666666,0.0477666666666666,-0.268413333,0.2358083333333333,-0.001105457,0.0138301066666666,42.82,test,validation,train,train,test,train,validation,validation
DFT0848,acetal1500_000848,CC(C)OC(C)Oc1ccccc1,acetal,0.1309,0.1233,0.0866,-0.284720667,0.2139633333333333,-0.001004717,0.0134807733333333,43.66666666666666,test,train,train,train,train,train,train,train
DFT0849,acetal1500_000849,Cc1ccc(COC(C)OC(C)C)cc1,acetal,0.1204,0.1125999999999999,0.0326666666666666,-0.265353,0.227253,-0.001191687,0.01243041,39.47333333333333,train,test,train,train,train,train,train,train
DFT0850,acetal1500_000850,CC(C)OC(C)Oc1ccccn1,acetal,0.126,0.1173,0.0959,-0.28476,0.225383,-0.00247788,0.0123361266666666,35.806666666666665,validation,train,train,train,train,validation,train,validation
DFT0851,acetal1500_000851,CC(C)OC(C)OCN,acetal,0.1182666666666666,0.0947666666666666,0.1021666666666666,-0.284852333,0.2429516666666666,-0.001015897,0.01782796,49.09,validation,test,train,train,validation,validation,test,train
DFT0852,acetal1500_000852,CC(C)OC(C)OCN1CCOCC1,acetal,0.1223666666666666,0.0975333333333333,0.0286333333333333,-0.270346,0.20995,-0.000473127,0.0166006133333333,49.22666666666667,test,train,train,train,train,train,validation,test
DFT0853,acetal1500_000853,CC(C)OC(C)OCN1CCCCC1,acetal,0.1210333333333333,0.0690333333333333,0.0332333333333333,-0.268061333,0.2087099999999999,-0.0009698,0.010702,30.92,train,train,validation,train,train,test,test,validation
DFT0854,acetal1500_000854,C=COC(C)OC(C)C,acetal,0.1307333333333333,0.1122333333333333,0.0960333333333333,-0.286755333,0.2211623333333333,-0.000144363,0.0162516866666666,48.626666666666665,train,test,train,train,train,train,train,train
DFT0855,acetal1500_000855,C=CCOC(C)OC(C)C,acetal,0.1219333333333333,0.1130666666666666,0.1271,-0.279562667,0.245271,-0.000439563,0.0147796366666666,44.36333333333334,train,train,train,test,train,test,train,train
DFT0856,acetal1500_000856,C#CCOC(C)OC(C)C,acetal,0.1221,0.0994999999999999,0.1454333333333333,-0.287732667,0.2554096666666667,-0.00088576,0.0155453266666666,46.626666666666665,train,train,train,train,validation,train,train,train
DFT0857,acetal1500_000857,CCCCOC(C)OCCCC,acetal,0.1227666666666666,0.0784666666666666,0.1533666666666666,-0.295446,0.2488113333333333,-0.000444887,0.0112416066666666,30.173333333333336,validation,train,train,train,train,test,train,train
DFT0858,acetal1500_000858,CCCCOC(C)OCC(C)C,acetal,0.1221666666666666,0.0648,0.1575333333333333,-0.295859667,0.2467403333333333,0.00025566,0.01124415,28.77333333333333,train,test,test,test,train,validation,test,train
DFT0859,acetal1500_000859,CCCCCOC(C)OCCCC,acetal,0.1217333333333333,0.0817666666666666,0.1481,-0.298190333,0.2508076666666667,0.0002101266666666,0.0091151599999999,20.04,validation,train,train,train,test,test,train,train
DFT0860,acetal1500_000860,CCCCOC(C)OCC(C)(C)C,acetal,0.1226,0.1110666666666666,0.1488333333333333,-0.300637667,0.250104,0.0003272933333333,0.0106160966666666,26.736666666666668,train,test,train,train,validation,train,train,test
DFT0861,acetal1500_000861,CCCCOC(C)OCF,acetal,0.1255333333333333,0.0770333333333333,0.1299666666666666,-0.328936,0.2579486666666666,0.00163741,0.0127698,40.92,train,train,train,train,test,train,train,train
DFT0862,acetal1500_000862,CCCCOC(C)OC(F)F,acetal,0.1354333333333333,0.0656666666666666,0.1408333333333333,-0.329749333,0.2655103333333333,0.00283094,0.0180492966666666,54.156666666666666,train,test,train,train,test,test,train,train
DFT0863,acetal1500_000863,CCCCOC(C)OC(F)(F)F,acetal,0.1386,0.0924999999999999,0.1255333333333333,-0.335609,0.2682973333333333,0.0017417066666666,0.01602098,46.3,train,train,validation,train,train,test,test,validation
DFT0864,acetal1500_000864,CCCCOC(C)OCCF,acetal,0.1245333333333333,0.0805,0.1517,-0.305726,0.2527919999999999,0.00056461,0.01641587,49.09,train,train,train,train,train,train,train,train
DFT0865,acetal1500_000865,CCCCOC(C)OCC(F)F,acetal,0.1251666666666666,0.0604666666666666,0.1401666666666666,-0.309583333,0.254654,0.0021199966666666,0.0162694066666666,49.306666666666665,train,validation,train,validation,train,validation,train,train
DFT0866,acetal1500_000866,CCCCOC(C)OCCl,acetal,0.1299666666666666,0.1145666666666666,0.1644666666666666,-0.310803667,0.263533,0.0022348433333333,0.01531727,49.13333333333333,validation,train,validation,train,train,train,train,train
DFT0867,acetal1500_000867,CCCCOC(C)OC(Cl)Cl,acetal,0.1403666666666666,0.1225333333333333,0.1599333333333333,-0.316418333,0.2705276666666666,0.00309706,0.0192776833333333,54.626666666666665,train,test,train,train,validation,train,train,train
DFT0868,acetal1500_000868,CCCCOC(C)OCCCl,acetal,0.1248666666666666,0.1176666666666666,0.1731666666666666,-0.297803,0.2543046666666667,0.00170391,0.01803091,56.46,train,train,train,train,test,train,train,validation
DFT0869,acetal1500_000869,CCCCOC(C)OCC(Cl)Cl,acetal,0.1279333333333333,0.1184,0.1939,-0.311523667,0.2585103333333333,0.0029472666666666,0.0170672833333333,49.903333333333336,train,train,train,train,train,train,validation,train
DFT0870,acetal1500_000870,CCCCOC(C)OCBr,acetal,0.1312,0.1173,0.1401333333333333,-0.296729667,0.263365,0.0024709266666666,0.0175412266666666,52.446666666666665,train,train,test,validation,train,train,train,validation
DFT0871,acetal1500_000871,CCCCOC(C)OCCBr,acetal,0.1251,0.1115999999999999,0.1839333333333333,-0.293517,0.2546233333333333,0.0021507433333333,0.0170317866666666,46.49333333333333,train,train,validation,train,train,test,train,test
DFT0872,acetal1500_000872,CCCCOC(C)OCCOC,acetal,0.1241999999999999,0.0780666666666666,0.0853666666666666,-0.276716333,0.2414586666666666,0.0001831366666666,0.0136216466666666,42.28666666666666,train,train,train,train,train,validation,train,train
DFT0873,acetal1500_000873,CCCCOC(C)OCCO,acetal,0.1236999999999999,0.1011333333333333,0.1612,-0.279896667,0.2497026666666666,0.0007324966666666,0.0156913999999999,46.04,train,train,train,test,train,train,test,validation
DFT0874,acetal1500_000874,CCCCOC(C)OCCOCCc1ccccc1,acetal,0.1233,0.1231333333333333,0.0050333333333333,-0.252260667,0.2291116666666666,-0.00087363,0.0126492266666666,39.17333333333334,train,train,train,test,validation,validation,train,test
DFT0875,acetal1500_000875,CCCCOC(C)OC1CC1,acetal,0.124,0.0755,0.1063333333333333,-0.292894667,0.2410923333333333,-0.000653233,0.0119315033333333,33.583333333333336,train,train,train,train,train,validation,validation,train
DFT0876,acetal1500_000876,CCCCOC(C)OC1CCC1,acetal,0.1234333333333333,0.0686333333333333,0.1398666666666666,-0.290458333,0.244632,-0.000185797,0.0114766833333333,30.23333333333333,test,train,train,validation,test,test,validation,train
DFT0877,acetal1500_000877,CCCCOC(C)OC1CCCC1,acetal,0.1226,0.086,0.1524666666666666,-0.293062333,0.2456353333333333,-0.000246057,0.0108729033333333,29.313333333333333,train,train,train,train,validation,train,train,train
DFT0878,acetal1500_000878,CCCCOC(C)OC1CCCCC1,acetal,0.1214666666666666,0.0835,0.1249666666666666,-0.292182667,0.2439963333333333,0.0008444,0.0112605633333333,27.613333333333333,train,train,test,train,train,train,test,test
DFT0879,acetal1500_000879,CCCCOC(C)OC1CCCCCC1,acetal,0.1212,0.0939,0.14365,-0.2924455,0.2459325,0.000406375,0.010373265,26.945,validation,train,train,train,test,test,train,train
DFT0880,acetal1500_000880,CCCCOC(C)OC1CC2CCC1C2,acetal,0.1221333333333333,0.0785333333333333,0.1529666666666666,-0.286540667,0.244677,-0.000146673,0.0104943266666666,26.05666666666667,train,validation,train,test,train,validation,train,validation
DFT0881,acetal1500_000881,CCCCOC(C)OCc1ccccc1,acetal,0.1211666666666666,0.1132,0.0448999999999999,-0.267350667,0.2367003333333333,-0.001063483,0.0124454966666666,36.26333333333333,validation,train,train,validation,test,train,test,train
DFT0882,acetal1500_000882,CCCCOC(C)Oc1ccccc1,acetal,0.1314,0.1237666666666666,0.0849333333333333,-0.280171333,0.215698,-0.000596287,0.0127077,39.52666666666666,train,test,validation,train,train,train,train,validation
DFT0883,acetal1500_000883,CCCCOC(C)OCc1ccc(C)cc1,acetal,0.1210333333333333,0.1119,0.0343,-0.264540667,0.2275153333333333,-0.000833477,0.0118721966666666,34.806666666666665,validation,test,train,test,train,test,test,train
DFT0884,acetal1500_000884,CCCCOC(C)Oc1ccccn1,acetal,0.1288,0.1201333333333333,0.0905666666666666,-0.28091,0.2279423333333333,-0.00132164,0.0133186766666666,37.84333333333333,test,train,train,train,test,test,train,train
DFT0885,acetal1500_000885,CCCCOC(C)OCN,acetal,0.11915,0.08955,0.1188,-0.287666,0.245224,-0.00097679,0.01546348,40.165,test,train,train,train,train,train,train,train
DFT0886,acetal1500_000886,CCCCOC(C)OC[N+](=O)[O-],acetal,0.1316,0.1252333333333333,0.2181666666666666,-0.312788667,0.264582,0.0024701866666666,0.0208444833333333,58.95333333333334,train,train,train,train,train,validation,train,test
DFT0887,acetal1500_000887,CCCCOC(C)OCN1CCOCC1,acetal,0.1232333333333333,0.1075999999999999,0.0383333333333333,-0.266773667,0.2103913333333333,1.5833333333333266e-06,0.0134302266666666,41.72666666666667,train,train,train,train,train,train,test,train
DFT0888,acetal1500_000888,CCCCOC(C)OCN1CCCCC1,acetal,0.1208333333333333,0.1038333333333333,0.0316666666666666,-0.269443667,0.2095543333333333,-0.0001169,0.0102733766666666,26.42,validation,train,test,train,train,test,train,train
DFT0889,acetal1500_000889,C=COC(C)OCCCC,acetal,0.1306,0.1082666666666666,0.1004999999999999,-0.275378,0.22619,0.00053026,0.01542781,46.71333333333333,test,validation,train,train,train,train,train,train
DFT0890,acetal1500_000890,C=CCOC(C)OCCCC,acetal,0.1223,0.1109333333333333,0.135,-0.273408667,0.245644,0.0003878733333333,0.0121131166666666,35.65,validation,train,train,train,train,train,train,train
DFT0891,acetal1500_000891,C#CCOC(C)OCCCC,acetal,0.1254333333333333,0.0984999999999999,0.1445999999999999,-0.287066667,0.2531,-0.001062867,0.0162914033333333,47.653333333333336,test,train,validation,train,test,validation,train,train
DFT0892,acetal1500_000892,CC(C)COC(C)OCC(C)C,acetal,0.1226999999999999,0.0809666666666666,0.1606666666666666,-0.296244,0.2494836666666666,0.0001194,0.01105929,29.320000000000004,train,train,test,train,train,train,train,train
DFT0893,acetal1500_000893,CC(C)COC(C)OC(C)(C)C,acetal,0.1216666666666666,0.0841333333333333,0.1454333333333333,-0.295124667,0.2491823333333333,-0.000342323,0.0118608533333333,32.43,train,test,validation,validation,test,train,train,validation
DFT0894,acetal1500_000894,CCCCCOC(C)OCC(C)C,acetal,0.1224666666666666,0.0834666666666666,0.1584,-0.297232333,0.2477366666666666,-0.000178917,0.01039454,26.3,train,train,train,train,train,train,validation,train
DFT0895,acetal1500_000895,CC(C)COC(C)OCC(C)(C)C,acetal,0.1237,0.1082,0.1588,-0.298577,0.250541,-0.00069396,0.01109007,27.29,train,test,validation,test,train,validation,train,validation
DFT0896,acetal1500_000896,CC(C)COC(C)OCF,acetal,0.1289666666666666,0.0263999999999999,0.1279666666666666,-0.330633,0.2644456666666666,-0.000841307,0.01533305,41.336666666666666,train,test,validation,test,train,train,train,train
DFT0897,acetal1500_000897,CC(C)COC(C)OC(F)F,acetal,0.1372666666666666,0.0881333333333333,0.1312,-0.33478,0.2680286666666667,0.0022852733333333,0.01940863,54.5,train,train,train,train,train,test,test,train
DFT0898,acetal1500_000898,CC(C)COC(C)OC(F)(F)F,acetal,0.1405,0.121,0.1083,-0.341905,0.274525,0.00097871,0.01702593,48.17,train,train,train,train,test,train,train,train
DFT0899,acetal1500_000899,CC(C)COC(C)OCCF,acetal,0.1249333333333333,0.0603666666666666,0.1592,-0.302839,0.2524203333333333,8.986999999999999e-05,0.0182489999999999,48.95666666666667,train,validation,train,train,train,train,train,train
DFT0900,acetal1500_000900,CC(C)COC(C)OCC(F)F,acetal,0.1275666666666667,0.0719666666666666,0.1573999999999999,-0.309594667,0.2551726666666666,0.00169744,0.0177138066666666,53.82333333333333,validation,train,train,train,validation,test,train,test
DFT0901,acetal1500_000901,CC(C)COC(C)OCCl,acetal,0.1304666666666666,0.1157333333333333,0.1590333333333333,-0.310731,0.2632193333333333,0.0015656233333333,0.01592107,47.77,train,test,train,train,train,train,validation,test
DFT0902,acetal1500_000902,CC(C)COC(C)OC(Cl)Cl,acetal,0.142,0.1235333333333333,0.1664333333333333,-0.317009,0.273169,0.0027683499999999,0.0206193766666666,53.406666666666666,train,train,validation,train,test,validation,test,train
DFT0903,acetal1500_000903,CC(C)COC(C)OCCCl,acetal,0.1251,0.118,0.176,-0.301916,0.2556216666666667,0.00111188,0.0191489833333333,55.50666666666666,train,validation,train,test,train,train,train,train
DFT0904,acetal1500_000904,CC(C)COC(C)OCC(Cl)Cl,acetal,0.1288666666666666,0.1192666666666666,0.1924666666666666,-0.304613333,0.261053,0.0027514433333333,0.0196598,51.080000000000005,train,train,train,train,validation,train,validation,train
DFT0905,acetal1500_000905,CC(C)COC(C)OCBr,acetal,0.1317333333333333,0.1176666666666666,0.1329666666666666,-0.305203333,0.266407,0.00124783,0.01735345,46.17666666666667,train,train,validation,validation,test,train,test,train
DFT0906,acetal1500_000906,CC(C)COC(C)OCCBr,acetal,0.1256333333333333,0.1160333333333333,0.1816666666666666,-0.279333667,0.2523843333333333,0.0008751833333333,0.0171091533333333,51.906666666666666,train,validation,train,train,train,validation,train,validation
DFT0907,acetal1500_000907,COCOC(C)OCC(C)C,acetal,0.0957333333333333,0.0159666666666666,0.1514,-0.281430333,0.2507003333333333,-0.000391213,0.0143043766666666,46.32333333333333,train,train,train,train,train,train,validation,train
DFT0908,acetal1500_000908,COCCOC(C)OCC(C)C,acetal,0.124,0.0941666666666666,0.1042,-0.270380667,0.2474426666666666,-0.00119465,0.0132206633333333,41.873333333333335,train,validation,test,train,train,train,train,test
DFT0909,acetal1500_000909,CC(C)COC(C)OCCO,acetal,0.1246999999999999,0.1193666666666666,0.1655333333333333,-0.283370333,0.2524856666666666,-0.000295267,0.0150477633333333,39.49333333333333,train,train,train,train,test,train,train,validation
DFT0910,acetal1500_000910,CC(C)COC(C)OCOCc1ccccc1,acetal,0.1251666666666666,0.1236,0.0116,-0.266705,0.2375486666666666,-0.001561433,0.0145564266666666,42.95,train,validation,test,train,train,train,train,train
DFT0911,acetal1500_000911,CC(C)COC(C)OCCOCCc1ccccc1,acetal,0.1245333333333333,0.1243666666666666,0.0035666666666666,-0.257469333,0.2302836666666666,-0.001406223,0.01343401,42,train,validation,train,train,train,validation,train,train
DFT0912,acetal1500_000912,CC(C)COC(C)OC1CC1,acetal,0.1245333333333333,0.0663,0.1101333333333333,-0.289218333,0.2419816666666666,-0.00017258,0.01179336,31.76333333333333,test,train,train,test,validation,train,train,test
DFT0913,acetal1500_000913,CC(C)COC(C)OC1CCC1,acetal,0.1236999999999999,0.0657,0.1307,-0.295037333,0.2460693333333333,-0.000648153,0.0101903566666666,29.399999999999995,train,train,train,test,train,validation,validation,validation
DFT0914,acetal1500_000914,CC(C)COC(C)OC1CCCC1,acetal,0.1218,0.0852,0.1490666666666666,-0.293100333,0.2456429999999999,0.0004604066666666,0.0114816633333333,28.986666666666668,train,train,test,test,train,validation,train,test
DFT0915,acetal1500_000915,CC(C)COC(C)OC1CCCCC1,acetal,0.1215333333333333,0.0976333333333333,0.1152666666666666,-0.294666333,0.245966,0.0003161066666666,0.01078127,27.77333333333333,train,validation,test,train,train,train,validation,train
DFT0916,acetal1500_000916,CC(C)COC(C)OC1CC2CCC1C2,acetal,0.1220333333333333,0.0867333333333333,0.1263999999999999,-0.292735,0.2442503333333333,0.0003132233333333,0.0107772166666666,26.75333333333333,train,train,test,validation,validation,train,validation,train
DFT0917,acetal1500_000917,CC(C)COC(C)OCc1ccccc1,acetal,0.1221666666666666,0.1134,0.0482,-0.27011,0.2375476666666666,-0.0014064,0.0129558333333333,38.66,train,train,test,train,train,train,train,train
DFT0918,acetal1500_000918,CC(C)COC(C)Oc1ccccc1,acetal,0.1321333333333333,0.1243666666666666,0.0867999999999999,-0.284812333,0.21465,-0.00053172,0.0122189666666666,37.7,train,test,validation,test,train,test,train,train
DFT0919,acetal1500_000919,Cc1ccc(COC(C)OCC(C)C)cc1,acetal,0.1209333333333333,0.1124666666666666,0.0318,-0.267593,0.2275466666666666,-0.001284107,0.01165204,33.416666666666664,train,test,train,test,test,validation,train,train
DFT0920,acetal1500_000920,CC(C)COC(C)OCOc1ccccc1,acetal,0.126,0.1245666666666666,0.0164333333333333,-0.272181333,0.2154773333333333,-0.000214277,0.0142857766666666,42.65,train,train,train,train,train,train,train,train
DFT0921,acetal1500_000921,CC(C)COC(C)Oc1ccccn1,acetal,0.1281333333333333,0.1193,0.0944999999999999,-0.28565,0.2258466666666666,-0.00202072,0.0118821933333333,31.626666666666665,train,validation,train,test,test,test,train,train
DFT0922,acetal1500_000922,CC(C)COC(C)OCN,acetal,0.1198666666666666,0.1022,0.1145666666666666,-0.283568333,0.2451673333333333,-0.001321107,0.01576436,42.23,validation,test,train,train,train,train,validation,train
DFT0923,acetal1500_000923,CC(C)COC(C)OC[N+](=O)[O-],acetal,0.1313666666666666,0.1251666666666666,0.2505333333333333,-0.309232667,0.269899,0.0021065766666666,0.0208989666666666,49.196666666666665,train,train,train,train,train,train,train,train
DFT0924,acetal1500_000924,CC(C)COC(C)OCN1CCCCC1,acetal,0.1220999999999999,0.0987,0.0362,-0.270783,0.2074876666666666,-0.001248363,0.0102055933333333,28.5,validation,train,train,validation,train,train,train,train
DFT0925,acetal1500_000925,C=COC(C)OCC(C)C,acetal,0.1310666666666666,0.1096333333333333,0.0951666666666666,-0.282862333,0.2252456666666666,-0.000144027,0.0140117866666666,40.876666666666665,train,train,train,train,test,train,train,train
DFT0926,acetal1500_000926,C=CCOC(C)OCC(C)C,acetal,0.1232333333333333,0.1093,0.1306333333333333,-0.279037,0.2472556666666666,-0.000821723,0.0127466066666666,35.25,train,test,validation,train,train,train,train,train
DFT0927,acetal1500_000927,C#CCOC(C)OCC(C)C,acetal,0.1235666666666666,0.0994333333333333,0.1629666666666666,-0.284201,0.252998,-0.000486443,0.0143840533333333,42.96333333333333,validation,train,train,test,train,train,train,train
DFT0928,acetal1500_000928,CCCCCOC(C)OC(C)(C)C,acetal,0.1208,0.0716666666666666,0.1522666666666666,-0.292539333,0.2464636666666666,0.0007241733333333,0.01117703,28.66,train,train,validation,validation,train,train,train,test
DFT0929,acetal1500_000929,CC(OCC(C)(C)C)OC(C)(C)C,acetal,0.122,0.1006333333333333,0.1331666666666666,-0.296813667,0.2504093333333333,-5.53E-05,0.0104390633333333,25.47666666666667,train,validation,validation,train,train,train,train,validation
DFT0930,acetal1500_000930,CC(OCF)OC(C)(C)C,acetal,0.1258999999999999,0.0913333333333333,0.1202666666666666,-0.323972667,0.263613,0.00045588,0.01523158,47.34,train,train,train,train,test,train,train,train
DFT0931,acetal1500_000931,CC(OC(F)F)OC(C)(C)C,acetal,0.1361,0.0812,0.1125,-0.332327,0.272221,0.0020318233333333,0.02029975,60.376666666666665,test,test,train,train,train,test,test,train
DFT0932,acetal1500_000932,CC(OC(C)(C)C)OC(F)(F)F,acetal,0.138,0.1149,0.112,-0.352302,0.278383,0.0011638633333333,0.0148469833333333,46.873333333333335,train,train,test,train,test,test,test,train
DFT0933,acetal1500_000933,CC(OCCF)OC(C)(C)C,acetal,0.124,0.0934,0.1364999999999999,-0.30262,0.252389,0.0001828866666666,0.0160760166666666,45.97666666666667,train,test,train,train,train,train,test,train
DFT0934,acetal1500_000934,CC(OCC(F)F)OC(C)(C)C,acetal,0.1256666666666666,0.0653666666666666,0.1517,-0.301886333,0.2593769999999999,0.0012013833333333,0.0173258033333333,53.303333333333335,test,train,test,train,validation,train,test,validation
DFT0935,acetal1500_000935,CC(OCCl)OC(C)(C)C,acetal,0.1302,0.1169,0.1197333333333333,-0.308284,0.2699786666666666,0.0008487299999999,0.0170790733333333,52.303333333333335,train,validation,train,train,train,test,train,train
DFT0936,acetal1500_000936,CC(OC(Cl)Cl)OC(C)(C)C,acetal,0.143,0.1218333333333333,0.1358,-0.308952333,0.27731,0.0025204566666666,0.0234166066666666,65.10000000000001,train,train,test,train,train,validation,train,test
DFT0937,acetal1500_000937,CC(OCCCl)OC(C)(C)C,acetal,0.1242666666666666,0.1132666666666666,0.165,-0.299545,0.2553963333333333,0.00128457,0.0189944633333333,57.41,train,train,train,test,train,train,train,test
DFT0938,acetal1500_000938,CC(OCC(Cl)Cl)OC(C)(C)C,acetal,0.1269333333333333,0.1187666666666666,0.1852666666666667,-0.302498333,0.260775,0.0010732433333333,0.0235119333333333,57.34666666666666,train,validation,test,validation,train,train,test,train
DFT0939,acetal1500_000939,CC(OCBr)OC(C)(C)C,acetal,0.1285666666666666,0.1147666666666666,0.1320666666666666,-0.299851667,0.2645526666666666,0.0009878766666666,0.01616474,48.85999999999999,train,train,train,train,validation,train,train,train
DFT0940,acetal1500_000940,CC(OCCBr)OC(C)(C)C,acetal,0.1237333333333333,0.1167333333333333,0.1596,-0.287573,0.251926,0.0004629,0.0212801166666666,59.76333333333333,train,train,test,test,train,train,test,train
DFT0941,acetal1500_000941,COCOC(C)OC(C)(C)C,acetal,0.0969333333333333,0.0872,0.1621333333333333,-0.286779667,0.2547983333333333,-0.001698447,0.0136991066666666,42.24,test,train,train,train,train,train,train,train
DFT0942,acetal1500_000942,COCCOC(C)OC(C)(C)C,acetal,0.1226666666666666,0.0821666666666666,0.1028333333333333,-0.271189667,0.2465423333333333,-0.001091763,0.0131504333333333,41.41666666666666,train,train,validation,train,validation,train,train,train
DFT0943,acetal1500_000943,CC(OCCOCCc1ccccc1)OC(C)(C)C,acetal,0.1209,0.1206999999999999,0.0305,-0.250868,0.227369,-0.000544773,0.0164270333333333,47.74,validation,train,train,train,train,train,train,train
DFT0944,acetal1500_000944,CC(OC1CC1)OC(C)(C)C,acetal,0.1232,0.0786,0.1088,-0.287852,0.239207,-0.00075135,0.01312663,36.1,validation,validation,test,validation,validation,train,validation,validation
DFT0945,acetal1500_000945,CC(OC1CCC1)OC(C)(C)C,acetal,0.1237333333333333,0.0722666666666666,0.1377666666666666,-0.289345333,0.2432283333333333,-0.000345997,0.01081932,29.203333333333333,validation,train,test,test,train,train,test,train
DFT0946,acetal1500_000946,CC(OC1CCCC1)OC(C)(C)C,acetal,0.1218,0.0784333333333333,0.1277666666666666,-0.292451333,0.243785,-0.000140953,0.0116517599999999,31.10333333333333,train,train,train,validation,train,train,validation,validation
DFT0947,acetal1500_000947,CC(OC1CCCCC1)OC(C)(C)C,acetal,0.1201333333333333,0.0842333333333333,0.1408666666666666,-0.289312,0.2420956666666666,-7.89E-05,0.0111168433333333,29.27333333333333,train,train,train,train,test,train,train,train
DFT0948,acetal1500_000948,CC(OC1CC2CCC1C2)OC(C)(C)C,acetal,0.1211666666666666,0.1004333333333333,0.1374,-0.288484,0.2416836666666666,-8.85E-05,0.01109628,28.403333333333336,train,train,train,train,train,test,validation,train
DFT0949,acetal1500_000949,CC(Oc1ccccc1)OC(C)(C)C,acetal,0.1305,0.1232,0.0824,-0.28484,0.212963,-0.001024243,0.0139218433333333,43.29333333333333,train,train,train,train,train,train,train,validation
DFT0950,acetal1500_000950,Cc1ccc(COC(C)OC(C)(C)C)cc1,acetal,0.121,0.1117666666666666,0.0367,-0.262867,0.2270776666666666,-0.001821763,0.01235618,38.18666666666667,train,train,validation,test,validation,train,train,test
DFT0951,acetal1500_000951,CC(OCOc1ccccc1)OC(C)(C)C,acetal,0.1263,0.1248,0.0175333333333333,-0.265881333,0.2161966666666666,-0.000374747,0.0168589633333333,52.64333333333334,train,train,test,train,train,test,train,train
DFT0952,acetal1500_000952,CC(Oc1ccccn1)OC(C)(C)C,acetal,0.1258,0.1173666666666666,0.0898,-0.284954,0.2247403333333333,-0.00248473,0.0119816733333333,35.63333333333333,train,train,train,train,train,train,train,train
DFT0953,acetal1500_000953,CC(OCN)OC(C)(C)C,acetal,0.1167333333333333,0.0915333333333333,0.0885,-0.280544333,0.2423296666666666,-0.001773517,0.0175236766666666,44.81333333333333,train,validation,validation,train,test,train,train,train
DFT0954,acetal1500_000954,CC(OCC#N)OC(C)(C)C,acetal,0.1285,0.1014333333333333,0.1634,-0.310471333,0.260586,0.0043497833333333,0.02485058,67.77666666666666,train,train,train,train,validation,train,test,train
DFT0955,acetal1500_000955,CC(OCN1CCOCC1)OC(C)(C)C,acetal,0.1202333333333333,0.0888666666666666,0.0295,-0.2653,0.2115956666666666,0.00080461,0.0148698,46.75666666666666,train,train,test,validation,train,validation,test,train
DFT0956,acetal1500_000956,CC(OCN1CCCCC1)OC(C)(C)C,acetal,0.1204666666666666,0.0862666666666666,0.0314666666666666,-0.268697667,0.2053013333333333,-0.000813167,0.0117827166666666,32.07,train,train,train,test,train,test,train,train
DFT0957,acetal1500_000957,C=COC(C)OC(C)(C)C,acetal,0.1296,0.1094,0.0961,-0.280687,0.223831,-0.00015224,0.0166380566666666,50.583333333333336,validation,train,train,validation,train,train,train,train
DFT0958,acetal1500_000958,C=CCOC(C)OC(C)(C)C,acetal,0.1210666666666666,0.1104666666666666,0.1113666666666666,-0.276113667,0.2449053333333333,-0.00041024,0.0135824266666666,40.696666666666665,train,train,validation,train,train,train,train,train
DFT0959,acetal1500_000959,C#CCOC(C)OC(C)(C)C,acetal,0.1239666666666666,0.0986333333333333,0.1427333333333333,-0.284171667,0.2509673333333333,-0.000882403,0.0177112266666666,55.083333333333336,test,train,train,validation,train,validation,train,validation
DFT0960,acetal1500_000960,CCCCCOC(C)OCCCCC,acetal,0.1216,0.0822666666666666,0.1446666666666666,-0.295582,0.249638,0.00069527,0.00883463,19.176666666666662,train,train,train,train,train,validation,train,train
DFT0961,acetal1500_000961,CCCCCOC(C)OCC(C)(C)C,acetal,0.1226,0.1007666666666666,0.1617666666666666,-0.295218,0.2495513333333333,0.00047944,0.0104651533333333,24.426666666666662,validation,validation,train,validation,validation,validation,train,train
DFT0962,acetal1500_000962,CCCCCOC(C)OCF,acetal,0.1273999999999999,0.0686666666666666,0.1285666666666666,-0.321126,0.2606233333333334,0.0006000833333333,0.01329073,36.50666666666667,validation,train,train,test,train,train,validation,train
DFT0963,acetal1500_000963,CCCCCOC(C)OC(F)F,acetal,0.1339666666666666,0.0731333333333333,0.1436333333333333,-0.321176333,0.260149,0.0032974333333333,0.0164694466666666,51.336666666666666,test,train,train,train,train,train,train,train
DFT0964,acetal1500_000964,CCCCCOC(C)OC(F)(F)F,acetal,0.1387333333333333,0.0685666666666666,0.1205666666666666,-0.324056,0.2727193333333333,0.00232629,0.0137285799999999,40.23333333333333,train,train,train,train,train,train,train,train
DFT0965,acetal1500_000965,CCCCCOC(C)OCCF,acetal,0.1248333333333333,0.0621333333333333,0.1575333333333333,-0.301319667,0.2511803333333333,0.0003045333333333,0.0168143033333333,43.72666666666667,test,train,train,test,validation,train,train,train
DFT0966,acetal1500_000966,CCCCCOC(C)OCC(F)F,acetal,0.1265,0.0482666666666666,0.147,-0.307876,0.2558913333333333,0.00062298,0.0158207733333333,43.96,train,train,train,validation,test,train,train,validation
DFT0967,acetal1500_000967,CCCCCOC(C)OCCl,acetal,0.1307666666666666,0.1159999999999999,0.1525333333333333,-0.309766333,0.2645633333333333,0.00162728,0.0146373366666666,42.66333333333333,train,train,test,train,train,validation,train,train
DFT0968,acetal1500_000968,CCCCCOC(C)OC(Cl)Cl,acetal,0.1418333333333333,0.1230666666666666,0.1636333333333333,-0.314735333,0.271334,0.00362207,0.0196267966666666,52.803333333333335,validation,train,train,test,train,train,train,train
DFT0969,acetal1500_000969,CCCCCOC(C)OCCCl,acetal,0.1248,0.1134,0.1653333333333333,-0.301768333,0.25114,0.0015545899999999,0.0168142866666666,50.66333333333333,train,train,train,train,train,train,train,train
DFT0970,acetal1500_000970,CCCCCOC(C)OCC(Cl)Cl,acetal,0.1284666666666666,0.1212333333333333,0.1783666666666666,-0.307064333,0.256865,0.00185557,0.0172349933333333,49.55,validation,train,train,validation,train,train,train,train
DFT0971,acetal1500_000971,CCCCCOC(C)OCBr,acetal,0.1284,0.1126666666666666,0.1498333333333333,-0.292421333,0.2586219999999999,0.00250582,0.0134274633333333,42.99666666666667,train,train,validation,test,train,train,train,train
DFT0972,acetal1500_000972,CCCCCOC(C)OCCBr,acetal,0.1250666666666666,0.1119333333333333,0.1877333333333333,-0.282638,0.2530366666666666,0.0024295466666666,0.01448414,44.196666666666665,train,test,validation,test,train,train,train,train
DFT0973,acetal1500_000973,CCCCCOC(C)OCOC,acetal,0.1248666666666666,0.1091666666666666,0.1393666666666666,-0.285556,0.2525759999999999,0.0007913433333333,0.0143609733333333,43.48333333333333,test,test,validation,train,test,test,test,train
DFT0974,acetal1500_000974,CCCCCOC(C)OCCOC,acetal,0.1243,0.0839333333333333,0.0890333333333333,-0.276750333,0.2428683333333333,-0.000366373,0.01508259,42.41,train,train,train,train,train,test,test,train
DFT0975,acetal1500_000975,CCCCCOC(C)OCCO,acetal,0.1231666666666666,0.1182,0.149,-0.282502333,0.2491306666666666,0.00059543,0.0165089766666666,40.92666666666667,test,train,train,train,validation,train,test,validation
DFT0976,acetal1500_000976,CCCCCOC(C)OCOCc1ccccc1,acetal,0.1252666666666666,0.1239,0.0102333333333333,-0.266206,0.2371176666666666,-0.002086987,0.01258752,36.07,validation,train,train,train,train,train,test,test
DFT0977,acetal1500_000977,CCCCCOC(C)OCCOCCc1ccccc1,acetal,0.1236666666666666,0.1235666666666666,0.0055333333333333,-0.256576,0.230841,0.0003270166666666,0.0124314766666666,36.13,train,train,test,test,test,train,train,train
DFT0978,acetal1500_000978,CCCCCOC(C)OC1CC1,acetal,0.1241666666666666,0.0744666666666666,0.1162333333333333,-0.290065667,0.2428886666666666,-0.000879857,0.0114199566666666,30.35,train,test,test,train,train,train,train,train
DFT0979,acetal1500_000979,CCCCCOC(C)OC1CCC1,acetal,0.1227333333333333,0.0708666666666666,0.1462,-0.290639333,0.2459479999999999,7.855999999999998e-05,0.01066153,26.89,train,train,train,train,train,train,train,test
DFT0980,acetal1500_000980,CCCCCOC(C)OC1CCCC1,acetal,0.1215666666666666,0.0890666666666666,0.132,-0.297537667,0.2464906666666666,0.0010953566666666,0.0102972433333333,26.156666666666663,test,validation,train,train,train,train,train,train
DFT0981,acetal1500_000981,CCCCCOC(C)OC1CCCCC1,acetal,0.1211666666666666,0.0816666666666666,0.1340333333333333,-0.290278,0.245657,0.0007694066666666,0.0098973166666666,25.14333333333333,train,train,train,train,train,test,test,train
DFT0982,acetal1500_000982,CCCCCOC(C)OC1CCCCCC1,acetal,0.1207666666666666,0.0903666666666666,0.1484666666666666,-0.292184333,0.244166,0.0010364633333333,0.0098833533333333,23.75,validation,train,train,train,train,test,train,train
DFT0983,acetal1500_000983,CCCCCOC(C)OC1CC2CCC1C2,acetal,0.122,0.0836666666666666,0.1352,-0.289739667,0.2445923333333333,0.0008035833333333,0.0101973033333333,24.89333333333333,train,validation,test,train,train,train,train,validation
DFT0984,acetal1500_000984,CCCCCOC(C)OCc1ccccc1,acetal,0.1216999999999999,0.1136999999999999,0.0429666666666666,-0.263699667,0.2382176666666666,-0.000614377,0.0119274833333333,35.68,train,train,train,train,train,train,train,train
DFT0985,acetal1500_000985,CCCCCOC(C)Oc1ccccc1,acetal,0.1320333333333333,0.1244666666666666,0.0856666666666666,-0.281463,0.215573,-0.00033006,0.0121165433333333,37.82333333333333,train,train,test,train,train,test,test,train
DFT0986,acetal1500_000986,CCCCCOC(C)OCc1ccc(C)cc1,acetal,0.12085,0.1138,0.0304,-0.265714,0.22769,-0.00063436,0.01106516,31.91,train,validation,train,validation,train,train,train,test
DFT0987,acetal1500_000987,CCCCCOC(C)OCOc1ccccc1,acetal,0.1256333333333333,0.1240333333333333,0.0184333333333333,-0.269733667,0.2166826666666666,-0.000615207,0.0130423,38.27,train,train,train,train,validation,test,train,train
DFT0988,acetal1500_000988,CCCCCOC(C)OCN,acetal,0.1209,0.1062666666666666,0.0865333333333333,-0.276721333,0.2409303333333333,-0.000106137,0.0132396966666666,38.49666666666667,train,test,train,test,train,train,train,train
DFT0989,acetal1500_000989,CCCCCOC(C)OCN1CCOCC1,acetal,0.123,0.1043999999999999,0.0349333333333333,-0.266361,0.2175846666666666,0.00080708,0.0129686333333333,38.61666666666667,train,train,train,validation,train,train,train,train
DFT0990,acetal1500_000990,CCCCCOC(C)OCN1CCCCC1,acetal,0.1211,0.0799,0.0372,-0.267906,0.2098036666666666,0.0001356666666666,0.0100470466666666,24.61,test,validation,train,train,validation,test,validation,train
DFT0991,acetal1500_000991,C=COC(C)OCCCCC,acetal,0.1307333333333333,0.1093666666666666,0.1005999999999999,-0.274811,0.2264993333333333,0.0002834799999999,0.01506767,42.25,validation,train,train,train,train,test,train,train
DFT0992,acetal1500_000992,CC(OCC(C)(C)C)OCC(C)(C)C,acetal,0.1242333333333333,0.11,0.1585,-0.297034333,0.2503923333333333,-0.000480437,0.0103242633333333,24.89,train,validation,train,train,test,train,test,train
DFT0993,acetal1500_000993,CC(OCF)OCC(C)(C)C,acetal,0.1288333333333333,0.1187333333333333,0.1354333333333333,-0.327016333,0.2627463333333333,0.0002303133333333,0.0140086166666666,39.50666666666667,train,test,train,test,test,train,train,test
DFT0994,acetal1500_000994,CC(OCC(C)(C)C)OC(F)F,acetal,0.1364666666666666,0.1196666666666666,0.1427666666666666,-0.329148333,0.2656066666666666,0.00311523,0.0184032633333333,53.25666666666667,test,train,validation,train,train,train,train,train
DFT0995,acetal1500_000995,CC(OCC(C)(C)C)OC(F)(F)F,acetal,0.1404666666666666,0.1332,0.1117666666666666,-0.333181,0.2762353333333333,0.0015372766666666,0.01500804,41.71333333333333,test,train,train,test,train,validation,train,train
DFT0996,acetal1500_000996,CC(OCCF)OCC(C)(C)C,acetal,0.12575,0.095,0.16115,-0.3043465,0.2526315,0.00185622,0.01414106,40.955,train,train,train,train,train,validation,train,train
DFT0997,acetal1500_000997,CC(OCC(F)F)OCC(C)(C)C,acetal,0.1279,0.1079333333333333,0.1564333333333333,-0.311904667,0.2547293333333333,0.0018896666666666,0.0167007966666666,50.303333333333335,train,validation,test,train,validation,train,train,train
DFT0998,acetal1500_000998,CC(OCCl)OCC(C)(C)C,acetal,0.1308333333333333,0.1154666666666666,0.1614666666666666,-0.310353667,0.263403,0.0023542,0.0156152433333333,47.923333333333325,train,train,train,validation,validation,test,train,train
DFT0999,acetal1500_000999,CC(OCC(C)(C)C)OC(Cl)Cl,acetal,0.1413333333333333,0.1231999999999999,0.1711666666666667,-0.316059667,0.2691123333333333,0.0035805233333333,0.0201499733333333,55.27333333333333,train,train,train,train,train,validation,validation,train
DFT1000,acetal1500_001000,CC(OCCCl)OCC(C)(C)C,acetal,0.1261333333333333,0.1117666666666666,0.1876,-0.300595,0.2556736666666667,0.0029295333333333,0.0170814066666666,48.64000000000001,test,test,test,train,test,validation,train,train
DFT1001,acetal1500_001001,CC(OCC(Cl)Cl)OCC(C)(C)C,acetal,0.1291666666666666,0.1205333333333333,0.2070999999999999,-0.308514,0.2595436666666667,0.0008012533333333,0.0199577366666666,48.38333333333333,train,validation,train,train,test,train,validation,train
DFT1002,acetal1500_001002,CC(OCBr)OCC(C)(C)C,acetal,0.1312,0.1164333333333333,0.1239333333333333,-0.302106,0.2652676666666667,0.0009291033333333,0.01590181,46.626666666666665,train,validation,train,train,train,train,train,train
DFT1003,acetal1500_001003,CC(OCCBr)OCC(C)(C)C,acetal,0.1263333333333333,0.1085999999999999,0.1901,-0.289176,0.2549573333333333,0.00271385,0.0156084766666666,43.28666666666667,train,train,train,train,train,test,train,train
DFT1004,acetal1500_001004,COCCOC(C)OCC(C)(C)C,acetal,0.124175,0.108725,0.0919,-0.28196525,0.2411625,-0.000144515,0.015768805,43.89,validation,train,train,train,train,train,train,train
DFT1005,acetal1500_001005,CC(OCCO)OCC(C)(C)C,acetal,0.1245,0.1165333333333333,0.1394,-0.286654667,0.2468096666666666,0.00064782,0.0169804833333333,44.07333333333333,test,train,train,train,train,train,train,test
DFT1006,acetal1500_001006,CC(OCOCc1ccccc1)OCC(C)(C)C,acetal,0.1257,0.1242666666666666,0.0118333333333333,-0.262749,0.2374013333333333,-0.00136078,0.01467268,43.60999999999999,test,train,validation,train,test,train,train,train
DFT1007,acetal1500_001007,CC(OCCOCCc1ccccc1)OCC(C)(C)C,acetal,0.1234666666666666,0.1234,0.0075333333333333,-0.258207333,0.227521,-0.00059005,0.01557251,45.04666666666666,test,train,train,train,train,validation,train,train
DFT1008,acetal1500_001008,CC(OCC(C)(C)C)OC1CC1,acetal,0.1239,0.11515,0.10605,-0.2965025,0.241606,1.7875e-05,0.01247358,33.49,test,train,train,test,train,train,train,train
DFT1009,acetal1500_001009,CC(OCC(C)(C)C)OC1CCC1,acetal,0.1238,0.0931333333333333,0.1446333333333333,-0.291647,0.2476779999999999,-0.000237283,0.0110826233333333,27.566666666666663,train,train,train,train,train,train,train,train
DFT1010,acetal1500_001010,CC(OCC(C)(C)C)OC1CCCC1,acetal,0.1235333333333333,0.1018,0.15,-0.292949,0.2477396666666666,-0.000182727,0.0109155966666666,27.28,train,validation,test,validation,train,train,train,train
DFT1011,acetal1500_001011,CC(OCC(C)(C)C)OC1CCCCC1,acetal,0.1220999999999999,0.1051666666666666,0.1435,-0.289572,0.246186,0.0001821433333333,0.0102096,25.433333333333334,train,train,train,train,train,train,train,train
DFT1012,acetal1500_001012,CC(OCC(C)(C)C)OC1CC2CCC1C2,acetal,0.1227333333333333,0.1066666666666666,0.1439333333333333,-0.292862667,0.245568,5.023333333333334e-06,0.0101141599999999,24.676666666666662,validation,test,train,train,train,train,train,train
DFT1013,acetal1500_001013,CC(OCc1ccccc1)OCC(C)(C)C,acetal,0.1227333333333333,0.1145333333333333,0.0375666666666666,-0.268535333,0.2387133333333333,-0.00133679,0.01284842,37.54,train,train,validation,train,train,validation,train,train
DFT1014,acetal1500_001014,CC(OCC(C)(C)C)Oc1ccccc1,acetal,0.1326,0.1249333333333333,0.0846666666666666,-0.281833667,0.2158513333333333,-0.000850833,0.0128454666666666,38.71666666666667,train,validation,train,train,train,train,train,train
DFT1015,acetal1500_001015,Cc1ccc(COC(C)OCC(C)(C)C)cc1,acetal,0.1235,0.1148,0.0362,-0.262383333,0.226846,-0.001911713,0.0116891699999999,35.013333333333335,train,test,train,train,train,train,train,train
DFT1016,acetal1500_001016,CC(OCOc1ccccc1)OCC(C)(C)C,acetal,0.1264333333333333,0.1250333333333333,0.0175666666666666,-0.267653,0.215467,0.0001994666666666,0.0139029133333333,42.01333333333333,train,train,train,validation,train,test,train,train
DFT1017,acetal1500_001017,CC(OCC(C)(C)C)Oc1ccccn1,acetal,0.128,0.1191,0.0949,-0.286466,0.226044,-0.002046287,0.0115440966666666,29.19333333333333,train,train,validation,test,train,train,train,train
DFT1018,acetal1500_001018,CC(OCN)OCC(C)(C)C,acetal,0.1181,0.0996666666666666,0.1130666666666666,-0.273612,0.2450613333333333,-0.00101106,0.0150562299999999,38.806666666666665,train,validation,train,validation,train,test,train,train
DFT1019,acetal1500_001019,CC(OCC#N)OCC(C)(C)C,acetal,0.1296333333333333,0.1023,0.1834666666666666,-0.318786333,0.2578096666666666,0.00543736,0.0209001866666666,59.09333333333333,train,train,train,validation,test,train,validation,test
DFT1020,acetal1500_001020,CC(OCN1CCOCC1)OCC(C)(C)C,acetal,0.1251,0.1159999999999999,0.03335,-0.269189,0.216165,0.00043229,0.014614805,41.86,train,train,validation,validation,train,train,train,train
DFT1021,acetal1500_001021,CC(OCN1CCCCC1)OCC(C)(C)C,acetal,0.1203666666666666,0.1099333333333333,0.0391666666666666,-0.271578,0.2046653333333333,-0.00078332,0.0102660399999999,25.58666666666667,train,train,train,train,test,train,train,train
DFT1022,acetal1500_001022,C=COC(C)OCC(C)(C)C,acetal,0.1316666666666666,0.1109999999999999,0.0883,-0.277210667,0.228212,1.6533333333333337e-05,0.0139357233333333,40.5,train,test,test,train,train,train,train,validation
DFT1023,acetal1500_001023,C=CCOC(C)OCC(C)(C)C,acetal,0.1223,0.1115666666666666,0.1298333333333333,-0.273909667,0.2475043333333333,0.0002739933333333,0.0120547833333333,32.77666666666667,train,train,train,train,train,train,train,train
DFT1024,acetal1500_001024,CC(OCF)OCF,acetal,0.1323333333333333,0.0391666666666666,0.1225,-0.35601,0.2929543333333333,0.00080563,0.02177893,65.62333333333333,train,train,train,train,train,train,test,train
DFT1025,acetal1500_001025,CC(OCF)OC(F)F,acetal,0.1394999999999999,0.0529666666666666,0.1414,-0.366162333,0.300692,0.0025605666666666,0.0262960566666666,69.79,train,test,test,test,train,test,test,validation
DFT1026,acetal1500_001026,CC(OCF)OC(F)(F)F,acetal,0.1422,0.0327,0.1194,-0.3863775,0.3080065,0.00256085,0.02150119,55.505,train,train,validation,train,test,train,test,train
DFT1027,acetal1500_001027,CC(OCF)OCCF,acetal,0.1297333333333333,0.0267,0.1306333333333333,-0.337606333,0.27242,6.609999999999993e-06,0.0219744033333333,66.64666666666666,test,train,train,train,validation,test,train,train
DFT1028,acetal1500_001028,CC(OCF)OCC(F)F,acetal,0.1329,0.0392666666666666,0.1461333333333333,-0.344075333,0.2774826666666666,0.0014605133333333,0.0250966699999999,69.99333333333334,train,train,train,test,train,train,train,train
DFT1029,acetal1500_001029,CC(OCF)OCCl,acetal,0.1342666666666666,0.1176,0.1439,-0.339454667,0.2901203333333333,0.0018515333333333,0.0248155733333333,71.91000000000001,train,train,validation,train,train,train,train,train
DFT1030,acetal1500_001030,CC(OCF)OC(Cl)Cl,acetal,0.1441333333333333,0.1256666666666666,0.1615333333333333,-0.345156,0.2966273333333333,0.0029961266666666,0.0287175233333333,67.01666666666667,train,train,validation,train,train,train,test,train
DFT1031,acetal1500_001031,CC(OCF)OCCCl,acetal,0.1300333333333333,0.1223,0.1620666666666666,-0.316281667,0.2701846666666667,0.0012270999999999,0.0257060666666666,72.08666666666666,train,validation,train,train,train,train,train,train
DFT1032,acetal1500_001032,CC(OCF)OCC(Cl)Cl,acetal,0.1338666666666667,0.1244,0.1802666666666666,-0.323489,0.2796163333333333,0.0022665833333333,0.0249482966666666,62.92333333333334,validation,train,validation,validation,validation,train,train,train
DFT1033,acetal1500_001033,CC(OCF)OCBr,acetal,0.1328,0.1168666666666666,0.1330333333333333,-0.329898667,0.283317,0.0024455433333333,0.0227479066666666,62.31333333333333,train,train,train,train,train,train,train,train
DFT1034,acetal1500_001034,CC(OCF)OCCBr,acetal,0.1311,0.1219333333333333,0.1299,-0.309712333,0.269734,0.00130315,0.0233344433333333,66.53666666666668,train,train,train,train,train,train,train,train
DFT1035,acetal1500_001035,COCOC(C)OCF,acetal,0.0964333333333333,0.0130666666666666,0.2178333333333333,-0.308182667,0.2575546666666666,-0.001448507,0.01866195,59.47,train,train,train,train,train,train,train,train
DFT1036,acetal1500_001036,COCCOC(C)OCF,acetal,0.1277333333333333,0.1035999999999999,0.0456,-0.291776333,0.2492816666666667,-0.001199727,0.01750489,57.25,train,validation,train,test,train,train,train,validation
DFT1037,acetal1500_001037,CC(OCF)OCCO,acetal,0.1315,0.0951333333333333,0.0831666666666666,-0.309215667,0.2580866666666666,0.00247759,0.02308027,63.73666666666666,validation,validation,train,train,train,train,train,test
DFT1038,acetal1500_001038,CC(OCF)OCOCc1ccccc1,acetal,0.1303666666666666,0.1289333333333333,0.0096666666666666,-0.276294,0.23633,-0.001862097,0.01828591,58.26,train,train,test,train,train,train,validation,train
DFT1039,acetal1500_001039,CC(OCF)OCCOCCc1ccccc1,acetal,0.1286333333333333,0.1284666666666666,0.0055333333333333,-0.265053333,0.229472,0.0010079066666666,0.0160951266666666,52.79333333333333,train,train,train,test,train,train,train,train
DFT1040,acetal1500_001040,CC(OCF)OC1CC1,acetal,0.1273999999999999,0.0926666666666666,0.0897666666666666,-0.319079,0.253862,3.5523333333333326e-05,0.0143745133333333,47.29666666666666,train,train,train,train,train,train,validation,validation
DFT1041,acetal1500_001041,CC(OCF)OC1CCC1,acetal,0.1273666666666666,0.0825333333333333,0.1083666666666666,-0.323118333,0.2579133333333333,0.0006613433333333,0.0142273333333333,43.17333333333334,train,validation,test,validation,train,train,validation,validation
DFT1042,acetal1500_001042,CC(OCF)OC1CCCC1,acetal,0.127,0.0936666666666666,0.1189,-0.323591333,0.2592993333333333,0.0004583766666666,0.0140897566666666,40.93666666666667,train,train,train,train,train,test,train,train
DFT1043,acetal1500_001043,CC(OCF)OC1CCCCC1,acetal,0.1262,0.1137666666666666,0.1079333333333333,-0.312071667,0.257614,5.7393333333333325e-05,0.0122220633333333,35.163333333333334,train,train,test,validation,train,train,validation,validation
DFT1044,acetal1500_001044,CC(OCF)OC1CCCCCC1,acetal,0.1263999999999999,0.1126333333333333,0.1172666666666666,-0.310659333,0.2587263333333333,3.113333333333348e-06,0.0118583566666666,34.17333333333333,train,train,train,train,train,train,train,train
DFT1045,acetal1500_001045,CC(OCF)OC1CC2CCC1C2,acetal,0.1294,0.1174,0.1119,-0.3089665,0.2532445,-0.00109182,0.01430819,36.175,train,train,train,validation,validation,train,train,train
DFT1046,acetal1500_001046,CC(OCF)OCc1ccccc1,acetal,0.1271,0.1184666666666666,0.0359333333333333,-0.287087667,0.2382403333333333,-0.000927323,0.0174262533333333,55.653333333333336,test,train,train,train,test,train,train,validation
DFT1047,acetal1500_001047,CC(OCF)Oc1ccccc1,acetal,0.1354333333333333,0.1271666666666666,0.0828,-0.289978,0.2197916666666667,-0.00037546,0.01742318,57.65333333333333,train,train,test,train,train,validation,train,train
DFT1048,acetal1500_001048,Cc1ccc(COC(C)OCF)cc1,acetal,0.1276666666666666,0.1175666666666666,0.0303666666666666,-0.281274,0.2296203333333333,-0.001108397,0.0157798033333333,51.27333333333333,train,train,validation,train,train,train,validation,train
DFT1049,acetal1500_001049,CC(OCF)OCOc1ccccc1,acetal,0.1299,0.1282666666666666,0.0177333333333333,-0.289859333,0.218746,-0.00085243,0.0168105,55.086666666666666,train,train,train,test,train,train,train,train
DFT1050,acetal1500_001050,CC(OCF)Oc1ccccn1,acetal,0.1298666666666666,0.1206999999999999,0.0894,-0.30487,0.2303046666666666,-0.00224329,0.0170154566666666,52.84333333333333,train,train,train,test,train,validation,train,train
DFT1051,acetal1500_001051,CC(OCN)OCF,acetal,0.1217666666666666,0.1078,0.0694666666666666,-0.301961667,0.2499003333333333,-0.00130549,0.0237657566666666,62.95333333333334,train,train,validation,train,validation,train,validation,test
DFT1052,acetal1500_001052,CC(OCF)OC[N+](=O)[O-],acetal,0.1338333333333333,0.1275,0.1956999999999999,-0.336916333,0.2867356666666666,0.00333113,0.02977945,74.88666666666667,test,test,validation,validation,validation,train,train,train
DFT1053,acetal1500_001053,CC(OCF)OCC#N,acetal,0.1334666666666666,0.1056333333333333,0.1891666666666666,-0.344419667,0.278788,0.0054628766666666,0.0312157733333333,74.56666666666666,train,train,train,train,train,test,train,validation
DFT1054,acetal1500_001054,CC(OCF)OCN1CCOCC1,acetal,0.1294,0.08245,0.03025,-0.274972,0.2178545,0.0011378949999999,0.019613775,59.9,test,test,train,train,validation,train,train,test
DFT1055,acetal1500_001055,CC(OCF)OCN1CCCCC1,acetal,0.1256499999999999,0.12045,0.0325499999999999,-0.2907675,0.2052805,7.142500000000001e-05,0.013135385,39.83,validation,test,validation,test,train,validation,train,train
DFT1056,acetal1500_001056,C=COC(C)OCF,acetal,0.1359999999999999,0.1136666666666666,0.0969666666666666,-0.318966667,0.2274133333333333,0.0004082966666666,0.0207156733333333,59.49333333333333,train,train,train,train,train,train,train,train
DFT1057,acetal1500_001057,C=CCOC(C)OCF,acetal,0.1263,0.1116666666666666,0.0879666666666666,-0.297088,0.2533926666666666,0.0001434933333333,0.01682092,55.18333333333334,test,test,train,train,train,validation,train,train
DFT1058,acetal1500_001058,C#CCOC(C)OCF,acetal,0.1308666666666666,0.1037666666666666,0.0926,-0.309288,0.261809,-0.000853063,0.0226146266666666,66.78666666666668,train,train,train,train,test,train,train,test
DFT1059,acetal1500_001059,CC(OC(F)F)OC(F)F,acetal,0.1467666666666666,0.055,0.1320333333333333,-0.377349333,0.3119236666666666,0.0039452533333333,0.0331107666666666,72.16666666666667,validation,train,test,train,train,train,train,train
DFT1060,acetal1500_001060,CC(OC(F)F)OC(F)(F)F,acetal,0.1493,0.0239,0.1245,-0.393443,0.321796,0.0034904799999999,0.0258993933333333,59.29,train,train,validation,train,validation,train,train,train
DFT1061,acetal1500_001061,CC(OCCF)OC(F)F,acetal,0.1364666666666666,0.0639333333333333,0.1441666666666666,-0.342333,0.273694,0.0037093633333333,0.02727208,72.22666666666667,train,train,train,test,train,train,train,train
DFT1062,acetal1500_001062,CC(OCC(F)F)OC(F)F,acetal,0.1405333333333333,0.0523666666666666,0.1502333333333333,-0.349874,0.2817526666666666,0.00309285,0.03296908,74.01666666666667,train,train,train,validation,train,train,train,train
DFT1063,acetal1500_001063,CC(OCCl)OC(F)F,acetal,0.1411666666666666,0.1246,0.1428,-0.345037,0.2954596666666667,0.0041901766666666,0.0284535233333333,69.02333333333333,train,train,train,train,train,validation,train,test
DFT1064,acetal1500_001064,CC(OCCCl)OC(F)F,acetal,0.1394666666666666,0.1241999999999999,0.1562,-0.321041667,0.2769953333333333,0.0041131666666666,0.0301022533333333,71.97333333333334,train,train,train,validation,train,train,train,train
DFT1065,acetal1500_001065,CC(OCC(Cl)Cl)OC(F)F,acetal,0.1414333333333333,0.1322,0.1909666666666666,-0.324722,0.28335,0.00438985,0.0313535066666666,65.45666666666666,train,train,test,train,train,validation,train,train
DFT1066,acetal1500_001066,CC(OCBr)OC(F)F,acetal,0.1417333333333333,0.1256666666666666,0.1070666666666666,-0.341415667,0.2902233333333333,0.0033002466666666,0.0291454666666666,67.82333333333334,train,train,train,train,train,train,test,train
DFT1067,acetal1500_001067,CC(OCCBr)OC(F)F,acetal,0.138,0.1257333333333333,0.1495666666666666,-0.312857667,0.2701503333333333,0.0041174433333333,0.0304485366666666,68.92,test,train,train,train,train,validation,validation,train
DFT1068,acetal1500_001068,COCCOC(C)OC(F)F,acetal,0.1380333333333333,0.0928333333333333,0.0394,-0.295133,0.2520723333333333,0.00199853,0.0236167399999999,66.8,train,train,train,train,train,train,train,train
DFT1069,acetal1500_001069,CC(OCCOCCc1ccccc1)OC(F)F,acetal,0.1390666666666666,0.1389666666666666,0.0033,-0.270248333,0.2318503333333333,0.00078248,0.0184341,52.98333333333333,train,test,test,train,train,train,train,train
DFT1070,acetal1500_001070,CC(OC(F)F)OC1CC1,acetal,0.1342333333333333,0.1195,0.0953666666666666,-0.33177,0.257006,0.00213455,0.0188714666666666,62.56666666666666,train,train,train,train,validation,test,train,train
DFT1071,acetal1500_001071,CC(OC(F)F)OC1CCC1,acetal,0.1361,0.1003666666666666,0.1034666666666666,-0.336496667,0.2622863333333333,0.00237565,0.0170007766666666,55.54,train,train,train,train,train,test,train,train
DFT1072,acetal1500_001072,CC(OC(F)F)OC1CCCC1,acetal,0.1366,0.0916666666666666,0.1154333333333333,-0.327696667,0.26411,0.0022880033333333,0.01749554,52.92666666666667,test,train,test,train,test,validation,test,train
DFT1073,acetal1500_001073,CC(OC(F)F)OC1CCCCC1,acetal,0.1378333333333333,0.0970333333333333,0.1025333333333333,-0.315247667,0.2602003333333333,0.00196242,0.0171283233333333,46.66333333333333,test,train,train,test,train,validation,validation,train
DFT1074,acetal1500_001074,CC(OC(F)F)OC1CCCCCC1,acetal,0.1351333333333333,0.0912666666666666,0.1057,-0.312349333,0.263037,0.0025183733333333,0.0163019199999999,46.89666666666667,train,train,train,train,train,train,train,train
DFT1075,acetal1500_001075,CC(OC(F)F)OC1CC2CCC1C2,acetal,0.1373,0.0932333333333333,0.0926333333333333,-0.313035667,0.2587716666666667,0.00194429,0.0166776733333333,47.446666666666665,train,test,validation,train,train,test,train,test
DFT1076,acetal1500_001076,CC(OCc1ccccc1)OC(F)F,acetal,0.1341999999999999,0.1256333333333333,0.0331333333333333,-0.28867,0.2394216666666666,0.0011197,0.0194863666666666,62.88666666666666,train,test,test,train,train,train,train,validation
DFT1077,acetal1500_001077,Cc1ccc(COC(C)OC(F)F)cc1,acetal,0.135,0.1253333333333333,0.0297666666666666,-0.283523667,0.229827,0.0009955066666666,0.0181355466666666,58.98,train,train,train,train,train,train,validation,train
DFT1078,acetal1500_001078,CC(OCOc1ccccc1)OC(F)F,acetal,0.1388,0.1371,0.0194666666666666,-0.290210333,0.2194366666666666,0.00123117,0.0218395366666666,59.73666666666667,train,train,train,train,train,validation,test,train
DFT1079,acetal1500_001079,CC(Oc1ccccn1)OC(F)F,acetal,0.1365333333333333,0.1268666666666666,0.0864333333333333,-0.309749333,0.2327513333333333,-0.00033646,0.01817369,56.63333333333333,validation,train,validation,train,train,train,validation,train
DFT1080,acetal1500_001080,CC(OCC#N)OC(F)F,acetal,0.1431666666666666,0.1148333333333333,0.1799666666666667,-0.350218333,0.2908206666666666,0.0061611033333333,0.0386705233333333,77.02333333333333,train,validation,train,train,train,train,train,train
DFT1081,acetal1500_001081,CC(OCN1CCOCC1)OC(F)F,acetal,0.1355666666666666,0.0620333333333333,0.0396666666666666,-0.275325333,0.212859,0.0032193466666666,0.0228091733333333,62.93666666666667,train,train,train,train,train,test,validation,train
DFT1082,acetal1500_001082,C=COC(C)OC(F)F,acetal,0.1425333333333333,0.1230666666666666,0.0924333333333333,-0.333728,0.2310853333333333,0.0021252466666666,0.0227369266666666,62.49333333333334,train,train,train,validation,train,train,train,train
DFT1083,acetal1500_001083,C=CCOC(C)OC(F)F,acetal,0.1364999999999999,0.121,0.0692333333333333,-0.303270333,0.2555576666666666,0.0019768266666666,0.0220859866666666,63.57,validation,train,train,train,train,test,train,validation
DFT1084,acetal1500_001084,C#CCOC(C)OC(F)F,acetal,0.1374999999999999,0.1129999999999999,0.0526333333333333,-0.316025667,0.2712343333333333,0.0013776566666666,0.02424147,64.01,train,train,train,test,train,train,train,train
DFT1085,acetal1500_001085,CC(OC(F)(F)F)OC(F)(F)F,acetal,0.1494,0.0103333333333333,0.1186333333333333,-0.401106,0.3365573333333334,0.0026573599999999,0.0234468733333333,45.53666666666667,test,train,train,train,train,train,train,train
DFT1086,acetal1500_001086,CC(OCCF)OC(F)(F)F,acetal,0.1410333333333333,0.0546333333333333,0.1269,-0.352431333,0.285731,0.0031184299999999,0.02126559,57.32666666666666,train,train,train,train,train,train,train,validation
DFT1087,acetal1500_001087,CC(OCC(F)F)OC(F)(F)F,acetal,0.1428666666666666,0.0475333333333333,0.1372,-0.359834,0.2929373333333333,0.0034689466666666,0.0227088133333333,58.336666666666666,train,validation,test,train,train,train,validation,train
DFT1088,acetal1500_001088,CC(OCCl)OC(F)(F)F,acetal,0.1424666666666666,0.1241666666666666,0.1370333333333333,-0.353622667,0.302396,0.0029535166666666,0.0250682033333333,60.47,train,test,test,train,train,train,train,train
DFT1089,acetal1500_001089,CC(OCCCl)OC(F)(F)F,acetal,0.1411333333333333,0.1286333333333333,0.1322666666666666,-0.329469667,0.2858583333333333,0.0033133133333333,0.02492379,60.88333333333333,train,train,train,train,validation,validation,validation,test
DFT1090,acetal1500_001090,CC(OCC(Cl)Cl)OC(F)(F)F,acetal,0.1437666666666666,0.1357666666666666,0.1425333333333333,-0.335826,0.2930436666666666,0.0031474166666666,0.0253968866666666,54.85666666666666,test,test,validation,train,train,validation,train,test
DFT1091,acetal1500_001091,CC(OCCBr)OC(F)(F)F,acetal,0.1414,0.1269666666666666,0.1301666666666666,-0.322269333,0.2745956666666667,0.0034342666666666,0.0246132733333333,60.02666666666666,train,validation,train,train,train,validation,train,train
DFT1092,acetal1500_001092,CC(OCOCc1ccccc1)OC(F)(F)F,acetal,0.1377333333333333,0.1361,0.0084333333333333,-0.288377,0.238919,6.768666666666667e-05,0.0159776233333333,49.92,train,test,train,train,validation,test,train,train
DFT1093,acetal1500_001093,CC(OCCOCCc1ccccc1)OC(F)(F)F,acetal,0.1395666666666666,0.1394666666666666,0.0019666666666666,-0.266376,0.2310033333333333,0.0011630833333333,0.0182479666666666,54.34333333333333,train,validation,validation,train,validation,train,train,train
DFT1094,acetal1500_001094,CC(OC1CC1)OC(F)(F)F,acetal,0.1386,0.1209,0.0849,-0.342773333,0.266115,0.0013634766666666,0.01680688,49.71666666666667,train,train,train,train,test,validation,validation,validation
DFT1095,acetal1500_001095,CC(OC1CCC1)OC(F)(F)F,acetal,0.1391666666666666,0.0938,0.0985333333333333,-0.343258333,0.2679256666666667,0.00136014,0.0146301266666666,44.43,test,train,train,train,train,validation,train,train
DFT1096,acetal1500_001096,CC(OC1CCCC1)OC(F)(F)F,acetal,0.1394333333333333,0.0877,0.1021,-0.330767333,0.2678083333333333,0.0014954366666666,0.0150824,44.05,train,validation,train,train,train,train,train,train
DFT1097,acetal1500_001097,CC(OC1CCCCC1)OC(F)(F)F,acetal,0.13905,0.1146,0.08375,-0.3230645,0.2641335,0.001905295,0.014857095,44.215,train,train,train,train,train,train,train,train
DFT1098,acetal1500_001098,CC(OC1CCCCCC1)OC(F)(F)F,acetal,0.1384333333333333,0.1293333333333333,0.0978666666666666,-0.315417667,0.2686193333333333,0.0019263133333333,0.01275023,36.9,test,train,train,train,validation,train,train,train
DFT1099,acetal1500_001099,CC(OC1CC2CCC1C2)OC(F)(F)F,acetal,0.1391333333333333,0.0930666666666666,0.0915333333333333,-0.319546,0.2661526666666666,0.00114198,0.0126189566666666,34.41,train,train,train,validation,train,train,train,train
DFT1100,acetal1500_001100,CC(OCc1ccccc1)OC(F)(F)F,acetal,0.1399666666666666,0.1299666666666666,0.0351666666666666,-0.291701667,0.2395776666666667,-0.00012437,0.0182953133333333,55.046666666666674,train,train,train,train,test,train,train,train
DFT1101,acetal1500_001101,Cc1ccc(COC(C)OC(F)(F)F)cc1,acetal,0.1399,0.1290333333333333,0.0315666666666666,-0.287814,0.2297156666666666,-0.00040625,0.0161888833333333,49.84,validation,validation,train,train,train,train,train,test
DFT1102,acetal1500_001102,CC(OCOc1ccccc1)OC(F)(F)F,acetal,0.1435999999999999,0.1418333333333333,0.019,-0.290636,0.2192903333333333,-0.000141787,0.01916469,54.22,train,validation,train,validation,train,train,train,train
DFT1103,acetal1500_001103,CC(OCN)OC(F)(F)F,acetal,0.1366,0.07705,0.0654,-0.322017,0.2593419999999999,0.001080035,0.02385019,60.23,train,train,test,test,validation,train,validation,train
DFT1104,acetal1500_001104,CC(OCC#N)OC(F)(F)F,acetal,0.1449,0.1152,0.1533,-0.362111667,0.2984396666666666,0.00672508,0.0282120266666666,62.123333333333335,train,train,test,train,validation,train,train,train
DFT1105,acetal1500_001105,CC(OCN1CCOCC1)OC(F)(F)F,acetal,0.1376,0.1224666666666666,0.0338,-0.275108667,0.2176679999999999,0.0020123866666666,0.0201747333333333,58.03333333333333,validation,train,test,train,train,train,train,train
DFT1106,acetal1500_001106,CC(OCN1CCCCC1)OC(F)(F)F,acetal,0.1367499999999999,0.1117,0.03275,-0.3070875,0.2129925,0.001092505,0.01576925,50.120000000000005,validation,train,train,train,train,train,test,train
DFT1107,acetal1500_001107,C=COC(C)OC(F)(F)F,acetal,0.146,0.1203,0.0987,-0.343278,0.2349679999999999,0.00130417,0.01869417,49.49,validation,train,validation,train,test,train,train,validation
DFT1108,acetal1500_001108,C=CCOC(C)OC(F)(F)F,acetal,0.1376666666666666,0.1233333333333333,0.0546333333333333,-0.309889,0.2581146666666666,0.0010258466666666,0.0184033233333333,55.06333333333333,train,validation,train,train,train,train,train,train
DFT1109,acetal1500_001109,C#CCOC(C)OC(F)(F)F,acetal,0.1396666666666666,0.1129666666666666,0.0536333333333333,-0.324758333,0.2715086666666667,0.00049244,0.0201951166666666,53.29666666666666,train,test,validation,train,train,train,validation,train
DFT1110,acetal1500_001110,CC(OCCF)OCCF,acetal,0.1232666666666666,0.0535,0.1447333333333333,-0.311847,0.257761,0.0003146,0.0268394466666666,71.06666666666666,train,train,validation,train,test,train,train,test
DFT1111,acetal1500_001111,CC(OCCF)OCC(F)F,acetal,0.1293,0.0579333333333333,0.1654333333333333,-0.3139,0.2612276666666666,0.0023106033333333,0.0251327866666666,72.04,validation,train,validation,train,train,train,validation,train
DFT1112,acetal1500_001112,CC(OCCl)OCCF,acetal,0.1316666666666666,0.1156,0.1683333333333333,-0.314170667,0.2679176666666666,0.0025309966666666,0.0234962866666666,71.36333333333334,train,train,validation,train,validation,test,train,train
DFT1113,acetal1500_001113,CC(OCCF)OCCCl,acetal,0.1277666666666666,0.1204333333333333,0.1861333333333333,-0.304765,0.258192,0.00252984,0.02576023,70.07000000000001,test,test,train,train,test,train,train,train
DFT1114,acetal1500_001114,CC(OCBr)OCCF,acetal,0.1316333333333333,0.1160666666666666,0.1361333333333333,-0.308050667,0.269492,0.0029132433333333,0.0225522433333333,68.44333333333333,validation,test,test,train,train,test,train,validation
DFT1115,acetal1500_001115,CC(OCCF)OCCBr,acetal,0.1273666666666666,0.1188,0.1773,-0.292371333,0.2575556666666667,0.0011010666666666,0.02521539,70.39666666666666,train,train,train,test,train,train,train,train
DFT1116,acetal1500_001116,COCOC(C)OCCF,acetal,0.0974,0.0466333333333333,0.1418666666666666,-0.287114333,0.2548003333333333,0.0003980633333333,0.0227279466666666,67.67,train,train,train,train,train,train,test,train
DFT1117,acetal1500_001117,COCCOC(C)OCCF,acetal,0.1241333333333333,0.0845333333333333,0.0944,-0.279395333,0.2434236666666666,-0.000636253,0.01949953,61.32333333333333,validation,train,test,train,train,train,test,train
DFT1118,acetal1500_001118,CC(OCCO)OCCF,acetal,0.1267,0.0815999999999999,0.1387666666666666,-0.285175333,0.2551703333333333,0.0010464433333333,0.02211024,66.82000000000001,train,train,validation,train,validation,train,train,validation
DFT1119,acetal1500_001119,CC(OCCF)OCCOCCc1ccccc1,acetal,0.1251333333333333,0.1249333333333333,0.0065999999999999,-0.259233667,0.228815,-0.000293787,0.0185675533333333,56.77333333333333,test,validation,train,train,test,train,train,train
DFT1120,acetal1500_001120,CC(OCCF)OC1CC1,acetal,0.1238333333333333,0.0777,0.1083,-0.295631333,0.2439909999999999,0.00015118,0.0184293066666666,55.04333333333333,train,train,train,validation,train,train,train,train
DFT1121,acetal1500_001121,CC(OCCF)OC1CCC1,acetal,0.1240999999999999,0.0813666666666666,0.1440666666666666,-0.297543,0.2489586666666666,2.9873333333333368e-05,0.01629354,44.91,train,train,train,train,train,train,train,test
DFT1122,acetal1500_001122,CC(OCCF)OC1CCCC1,acetal,0.1226,0.0868666666666666,0.1360333333333333,-0.301224667,0.2494466666666666,0.00013317,0.0151417599999999,43.473333333333336,train,train,train,validation,validation,train,train,train
DFT1123,acetal1500_001123,CC(OCCF)OC1CCCCC1,acetal,0.1237333333333333,0.0823,0.1251,-0.297025667,0.2488663333333333,0.0001758266666666,0.0158968133333333,45.49666666666667,validation,train,train,train,validation,train,train,train
DFT1124,acetal1500_001124,CC(OCCF)OC1CCCCCC1,acetal,0.1237333333333333,0.0860666666666666,0.1354666666666666,-0.300902333,0.246738,0.0025358666666666,0.0148383733333333,42.79,train,train,validation,train,train,train,train,train
DFT1125,acetal1500_001125,CC(OCCF)OC1CC2CCC1C2,acetal,0.125,0.0868999999999999,0.1167,-0.296799667,0.2484579999999999,0.0012171833333333,0.0151135499999999,42.97,test,train,train,train,train,train,train,test
DFT1126,acetal1500_001126,CC(OCCF)OCc1ccccc1,acetal,0.1246333333333333,0.1156333333333333,0.046,-0.272846,0.2377786666666666,-0.00046552,0.0204580466666666,64.17666666666666,validation,test,validation,train,train,train,train,test
DFT1127,acetal1500_001127,CC(OCCF)Oc1ccccc1,acetal,0.1330333333333333,0.1254,0.0843333333333333,-0.288125333,0.2149219999999999,-0.001022333,0.0177851599999999,58.223333333333336,train,train,train,train,test,train,train,train
DFT1128,acetal1500_001128,Cc1ccc(COC(C)OCCF)cc1,acetal,0.1238666666666666,0.1146,0.0327,-0.271211,0.2280646666666666,-0.000228177,0.0157479233333333,50.06333333333333,train,validation,validation,train,test,train,test,train
DFT1129,acetal1500_001129,CC(OCCF)OCOc1ccccc1,acetal,0.1262333333333333,0.1246999999999999,0.0177333333333333,-0.274119667,0.2168393333333333,-0.000871617,0.01879669,59.34666666666666,train,train,validation,train,train,validation,train,train
DFT1130,acetal1500_001130,CC(OCCF)Oc1ccccn1,acetal,0.1289333333333333,0.1201666666666666,0.0951333333333333,-0.291955333,0.2266989999999999,-0.001155507,0.01838679,52.57,train,validation,test,train,train,train,train,validation
DFT1131,acetal1500_001131,CC(OCN)OCCF,acetal,0.1191,0.079,0.0974,-0.2784755,0.2434875,0.00029438,0.02485712,67.18,train,validation,validation,train,train,train,train,train
DFT1132,acetal1500_001132,CC(OCC#N)OCCF,acetal,0.1321,0.1036333333333333,0.1982666666666666,-0.318419,0.2643416666666667,0.00515796,0.03521902,79.54333333333334,train,train,train,train,test,train,train,test
DFT1133,acetal1500_001133,CC(OCCF)OCN1CCOCC1,acetal,0.1248,0.0987,0.03125,-0.269726,0.212141,0.001750695,0.01937792,60.635,train,train,train,train,train,train,test,validation
DFT1134,acetal1500_001134,CC(OCCF)OCN1CCCCC1,acetal,0.12455,0.05395,0.0415,-0.269914,0.2169479999999999,0.0002286899999999,0.0140228,41.65,test,train,train,train,test,train,train,train
DFT1135,acetal1500_001135,C=COC(C)OCCF,acetal,0.1325666666666666,0.1132666666666666,0.0947666666666666,-0.296518667,0.2236023333333333,2.6283333333333367e-05,0.0220281533333333,62.99333333333334,validation,test,train,train,train,train,test,validation
DFT1136,acetal1500_001136,C=CCOC(C)OCCF,acetal,0.1253333333333333,0.1135999999999999,0.1242333333333333,-0.288804333,0.248148,0.0004345599999999,0.0176309466666666,55.803333333333335,train,train,validation,train,train,train,train,train
DFT1137,acetal1500_001137,C#CCOC(C)OCCF,acetal,0.1268666666666666,0.1013666666666666,0.1482,-0.291938667,0.2578576666666667,-0.000361863,0.0230866633333333,67.88000000000001,train,train,validation,train,train,train,train,train
DFT1138,acetal1500_001138,CC(OCC(F)F)OCC(F)F,acetal,0.1321333333333333,0.0534333333333333,0.1600666666666666,-0.320401333,0.2649603333333333,0.0023131233333333,0.02996993,74.64999999999999,test,train,train,validation,train,train,train,validation
DFT1139,acetal1500_001139,CC(OCCl)OCC(F)F,acetal,0.1354,0.1173666666666666,0.1778333333333333,-0.319856,0.2752183333333333,0.0032588099999999,0.0285444633333333,73.82666666666667,test,train,train,validation,validation,train,train,train
DFT1140,acetal1500_001140,CC(OCC(F)F)OC(Cl)Cl,acetal,0.1457333333333333,0.1275333333333333,0.1478,-0.324504333,0.285903,0.0032985433333333,0.03187135,67.77999999999999,train,train,train,train,validation,train,test,train
DFT1141,acetal1500_001141,CC(OCCCl)OCC(F)F,acetal,0.1291666666666666,0.1141333333333333,0.1681666666666666,-0.306648,0.265389,0.0036196066666666,0.02669188,70.61,train,train,train,train,train,train,train,train
DFT1142,acetal1500_001142,CC(OCC(F)F)OCC(Cl)Cl,acetal,0.1331,0.1242333333333333,0.2079,-0.314754667,0.2655533333333333,0.00221327,0.0308476633333333,70.82666666666667,train,train,train,train,train,test,train,train
DFT1143,acetal1500_001143,CC(OCBr)OCC(F)F,acetal,0.1326666666666666,0.1152666666666666,0.1383666666666666,-0.309345333,0.2663436666666667,0.0013933966666666,0.0272429266666666,73.16666666666667,validation,train,train,train,train,train,train,train
DFT1144,acetal1500_001144,CC(OCCBr)OCC(F)F,acetal,0.1270666666666666,0.1198,0.1731666666666667,-0.300957667,0.2586676666666667,0.0014276933333333,0.0301068566666666,71.48333333333333,train,train,train,train,test,train,train,train
DFT1145,acetal1500_001145,COCOC(C)OCC(F)F,acetal,0.0987333333333333,0.0548666666666666,0.1475999999999999,-0.300492333,0.2602876666666666,0.0011427333333333,0.0242618733333333,71.61333333333333,train,train,train,validation,train,train,train,train
DFT1146,acetal1500_001146,CC(OCCO)OCC(F)F,acetal,0.1271666666666666,0.0999999999999999,0.1448,-0.287977667,0.2580929999999999,0.0015734666666666,0.02528044,69.01,train,train,train,train,validation,train,train,test
DFT1147,acetal1500_001147,CC(OCCOCCc1ccccc1)OCC(F)F,acetal,0.1255333333333333,0.1253666666666666,0.0109333333333333,-0.256887333,0.2284576666666666,0.0002848433333333,0.0192100166666666,55.67333333333334,validation,train,validation,test,train,train,train,train
DFT1148,acetal1500_001148,CC(OCC(F)F)OC1CCC1,acetal,0.1263333333333333,0.0611666666666666,0.1328,-0.302939,0.2503056666666667,0.00103741,0.0191921866666666,52.88,train,train,train,test,test,train,test,validation
DFT1149,acetal1500_001149,CC(OCC(F)F)OC1CCCCC1,acetal,0.1262333333333333,0.0832,0.1211,-0.301133333,0.2503083333333333,0.0022646833333333,0.01644594,48.50333333333333,train,train,train,train,train,train,train,train
DFT1150,acetal1500_001150,CC(OCC(F)F)OC1CC2CCC1C2,acetal,0.1250333333333333,0.0865666666666666,0.1272,-0.303570333,0.2482046666666666,0.00113813,0.0161567733333333,46.4,train,train,train,train,train,train,train,test
DFT1151,acetal1500_001151,CC(OCc1ccccc1)OCC(F)F,acetal,0.1278,0.1193999999999999,0.0421333333333333,-0.275309667,0.2372326666666666,3.852333333333334e-05,0.02099055,63.31666666666666,train,train,train,train,train,train,train,train
DFT1152,acetal1500_001152,Cc1ccc(COC(C)OCC(F)F)cc1,acetal,0.1213,0.1120999999999999,0.0306666666666666,-0.269411333,0.2280596666666666,-0.000814503,0.0148968499999999,46.67666666666667,train,train,train,train,test,train,train,train
DFT1153,acetal1500_001153,CC(OCOc1ccccc1)OCC(F)F,acetal,0.1296666666666666,0.1282666666666666,0.0161666666666666,-0.283597667,0.215838,0.0009524266666666,0.0210210366666666,59.09333333333333,train,train,test,train,train,train,test,validation
DFT1154,acetal1500_001154,CC(OCC(F)F)Oc1ccccn1,acetal,0.1304666666666666,0.1216,0.0909333333333333,-0.297247333,0.2274783333333333,-0.00146627,0.0180860133333333,55.29333333333333,train,train,train,train,test,train,train,train
DFT1155,acetal1500_001155,CC(OCC(F)F)OCN1CCOCC1,acetal,0.1267666666666666,0.0803666666666666,0.0297333333333333,-0.275605333,0.2209863333333333,0.0007495866666666,0.0200591933333333,59.18333333333334,train,validation,validation,train,train,train,train,train
DFT1156,acetal1500_001156,CC(OCC(F)F)OCN1CCCCC1,acetal,0.1271499999999999,0.0896,0.0382,-0.2796305,0.2137365,0.000623385,0.015954045,50.315,train,validation,train,train,train,train,train,train
DFT1157,acetal1500_001157,C=COC(C)OCC(F)F,acetal,0.1354333333333333,0.1180333333333333,0.0902333333333333,-0.306981667,0.2244196666666666,0.0016495533333333,0.0214970166666666,62.03,test,train,train,train,train,train,train,train
DFT1158,acetal1500_001158,C=CCOC(C)OCC(F)F,acetal,0.1271666666666666,0.1124333333333333,0.0907999999999999,-0.286246333,0.2512563333333333,0.00154773,0.0211429033333333,62.11666666666667,train,train,train,train,test,train,validation,test
DFT1159,acetal1500_001159,C#CCOC(C)OCC(F)F,acetal,0.1288,0.1022666666666666,0.1309,-0.294187333,0.2572513333333333,-0.000401183,0.0261278566666666,68.86666666666666,train,test,validation,train,train,validation,validation,train
DFT1160,acetal1500_001160,CC(OCCl)OCCl,acetal,0.1356,0.1205666666666666,0.1558666666666666,-0.324448667,0.2865136666666666,0.00254858,0.02790485,77.97333333333334,train,train,test,train,train,validation,train,test
DFT1161,acetal1500_001161,CC(OCCl)OC(Cl)Cl,acetal,0.1438333333333333,0.1269333333333333,0.1632333333333333,-0.327526,0.293234,0.0036363466666666,0.0314550133333333,66.51666666666667,train,test,train,test,train,train,train,train
DFT1162,acetal1500_001162,CC(OCCl)OCCCl,acetal,0.1334666666666666,0.1171666666666666,0.1684666666666666,-0.310932333,0.2729633333333333,0.0032685,0.0260790033333333,74.01666666666667,train,train,train,validation,train,train,test,test
DFT1163,acetal1500_001163,CC(OCCl)OCC(Cl)Cl,acetal,0.1369666666666666,0.1284666666666666,0.1739,-0.316928,0.2742993333333333,0.0028153333333333,0.0310828466666666,69.35666666666667,train,train,train,train,train,train,train,train
DFT1164,acetal1500_001164,CC(OCCl)OCBr,acetal,0.1349999999999999,0.1203333333333333,0.1239333333333333,-0.319951667,0.2818529999999999,0.00209775,0.0274690733333333,75.8,train,train,test,train,train,test,train,train
DFT1165,acetal1500_001165,CC(OCCl)OCCBr,acetal,0.1339333333333333,0.1196666666666666,0.1496666666666666,-0.300607333,0.2727156666666666,0.0021022666666666,0.0260396033333333,73.07666666666667,train,train,train,train,train,train,train,train
DFT1166,acetal1500_001166,COCCOC(C)OCCl,acetal,0.1326333333333333,0.1186333333333333,0.0454333333333333,-0.290588,0.2515676666666667,0.0009231966666666,0.02119877,62.22,train,train,train,train,train,validation,train,train
DFT1167,acetal1500_001167,CC(OCCl)OCOCc1ccccc1,acetal,0.1332,0.1317333333333333,0.0079333333333333,-0.28012,0.2394343333333333,0.0007357399999999,0.0192336266666666,59.59,train,train,validation,validation,train,train,train,train
DFT1168,acetal1500_001168,CC(OCCl)OCCOCCc1ccccc1,acetal,0.1311666666666666,0.1310333333333333,0.0041,-0.266179667,0.2297603333333333,0.00101765,0.0172930566666666,54.09333333333333,train,train,train,test,train,validation,train,train
DFT1169,acetal1500_001169,CC(OCCl)OC1CC1,acetal,0.1321666666666666,0.1160333333333333,0.1065333333333333,-0.303115,0.257176,0.00210096,0.0201064866666666,62.866666666666674,train,train,validation,test,train,train,train,validation
DFT1170,acetal1500_001170,CC(OCCl)OC1CCC1,acetal,0.1314,0.1146,0.1170333333333333,-0.306769333,0.2564443333333333,0.0020552266666666,0.01682906,55.68666666666667,train,train,train,train,train,train,train,test
DFT1171,acetal1500_001171,CC(OCCl)OC1CCCC1,acetal,0.1316666666666666,0.1158,0.1265,-0.307449333,0.2597283333333333,0.0024685366666666,0.0176122766666666,52.99333333333334,train,train,train,train,train,train,train,train
DFT1172,acetal1500_001172,CC(OCCl)OC1CCCCC1,acetal,0.1307333333333333,0.1163666666666666,0.1206,-0.304456667,0.2590266666666667,0.0032566266666666,0.0168917233333333,51.04333333333333,test,train,train,train,train,train,train,train
DFT1173,acetal1500_001173,CC(OCCl)OC1CCCCCC1,acetal,0.1296333333333333,0.1148333333333333,0.1239,-0.306696,0.2604356666666667,0.0032984366666666,0.0150389033333333,45.333333333333336,test,train,test,train,validation,train,train,train
DFT1174,acetal1500_001174,CC(OCCl)OC1CC2CCC1C2,acetal,0.1303,0.1151666666666666,0.1119999999999999,-0.304142333,0.2561323333333333,0.00312568,0.0148647766666666,48.50333333333333,train,train,train,train,test,train,validation,train
DFT1175,acetal1500_001175,CC(OCCl)OCc1ccccc1,acetal,0.1284666666666666,0.1185666666666666,0.0316333333333333,-0.279842333,0.2406256666666666,0.00088757,0.0185995266666666,63.10999999999999,test,train,train,train,train,train,train,train
DFT1176,acetal1500_001176,CC(OCCl)Oc1ccccc1,acetal,0.1400333333333333,0.1323,0.0793,-0.290813333,0.2207029999999999,-0.000663947,0.0222583666666666,63.77333333333333,train,train,train,validation,train,train,train,train
DFT1177,acetal1500_001177,Cc1ccc(COC(C)OCCl)cc1,acetal,0.1296666666666666,0.1189333333333333,0.0295333333333333,-0.279869667,0.230592,0.0004606966666666,0.0170143566666666,57.18000000000001,train,train,train,train,train,train,validation,train
DFT1178,acetal1500_001178,CC(OCCl)OCOc1ccccc1,acetal,0.1329666666666666,0.1312333333333333,0.0190666666666666,-0.288106667,0.2180193333333333,-0.000569663,0.02014353,62.02666666666666,train,test,train,train,test,train,train,train
DFT1179,acetal1500_001179,CC(OCCl)Oc1ccccn1,acetal,0.1315,0.1224,0.0884999999999999,-0.300494,0.2305923333333333,-0.00029377,0.0176407866666666,53.78,train,test,validation,train,train,train,validation,train
DFT1180,acetal1500_001180,CC(OCN)OCCl,acetal,0.1278999999999999,0.1132666666666666,0.0794333333333333,-0.299856,0.2544776666666666,0.0013817733333333,0.02809273,71.25666666666666,test,train,train,train,test,train,validation,test
DFT1181,acetal1500_001181,CC(OCCl)OC[N+](=O)[O-],acetal,0.1357333333333333,0.1292333333333333,0.2049,-0.322442,0.285916,0.00439177,0.0312396966666666,75.84666666666668,train,train,train,train,train,train,train,validation
DFT1182,acetal1500_001182,C=COC(C)OCCl,acetal,0.1377666666666666,0.1222,0.0885,-0.303624333,0.2296866666666666,0.0017019399999999,0.0206855,60.99666666666667,test,test,train,train,train,train,train,train
DFT1183,acetal1500_001183,C#CCOC(C)OCCl,acetal,0.1328333333333333,0.1089333333333333,0.0937333333333333,-0.301270667,0.2620846666666667,0.0010991733333333,0.0239212633333333,68.24000000000001,test,validation,train,train,validation,train,validation,test
DFT1184,acetal1500_001184,CC(OCCCl)OC(Cl)Cl,acetal,0.1425,0.1246666666666666,0.1553,-0.315982333,0.277757,0.0048710166666666,0.0336555633333333,68.32333333333334,train,train,train,train,train,train,train,train
DFT1185,acetal1500_001185,CC(OCBr)OC(Cl)Cl,acetal,0.1436333333333333,0.1263999999999999,0.1113333333333333,-0.325925333,0.287759,0.00332271,0.0296614533333333,61.68333333333333,train,test,train,test,train,train,validation,train
DFT1186,acetal1500_001186,CC(OCCBr)OC(Cl)Cl,acetal,0.1436,0.1259333333333333,0.1395333333333333,-0.310027333,0.277215,0.0029968533333333,0.0324704799999999,68.75666666666667,train,train,train,validation,test,train,train,train
DFT1187,acetal1500_001187,COCOC(C)OC(Cl)Cl,acetal,0.1030666666666666,0.0979333333333333,0.2308666666666666,-0.306382667,0.2704279999999999,0.0018368566666666,0.0238072633333333,63.63333333333333,train,test,train,train,train,train,test,train
DFT1188,acetal1500_001188,COCCOC(C)OC(Cl)Cl,acetal,0.1411,0.1231333333333333,0.0520333333333333,-0.296244667,0.2521713333333333,0.0017750966666666,0.02649737,70.70666666666666,train,validation,train,validation,train,train,train,test
DFT1189,acetal1500_001189,CC(OCCO)OC(Cl)Cl,acetal,0.1430333333333333,0.1246333333333333,0.0833,-0.304565333,0.2683556666666666,0.0031603633333333,0.0297792999999999,70.15666666666667,train,train,test,train,train,test,validation,train
DFT1190,acetal1500_001190,CC(OCOCc1ccccc1)OC(Cl)Cl,acetal,0.1412,0.1318666666666666,0.0088,-0.28312,0.2389683333333333,0.0021449633333333,0.02311081,66.37333333333333,train,train,train,train,train,train,train,train
DFT1191,acetal1500_001191,CC(OCCOCCc1ccccc1)OC(Cl)Cl,acetal,0.1442333333333333,0.1250333333333333,0.0031333333333333,-0.265473333,0.230897,0.00079047,0.0212508466666666,58.88333333333333,train,train,test,train,train,train,train,train
DFT1192,acetal1500_001192,CC(OC(Cl)Cl)OC1CC1,acetal,0.1394666666666666,0.1224666666666666,0.1216,-0.313351333,0.257828,0.0027986133333333,0.0227853833333333,66.45,train,train,test,validation,train,train,validation,validation
DFT1193,acetal1500_001193,CC(OC(Cl)Cl)OC1CCC1,acetal,0.1397,0.1224,0.1274,-0.314845667,0.2624886666666666,0.0036524533333333,0.0211440166666666,65.73,train,train,train,train,train,train,test,train
DFT1194,acetal1500_001194,CC(OC(Cl)Cl)OC1CCCC1,acetal,0.1403333333333333,0.1228666666666666,0.1381666666666666,-0.314212333,0.2651876666666666,0.0034888566666666,0.0200664966666666,61.20666666666667,train,train,train,test,train,train,train,train
DFT1195,acetal1500_001195,CC(OC(Cl)Cl)OC1CCCCC1,acetal,0.1414,0.1221666666666666,0.1255666666666666,-0.308916333,0.264815,0.0027319633333333,0.0189168933333333,53.27,test,test,train,train,test,validation,train,train
DFT1196,acetal1500_001196,CC(OC(Cl)Cl)OC1CC2CCC1C2,acetal,0.1399666666666666,0.1226333333333333,0.129,-0.312424667,0.2595903333333333,0.00346569,0.0185743766666666,55.48666666666667,validation,train,train,train,validation,train,validation,train
DFT1197,acetal1500_001197,CC(OCc1ccccc1)OC(Cl)Cl,acetal,0.1376333333333333,0.1250333333333333,0.0310333333333333,-0.286269667,0.2410996666666666,0.0017401033333333,0.0230422733333333,65.84666666666666,train,train,train,train,train,train,validation,validation
DFT1198,acetal1500_001198,Cc1ccc(COC(C)OC(Cl)Cl)cc1,acetal,0.1373333333333333,0.1238,0.0282666666666666,-0.286352,0.2304266666666666,0.00124045,0.0199422499999999,59.803333333333335,validation,validation,train,validation,validation,train,train,validation
DFT1199,acetal1500_001199,CC(OCOc1ccccc1)OC(Cl)Cl,acetal,0.1431333333333333,0.1294333333333333,0.0179,-0.290847,0.219632,0.0011607533333333,0.0232012466666666,61.48666666666666,train,validation,train,train,train,train,train,test
DFT1200,acetal1500_001200,CC(Oc1ccccn1)OC(Cl)Cl,acetal,0.1423666666666666,0.1333333333333333,0.0820666666666666,-0.306947667,0.23578,0.0002224866666666,0.01985352,60.04,train,train,train,test,train,validation,train,train
DFT1201,acetal1500_001201,CC(OCN)OC(Cl)Cl,acetal,0.1367666666666666,0.119,0.0765666666666666,-0.308051333,0.2546299999999999,0.00123281,0.03363162,73.67666666666666,train,train,train,train,train,validation,validation,train
DFT1202,acetal1500_001202,CC(OCC#N)OC(Cl)Cl,acetal,0.1461666666666666,0.1278333333333333,0.1772666666666666,-0.331548,0.2895573333333334,0.0070958733333333,0.0359354066666666,69.16000000000001,validation,validation,test,test,train,test,train,validation
DFT1203,acetal1500_001203,CC(OCN1CCOCC1)OC(Cl)Cl,acetal,0.1391,0.1217,0.05175,-0.270927,0.2170695,0.004198405,0.025142665,67.44,validation,test,validation,train,train,train,train,train
DFT1204,acetal1500_001204,CC(OCN1CCCCC1)OC(Cl)Cl,acetal,0.1370333333333333,0.1197666666666666,0.0472666666666666,-0.29644,0.2099346666666666,0.0030175533333333,0.0205597833333333,66.60666666666667,test,train,validation,train,train,test,test,train
DFT1205,acetal1500_001205,C=COC(C)OC(Cl)Cl,acetal,0.1482333333333333,0.1292333333333333,0.1093333333333333,-0.309061667,0.2344206666666667,0.00227242,0.0271980766666666,61.370000000000005,train,train,train,train,train,validation,train,train
DFT1206,acetal1500_001206,C=CCOC(C)OC(Cl)Cl,acetal,0.1381,0.1212,0.0769666666666666,-0.299956667,0.2565966666666666,0.00275206,0.0246401833333333,68.86666666666666,test,train,train,train,train,train,train,validation
DFT1207,acetal1500_001207,C#CCOC(C)OC(Cl)Cl,acetal,0.1425333333333333,0.1243666666666666,0.0725,-0.306498667,0.2691686666666666,0.00232704,0.0276314599999999,61.156666666666666,test,train,train,train,test,train,train,train
DFT1208,acetal1500_001208,CC(OCCCl)OCCCl,acetal,0.1283,0.1160666666666666,0.1914,-0.302186,0.2596186666666666,0.00342802,0.0279369133333333,73.64999999999999,train,train,train,train,train,test,train,validation
DFT1209,acetal1500_001209,CC(OCCCl)OCC(Cl)Cl,acetal,0.1305333333333333,0.1206666666666666,0.1909999999999999,-0.305881667,0.2651823333333333,0.0048250166666666,0.0301608633333333,66.12,train,train,train,train,train,train,train,train
DFT1210,acetal1500_001210,CC(OCBr)OCCCl,acetal,0.1324333333333333,0.1181333333333333,0.1404333333333333,-0.305742667,0.269356,0.0022865233333333,0.0272122833333333,73.21,train,test,validation,test,test,validation,train,train
DFT1211,acetal1500_001211,COCCOC(C)OCCCl,acetal,0.1275,0.1159333333333333,0.0882,-0.276181333,0.2515166666666666,0.0010576099999999,0.0213704566666666,64.08333333333333,train,test,train,train,train,train,train,train
DFT1212,acetal1500_001212,CC(OCCO)OCCCl,acetal,0.1246666666666666,0.1139333333333333,0.1677666666666666,-0.286181667,0.252394,0.00228487,0.0277141266666666,69.32666666666667,train,train,train,train,train,train,train,train
DFT1213,acetal1500_001213,CC(OCCCl)OCOCc1ccccc1,acetal,0.1275666666666666,0.1259333333333333,0.0121,-0.270377667,0.238171,0.00067955,0.02052722,62.27333333333333,test,train,validation,train,train,test,train,train
DFT1214,acetal1500_001214,CC(OCCCl)OCCOCCc1ccccc1,acetal,0.1264333333333333,0.1262333333333333,0.0031333333333333,-0.258272,0.2298213333333333,0.0002742899999999,0.01904095,60.16,test,test,train,train,train,train,train,validation
DFT1215,acetal1500_001215,CC(OCCCl)OC1CC1,acetal,0.1261,0.1115,0.1152666666666666,-0.297173333,0.2505393333333333,0.0011379966666666,0.0188544366666666,58.223333333333336,train,train,train,train,train,train,train,train
DFT1216,acetal1500_001216,CC(OCCCl)OC1CCC1,acetal,0.1262666666666666,0.1121666666666666,0.1612666666666666,-0.297831667,0.252188,0.0013676866666666,0.0168950166666666,50.78333333333333,train,train,test,test,train,train,validation,train
DFT1217,acetal1500_001217,CC(OCCCl)OC1CCCC1,acetal,0.1246333333333333,0.1166333333333333,0.1612666666666666,-0.298839,0.2485916666666666,0.0004714233333333,0.0197673733333333,56.42666666666667,test,test,train,train,train,validation,train,train
DFT1218,acetal1500_001218,CC(OCCCl)OC1CCCCC1,acetal,0.1246666666666666,0.1139,0.1573,-0.294699333,0.250157,0.0016526833333333,0.01720967,49.35999999999999,train,test,train,train,train,train,test,validation
DFT1219,acetal1500_001219,CC(OCCCl)OC1CCCCCC1,acetal,0.1242666666666666,0.1129999999999999,0.1548666666666666,-0.296826,0.2499796666666666,0.00337549,0.01774307,50.63333333333333,train,train,train,train,train,test,train,validation
DFT1220,acetal1500_001220,CC(OCCCl)OC1CC2CCC1C2,acetal,0.1253666666666666,0.1144333333333333,0.1401,-0.297252333,0.2486693333333333,0.0008386866666666,0.0168247133333333,46.88666666666666,train,train,train,train,validation,train,train,train
DFT1221,acetal1500_001221,CC(OCCCl)OCc1ccccc1,acetal,0.1247333333333333,0.1163333333333333,0.0404666666666666,-0.272073,0.2374266666666666,0.0014036766666666,0.0195829133333333,61.34,train,validation,train,train,train,train,train,train
DFT1222,acetal1500_001222,CC(OCCCl)Oc1ccccc1,acetal,0.1345333333333333,0.1268,0.0859,-0.288237667,0.2156669999999999,0.0015125533333333,0.0197084866666666,60.21,train,train,train,train,train,train,train,test
DFT1223,acetal1500_001223,Cc1ccc(COC(C)OCCCl)cc1,acetal,0.1245,0.1145666666666666,0.0333666666666666,-0.270493,0.2283533333333333,9.796666666666669e-05,0.02058494,59.85,train,train,validation,train,train,train,train,train
DFT1224,acetal1500_001224,CC(OCCCl)OCOc1ccccc1,acetal,0.1306,0.1288,0.0205,-0.280828667,0.218279,0.00129404,0.01934618,57.67666666666667,test,test,train,test,train,train,train,train
DFT1225,acetal1500_001225,CC(OCCCl)Oc1ccccn1,acetal,0.1300333333333333,0.1210999999999999,0.0937666666666666,-0.293244333,0.227176,-0.000451867,0.0168810266666666,50.656666666666666,train,validation,train,test,train,train,test,train
DFT1226,acetal1500_001226,CC(OCN)OCCCl,acetal,0.1239,0.1167666666666666,0.1080333333333333,-0.285587333,0.2471503333333333,0.0002395366666666,0.0268477733333333,73.32000000000001,train,train,train,train,train,train,train,train
DFT1227,acetal1500_001227,CC(OCCCl)OC[N+](=O)[O-],acetal,0.1344666666666666,0.1281,0.2345,-0.312112,0.2744546666666667,0.0056749866666666,0.0311937466666666,75.57,train,train,test,train,train,train,train,train
DFT1228,acetal1500_001228,CC(OCC#N)OCCCl,acetal,0.1321666666666666,0.105,0.1918,-0.312669667,0.2650793333333333,0.0071532633333333,0.0326805366666666,73.38666666666666,train,train,train,train,validation,validation,train,train
DFT1229,acetal1500_001229,CC(OCCCl)OCN1CCOCC1,acetal,0.1260333333333333,0.1107333333333333,0.0353333333333333,-0.271999,0.2137723333333333,0.0018514466666666,0.0209666066666666,62.77666666666666,validation,train,test,validation,train,train,validation,train
DFT1230,acetal1500_001230,C=COC(C)OCCCl,acetal,0.1336,0.1168,0.0853999999999999,-0.290237,0.228634,0.0007757799999999,0.0222176766666666,62.93333333333334,train,train,train,train,train,train,train,validation
DFT1231,acetal1500_001231,CC(OCC(Cl)Cl)OCC(Cl)Cl,acetal,0.1338666666666666,0.1250333333333333,0.2221333333333333,-0.312538,0.2678916666666667,0.0031035933333333,0.0318071366666666,63.47666666666667,validation,train,test,test,test,train,test,train
DFT1232,acetal1500_001232,CC(OCBr)OCC(Cl)Cl,acetal,0.1354333333333333,0.1251666666666666,0.1491,-0.312970333,0.2737636666666667,0.0032505966666666,0.0280007666666666,62.14333333333334,train,train,train,train,train,test,train,train
DFT1233,acetal1500_001233,CC(OCCBr)OCC(Cl)Cl,acetal,0.1309666666666666,0.1214666666666666,0.1887,-0.298000667,0.261939,0.0023974033333333,0.0291591133333333,66.58333333333333,validation,validation,train,train,train,train,train,train
DFT1234,acetal1500_001234,COCOC(C)OCC(Cl)Cl,acetal,0.0984999999999999,0.0951,0.2476666666666666,-0.291769,0.2576286666666667,0.00241017,0.0238781466666666,62.25666666666666,train,train,validation,test,train,train,train,train
DFT1235,acetal1500_001235,COCCOC(C)OCC(Cl)Cl,acetal,0.1297,0.1206666666666666,0.0946,-0.283113,0.248171,0.0008243833333333,0.0222395299999999,60.59,test,test,train,train,train,validation,train,train
DFT1236,acetal1500_001236,CC(OCCO)OCC(Cl)Cl,acetal,0.1303666666666666,0.1211666666666666,0.1577333333333333,-0.289313667,0.2610553333333333,0.0027149133333333,0.0269913533333333,66.96333333333332,train,train,train,train,test,test,test,test
DFT1237,acetal1500_001237,CC(OCCOCCc1ccccc1)OCC(Cl)Cl,acetal,0.1295666666666667,0.1218,0.0022333333333333,-0.264107,0.230885,0.00011899,0.0185129466666666,55.28,train,train,train,test,train,test,train,train
DFT1238,acetal1500_001238,CC(OCC(Cl)Cl)OC1CC1,acetal,0.1285333333333333,0.12,0.1288333333333333,-0.306489667,0.2506016666666666,0.00200007,0.0213927366666666,60.97,train,train,train,validation,test,validation,train,train
DFT1239,acetal1500_001239,CC(OCC(Cl)Cl)OC1CCC1,acetal,0.1288333333333333,0.1195666666666666,0.1661333333333333,-0.304024333,0.2527126666666666,0.0019558933333333,0.0209786233333333,53.07,train,train,test,train,train,train,train,train
DFT1240,acetal1500_001240,CC(OCC(Cl)Cl)OC1CCCC1,acetal,0.1285,0.1199666666666666,0.1784333333333333,-0.305171,0.2548153333333333,0.0016367933333333,0.0192835633333333,50.946666666666665,train,train,train,test,train,train,train,train
DFT1241,acetal1500_001241,CC(OCC(Cl)Cl)OC1CCCCCC1,acetal,0.1269,0.1191,0.1496333333333333,-0.307921667,0.2537126666666666,0.0028898633333333,0.0171394533333333,49.03333333333333,train,train,train,train,train,train,test,validation
DFT1242,acetal1500_001242,CC(OCC(Cl)Cl)OC1CC2CCC1C2,acetal,0.1276333333333333,0.119,0.1554333333333333,-0.303479667,0.2511156666666667,0.00224414,0.0186766333333333,48.02,train,train,train,train,train,train,train,train
DFT1243,acetal1500_001243,CC(OCc1ccccc1)OCC(Cl)Cl,acetal,0.1287333333333333,0.1193333333333333,0.0481333333333333,-0.278390667,0.2372753333333333,0.0002455799999999,0.0223828266666666,65.26,train,train,train,test,train,train,test,train
DFT1244,acetal1500_001244,Cc1ccc(COC(C)OCC(Cl)Cl)cc1,acetal,0.1275666666666666,0.1178333333333333,0.0301,-0.274390333,0.2291626666666666,0.0005888566666666,0.01775727,53.3,train,train,train,validation,train,train,train,train
DFT1245,acetal1500_001245,CC(OCC(Cl)Cl)Oc1ccccn1,acetal,0.1325333333333333,0.1236,0.0924,-0.298036333,0.2281299999999999,0.0001802033333333,0.0179184333333333,50.620000000000005,train,train,train,train,train,train,validation,test
DFT1246,acetal1500_001246,CC(OCC#N)OCC(Cl)Cl,acetal,0.1360666666666666,0.1248666666666666,0.2102333333333333,-0.314461,0.271954,0.00487798,0.0394554033333333,74.21666666666667,train,validation,validation,train,validation,train,train,train
DFT1247,acetal1500_001247,CC(OCC(Cl)Cl)OCN1CCOCC1,acetal,0.1281333333333333,0.1198666666666666,0.0509666666666666,-0.278257333,0.2219326666666666,0.00220539,0.0239792133333333,60.36333333333334,train,train,train,train,test,validation,test,train
DFT1248,acetal1500_001248,CC(OCC(Cl)Cl)OCN1CCCCC1,acetal,0.1278999999999999,0.1198333333333333,0.0575666666666666,-0.279556,0.211468,0.0015864433333333,0.01655689,49.03333333333333,validation,validation,train,train,validation,train,train,test
DFT1249,acetal1500_001249,C=COC(C)OCC(Cl)Cl,acetal,0.1365666666666666,0.1269333333333333,0.1091666666666666,-0.304392333,0.2237733333333333,0.0027425166666666,0.0245050033333333,55.870000000000005,test,train,train,train,train,train,train,train
DFT1250,acetal1500_001250,C=CCOC(C)OCC(Cl)Cl,acetal,0.1286,0.1186,0.0853333333333333,-0.284121333,0.2504156666666666,0.0019438033333333,0.0227229633333333,56.92333333333334,train,train,train,test,train,validation,train,train
DFT1251,acetal1500_001251,C#CCOC(C)OCC(Cl)Cl,acetal,0.1316666666666666,0.1223,0.1298,-0.299037667,0.2574513333333333,0.0016768566666666,0.0268406933333333,63.36333333333334,train,train,train,train,train,train,test,train
DFT1252,acetal1500_001252,CC(OCBr)OCBr,acetal,0.136,0.1225333333333333,0.0511333333333333,-0.316057667,0.2765986666666666,0.0025043266666666,0.0285432133333333,70.82666666666667,train,train,validation,train,train,train,train,train
DFT1253,acetal1500_001253,CC(OCBr)OCCBr,acetal,0.13405,0.12095,0.1235999999999999,-0.2993995,0.267853,0.00281098,0.025289035,64.8,train,test,train,test,test,train,validation,train
DFT1254,acetal1500_001254,CC(OCBr)OCCO,acetal,0.131,0.1156666666666666,0.1110333333333333,-0.287483667,0.2614943333333333,0.00376768,0.0229719566666666,64.47666666666666,train,train,train,train,train,validation,train,test
DFT1255,acetal1500_001255,CC(OCBr)OCOCc1ccccc1,acetal,0.1308666666666666,0.1292333333333333,0.0103,-0.270651,0.2392906666666666,-0.000391553,0.0193887833333333,58.4,train,train,train,validation,train,validation,train,validation
DFT1256,acetal1500_001256,CC(OCBr)OCCOCCc1ccccc1,acetal,0.1312333333333333,0.131,0.0017,-0.262327,0.2310553333333333,-0.000751043,0.0178318833333333,57.71,train,train,train,train,train,train,train,validation
DFT1257,acetal1500_001257,CC(OCBr)OC1CC1,acetal,0.1308333333333333,0.1159,0.1018333333333333,-0.290352333,0.2560316666666666,0.00111592,0.0173186366666666,53.51666666666667,train,train,train,train,validation,train,train,train
DFT1258,acetal1500_001258,CC(OCBr)OC1CCC1,acetal,0.1303666666666666,0.1156333333333333,0.1101333333333333,-0.293789667,0.2593453333333333,0.0023621566666666,0.0154735366666666,49.35,train,train,train,train,train,train,train,train
DFT1259,acetal1500_001259,CC(OCBr)OC1CCCC1,acetal,0.1321666666666666,0.1184333333333333,0.1286333333333333,-0.294040667,0.2611233333333333,0.0023168833333333,0.01764001,48.96,train,train,train,validation,train,train,train,test
DFT1260,acetal1500_001260,CC(OCBr)OC1CC2CCC1C2,acetal,0.1305666666666667,0.1162666666666666,0.1230333333333333,-0.290223333,0.257635,0.0007809266666666,0.0145906166666666,40.36,validation,train,test,train,train,train,train,train
DFT1261,acetal1500_001261,CC(OCBr)OCc1ccccc1,acetal,0.1294,0.1215333333333333,0.0263666666666666,-0.270036,0.2378486666666666,-0.00076389,0.01931619,61.626666666666665,train,train,train,train,train,train,train,train
DFT1262,acetal1500_001262,CC(OCBr)Oc1ccccc1,acetal,0.1366,0.1282,0.0755,-0.276837,0.221419,0.0002148733333333,0.0187068366666666,58.78666666666666,train,test,train,validation,validation,test,train,train
DFT1263,acetal1500_001263,Cc1ccc(COC(C)OCBr)cc1,acetal,0.1286333333333333,0.1189,0.0263,-0.272022667,0.230565,0.0005910566666666,0.01483174,50.64000000000001,validation,test,test,train,train,train,train,train
DFT1264,acetal1500_001264,CC(OCBr)OCOc1ccccc1,acetal,0.1319,0.1296333333333333,0.0161666666666666,-0.274271667,0.2193243333333333,-0.0004649,0.01953013,58.96,train,train,train,train,validation,train,train,validation
DFT1265,acetal1500_001265,CC(OCN)OCBr,acetal,0.1299,0.1161,0.0930666666666666,-0.287404,0.254871,0.0021203833333333,0.0249511233333333,68.65333333333334,train,validation,train,validation,train,train,test,train
DFT1266,acetal1500_001266,CC(OCBr)OCC#N,acetal,0.1368666666666666,0.1149999999999999,0.1405666666666666,-0.320228333,0.27732,0.0063425466666666,0.0318387666666666,70.20666666666666,train,train,train,train,train,train,train,train
DFT1267,acetal1500_001267,CC(OCBr)OCN1CCOCC1,acetal,0.1303333333333333,0.1154333333333333,0.0321333333333333,-0.271666333,0.2223086666666666,0.0012200566666666,0.0190625033333333,56.446666666666665,train,train,train,train,train,train,validation,train
DFT1268,acetal1500_001268,CC(OCBr)OCN1CCCCC1,acetal,0.1288666666666666,0.1149666666666666,0.0382333333333333,-0.270493667,0.209408,0.00093978,0.0152643766666666,44.053333333333335,train,validation,test,train,validation,test,validation,train
DFT1269,acetal1500_001269,C=CCOC(C)OCBr,acetal,0.1304333333333333,0.1206999999999999,0.0633,-0.283307333,0.2517373333333333,0.0008668766666666,0.0191160333333333,59.77666666666667,test,train,validation,train,train,train,train,test
DFT1270,acetal1500_001270,C#CCOC(C)OCBr,acetal,0.1312666666666666,0.1125,0.0780333333333333,-0.293015,0.2636026666666666,0.00058879,0.02186443,60.51,train,train,train,validation,train,validation,validation,train
DFT1271,acetal1500_001271,CC(OCCBr)OCCBr,acetal,0.1279666666666666,0.1166333333333333,0.1636666666666666,-0.285373,0.2565206666666667,0.0026081266666666,0.0289431533333333,72.20333333333333,train,train,train,train,train,train,validation,train
DFT1272,acetal1500_001272,COCOC(C)OCCBr,acetal,0.0986666666666666,0.0954999999999999,0.1905666666666666,-0.282685667,0.2564316666666666,-0.0003155,0.0214796633333333,70.53333333333333,train,train,test,train,train,train,train,train
DFT1273,acetal1500_001273,CC(OCCO)OCCBr,acetal,0.1268,0.1176333333333333,0.1609666666666666,-0.278733333,0.2523796666666666,0.00134659,0.0260066466666666,72.19333333333333,train,train,train,train,train,train,train,validation
DFT1274,acetal1500_001274,CC(OCCBr)OCOCc1ccccc1,acetal,0.1267666666666666,0.1254666666666666,0.0118666666666666,-0.264254,0.2371473333333333,0.0005101433333333,0.0204054833333333,60.52,train,train,train,train,train,validation,train,train
DFT1275,acetal1500_001275,CC(OCCBr)OC1CC1,acetal,0.1240333333333333,0.1139999999999999,0.1187333333333333,-0.279125,0.2465309999999999,0.00091905,0.0197727933333333,56.37,train,train,train,train,train,train,train,train
DFT1276,acetal1500_001276,CC(OCCBr)OC1CCCCC1,acetal,0.1236333333333333,0.1152333333333333,0.1318333333333333,-0.276915,0.2487783333333333,0.00143943,0.01773879,52.52666666666667,train,train,train,train,train,train,train,train
DFT1277,acetal1500_001277,CC(OCCBr)OC1CCCCCC1,acetal,0.1236,0.1119333333333333,0.1345666666666666,-0.280562333,0.249557,0.0020655733333333,0.01648069,47.04,train,train,train,train,train,train,train,train
DFT1278,acetal1500_001278,CC(OCCBr)OC1CC2CCC1C2,acetal,0.1248666666666666,0.1142333333333333,0.1492666666666666,-0.281449,0.2470793333333333,0.0012622266666666,0.01600809,46.89333333333334,train,train,train,train,train,test,train,train
DFT1279,acetal1500_001279,CC(OCCBr)OCc1ccccc1,acetal,0.1246999999999999,0.1158,0.0437666666666666,-0.269847333,0.237608,-7.70E-06,0.0186494766666666,59.49666666666667,test,train,train,validation,validation,train,train,train
DFT1280,acetal1500_001280,CC(OCCBr)Oc1ccccc1,acetal,0.1349333333333333,0.1271,0.0859666666666666,-0.273667333,0.2159623333333333,0.0006091633333333,0.01857999,56.91333333333333,test,train,train,train,train,test,train,train
DFT1281,acetal1500_001281,Cc1ccc(COC(C)OCCBr)cc1,acetal,0.124,0.1148333333333333,0.0310333333333333,-0.265751667,0.228315,-0.00069717,0.0178360666666666,54.06999999999999,validation,train,train,train,validation,train,train,train
DFT1282,acetal1500_001282,CC(OCCBr)Oc1ccccn1,acetal,0.1296,0.1205333333333333,0.0910333333333333,-0.271964667,0.2287706666666666,-0.00029419,0.0169877966666666,50.60666666666666,train,train,test,train,train,train,train,train
DFT1283,acetal1500_001283,CC(OCCBr)OC[N+](=O)[O-],acetal,0.1347333333333333,0.1283666666666666,0.2175333333333333,-0.302415667,0.2712806666666666,0.0024857133333333,0.03190765,77.78,train,train,train,test,train,train,test,train
DFT1284,acetal1500_001284,CC(OCC#N)OCCBr,acetal,0.1331,0.1132,0.1674333333333333,-0.298499,0.2645146666666667,0.0042717133333333,0.0354266433333333,77.85333333333334,test,train,train,train,train,test,train,validation
DFT1285,acetal1500_001285,CC(OCCBr)OCN1CCOCC1,acetal,0.12785,0.11935,0.03755,-0.2663575,0.2166605,0.0004966349999999,0.02253676,65.795,train,train,train,train,train,train,train,train
DFT1286,acetal1500_001286,CC(OCCBr)OCN1CCCCC1,acetal,0.125,0.1147333333333333,0.04,-0.267368667,0.213664,0.0006624999999999,0.0152288733333333,45.943333333333335,train,validation,train,train,train,test,train,train
DFT1287,acetal1500_001287,C#CCOC(C)OCCBr,acetal,0.1288,0.1115,0.1289333333333333,-0.279189667,0.255346,0.00083944,0.0238479366666666,64.49333333333334,train,train,train,validation,train,train,train,train
DFT1288,acetal1500_001288,COCCOC(C)OCOC,acetal,0.1261,0.0658333333333333,0.0701333333333333,-0.271348333,0.2500166666666666,-0.00084061,0.0188311133333333,59.376666666666665,train,train,train,train,train,validation,train,train
DFT1289,acetal1500_001289,COCOC(C)OCCO,acetal,0.0980333333333333,0.0842333333333333,0.1143333333333333,-0.280874,0.2512116666666666,0.0004143366666666,0.0215359866666666,64.44,validation,test,train,train,train,test,train,train
DFT1290,acetal1500_001290,COCOC(C)OCOCc1ccccc1,acetal,0.0949333333333333,0.0943666666666666,0.0039333333333333,-0.268390667,0.2363859999999999,-0.003168533,0.0145488433333333,51.053333333333335,train,train,train,train,train,validation,train,test
DFT1291,acetal1500_001291,COCOC(C)OCCOCCc1ccccc1,acetal,0.0957,0.0956,0.0024,-0.257567333,0.2305456666666666,-0.001240597,0.0142994333333333,47.07,train,train,validation,validation,train,validation,test,train
DFT1292,acetal1500_001292,COCOC(C)OC1CCC1,acetal,0.0942,0.0388,0.106,-0.278998333,0.2504796666666667,0.00039997,0.0141768633333333,45.8,train,test,train,validation,validation,train,train,validation
DFT1293,acetal1500_001293,COCOC(C)OC1CCCC1,acetal,0.0941,0.0565666666666666,0.1051333333333333,-0.287026,0.250602,0.00022339,0.0134383866666666,42.18666666666667,train,test,validation,train,train,train,train,train
DFT1294,acetal1500_001294,COCOC(C)OC1CC2CCC1C2,acetal,0.0963666666666666,0.0781333333333333,0.0819,-0.284423667,0.2478686666666666,-0.000175337,0.0130356766666666,36.74,train,train,validation,validation,train,train,test,train
DFT1295,acetal1500_001295,COCOC(C)OCc1ccccc1,acetal,0.0957666666666666,0.0931666666666666,0.0155333333333333,-0.266359667,0.2383526666666666,-0.00135388,0.0151184066666666,51.84666666666667,train,train,test,train,train,train,train,train
DFT1296,acetal1500_001296,COCOC(C)OCc1ccc(C)cc1,acetal,0.0969999999999999,0.0940333333333333,0.0124333333333333,-0.265826667,0.227179,-0.00037926,0.0146896066666666,47.223333333333336,train,train,train,train,validation,train,train,train
DFT1297,acetal1500_001297,COCOC(C)OCOc1ccccc1,acetal,0.0977333333333333,0.0964666666666666,0.0106,-0.266832667,0.2183176666666666,-0.001080133,0.0164600233333333,52.12,validation,train,train,test,train,train,validation,test
DFT1298,acetal1500_001298,COCOC(C)Oc1ccccn1,acetal,0.0989333333333333,0.0968333333333333,0.0273666666666666,-0.279388667,0.226975,-0.001689437,0.0153702999999999,46.39000000000001,validation,train,train,train,train,test,train,validation
DFT1299,acetal1500_001299,COCOC(C)OCN,acetal,0.0942,0.0644333333333333,0.0815333333333333,-0.27963,0.246609,-0.001733403,0.0196590633333333,59.306666666666665,train,validation,test,validation,train,train,validation,train
DFT1300,acetal1500_001300,COCOC(C)OCC#N,acetal,0.1015333333333333,0.0949666666666666,0.2305,-0.299304667,0.262347,0.0044367,0.0304658166666666,73.81,train,train,train,train,train,train,train,test
DFT1301,acetal1500_001301,COCOC(C)OCN1CCOCC1,acetal,0.0966333333333333,0.0560666666666666,0.0097333333333333,-0.270562,0.2087546666666666,0.00085699,0.0182162966666666,57.99333333333333,train,train,train,train,train,validation,test,train
DFT1302,acetal1500_001302,COCOC(C)OCN1CCCCC1,acetal,0.0956666666666666,0.0604333333333333,0.0101,-0.262326,0.2092043333333333,-0.000251937,0.0139700266666666,47.67666666666667,validation,test,train,train,train,test,train,train
DFT1303,acetal1500_001303,C=COC(C)OCOC,acetal,0.1333333333333333,0.1092666666666666,0.0998999999999999,-0.273014,0.2264926666666666,-0.001237847,0.02103168,63.720000000000006,train,train,train,train,train,train,train,train
DFT1304,acetal1500_001304,COCCOC(C)OCCO,acetal,0.12605,0.12095,0.09325,-0.2722375,0.2485655,0.00114028,0.020165455,58.335,train,train,train,train,test,train,train,validation
DFT1305,acetal1500_001305,COCCOC(C)OCOCc1ccccc1,acetal,0.1257666666666666,0.1244666666666666,0.019,-0.254112,0.2373276666666667,-0.002563297,0.01528649,49.07666666666666,train,train,train,train,train,train,train,train
DFT1306,acetal1500_001306,COCCOC(C)OCCOCCc1ccccc1,acetal,0.1237666666666666,0.1235666666666666,0.0104333333333333,-0.251503667,0.229048,-0.0009121,0.0145185799999999,49.60999999999999,train,train,train,train,train,train,test,test
DFT1307,acetal1500_001307,COCCOC(C)OC1CC1,acetal,0.1239333333333333,0.0983666666666666,0.0911666666666666,-0.265499,0.2455123333333333,-0.000976887,0.0156653833333333,50.35333333333333,train,train,train,train,train,train,validation,test
DFT1308,acetal1500_001308,COCCOC(C)OC1CCC1,acetal,0.1240333333333333,0.0696,0.1095333333333333,-0.269419,0.2463676666666666,-0.00096906,0.0148972366666666,47.156666666666666,train,test,train,train,train,train,train,validation
DFT1309,acetal1500_001309,COCCOC(C)OC1CCCC1,acetal,0.1234333333333333,0.0857666666666666,0.0961,-0.270485333,0.244395,-0.000116957,0.0130611266666666,39.67,test,train,train,train,train,train,train,train
DFT1310,acetal1500_001310,COCCOC(C)OC1CCCCC1,acetal,0.1229666666666666,0.0761333333333333,0.0973666666666666,-0.271440333,0.2389693333333333,0.0011076433333333,0.0134236433333333,39.59666666666666,validation,train,train,test,train,train,train,train
DFT1311,acetal1500_001311,COCCOC(C)OCc1ccccc1,acetal,0.1227333333333333,0.1152,0.0402666666666666,-0.255249667,0.2358866666666666,-0.00125037,0.01421686,47.303333333333335,train,train,train,train,test,test,test,train
DFT1312,acetal1500_001312,COCCOC(C)Oc1ccccc1,acetal,0.1328666666666666,0.1252333333333333,0.0845666666666666,-0.258782333,0.216323,-0.001951977,0.0166009066666666,54.54333333333333,train,train,train,train,test,train,train,validation
DFT1313,acetal1500_001313,COCCOC(C)OCc1ccc(C)cc1,acetal,0.1244333333333333,0.1163666666666666,0.0358666666666666,-0.255061,0.227412,-0.00205904,0.0142885933333333,48.53666666666667,train,train,train,train,train,train,train,train
DFT1314,acetal1500_001314,COCCOC(C)OCOc1ccccc1,acetal,0.127,0.1256,0.0173,-0.254639667,0.2155793333333333,-0.001116877,0.01716636,56.453333333333326,train,train,train,validation,validation,train,test,train
DFT1315,acetal1500_001315,COCCOC(C)Oc1ccccn1,acetal,0.1282333333333333,0.1194,0.0963,-0.25598,0.2262343333333333,-0.00163084,0.0154133933333333,46.93666666666667,validation,train,train,test,train,train,train,test
DFT1316,acetal1500_001316,COCCOC(C)OCN,acetal,0.1206666666666666,0.0902666666666666,0.0800333333333333,-0.261286333,0.2437319999999999,-0.00187503,0.02106054,62.07333333333333,train,validation,test,train,test,test,train,train
DFT1317,acetal1500_001317,COCCOC(C)OC[N+](=O)[O-],acetal,0.1315333333333333,0.1248666666666666,0.0926666666666666,-0.290266,0.2503386666666666,0.0037758433333333,0.0256366733333333,71.60666666666667,train,train,train,train,train,train,train,train
DFT1318,acetal1500_001318,COCCOC(C)OCC#N,acetal,0.1317333333333333,0.1032333333333333,0.0611333333333333,-0.282505667,0.2532796666666666,0.00337631,0.0280870266666666,73.39666666666666,train,validation,train,train,train,train,train,train
DFT1319,acetal1500_001319,COCCOC(C)OCN1CCOCC1,acetal,0.1252,0.11635,0.03225,-0.2543785,0.216471,-0.00059859,0.01938796,59.61,train,train,train,validation,train,test,train,train
DFT1320,acetal1500_001320,COCCOC(C)OCN1CCCCC1,acetal,0.1228666666666666,0.0863,0.0332666666666666,-0.252864333,0.207863,-0.001062477,0.0127285833333333,39.91666666666666,test,train,train,train,test,train,train,train
DFT1321,acetal1500_001321,C=COC(C)OCCOC,acetal,0.1329666666666666,0.1115333333333333,0.0998666666666666,-0.259818333,0.2251413333333333,-0.000125457,0.0178393066666666,56.88,train,train,validation,train,test,train,train,train
DFT1322,acetal1500_001322,C#CCOC(C)OCCOC,acetal,0.1243333333333333,0.1006666666666666,0.0819333333333333,-0.275470667,0.248574,-0.002720697,0.0186045033333333,59.17666666666667,train,train,train,test,train,validation,train,test
DFT1323,acetal1500_001323,CC(OCCO)OCCO,acetal,0.1261666666666666,0.1079666666666666,0.1499,-0.279735667,0.254233,0.0029216333333333,0.0219269166666666,61.3,train,train,train,validation,validation,train,train,test
DFT1324,acetal1500_001324,CC(OCCO)OCOCc1ccccc1,acetal,0.1239333333333333,0.1225,0.0109333333333333,-0.263385333,0.236,-0.000974507,0.0169678166666666,53.98333333333333,train,train,train,train,train,train,train,train
DFT1325,acetal1500_001325,CC(OCCO)OCCOCCc1ccccc1,acetal,0.1253666666666666,0.1252,0.0123333333333333,-0.257785333,0.2286953333333333,0.00010362,0.01835085,55.26,train,train,train,validation,train,train,train,validation
DFT1326,acetal1500_001326,CC(OCCO)OC1CCC1,acetal,0.1253,0.0663499999999999,0.1382499999999999,-0.279205,0.2495805,0.001917005,0.0146666649999999,45.355,train,train,train,train,test,test,train,test
DFT1327,acetal1500_001327,CC(OCCO)OC1CCCC1,acetal,0.124,0.0808,0.1184,-0.280118333,0.245943,0.0002023799999999,0.0167173533333333,47.53666666666667,train,test,train,train,train,train,train,train
DFT1328,acetal1500_001328,CC(OCCO)OC1CCCCC1,acetal,0.1235,0.1138,0.11945,-0.279465,0.248537,0.00065814,0.0151485199999999,41.725,train,train,train,test,validation,train,train,test
DFT1329,acetal1500_001329,CC(OCCO)OC1CCCCCC1,acetal,0.1222,0.09175,0.1154999999999999,-0.2793175,0.2471435,0.00150927,0.015647485,44.075,train,train,train,test,train,train,validation,train
DFT1330,acetal1500_001330,CC(OCCO)OC1CC2CCC1C2,acetal,0.1244,0.1098666666666666,0.1410666666666666,-0.278800333,0.249221,0.0006003466666666,0.01425987,37.48,train,train,test,test,train,train,train,train
DFT1331,acetal1500_001331,CC(OCCO)OCc1ccccc1,acetal,0.1244333333333333,0.1154,0.0487666666666666,-0.266799,0.237171,-0.001010303,0.0181451666666666,53.55,test,test,train,train,train,train,test,train
DFT1332,acetal1500_001332,CC(OCCO)Oc1ccccc1,acetal,0.1334666666666666,0.1257,0.0867666666666666,-0.27126,0.215081,0.00076809,0.0187394333333333,56.39000000000001,train,validation,validation,train,test,train,train,train
DFT1333,acetal1500_001333,Cc1ccc(COC(C)OCCO)cc1,acetal,0.1232666666666666,0.1138666666666666,0.0327999999999999,-0.263273667,0.228517,0.0008726366666666,0.01666739,51.97,train,train,train,train,train,train,train,train
DFT1334,acetal1500_001334,CC(OCCO)Oc1ccccn1,acetal,0.1299666666666666,0.1215666666666666,0.0949333333333333,-0.265296,0.22987,-0.000546587,0.01661613,49.28,validation,test,train,train,train,train,train,train
DFT1335,acetal1500_001335,CC(OCN)OCCO,acetal,0.1190333333333333,0.0975666666666666,0.0973333333333333,-0.271658,0.2452906666666666,-0.000733417,0.0246058666666666,62.1,train,train,test,train,train,train,train,train
DFT1336,acetal1500_001336,CC(OCCO)OCN1CCOCC1,acetal,0.1227666666666666,0.1075666666666666,0.0364,-0.269094,0.2084806666666666,0.00056941,0.01850611,56.57333333333333,train,train,train,train,validation,test,validation,train
DFT1337,acetal1500_001337,CC(OCCO)OCN1CCCCC1,acetal,0.1245,0.1196,0.0346,-0.269954,0.209607,-0.00102977,0.01727465,45.1,train,train,validation,test,train,train,test,validation
DFT1338,acetal1500_001338,C=COC(C)OCCO,acetal,0.1325333333333333,0.1135333333333333,0.0945666666666666,-0.275712,0.2229846666666667,0.00127526,0.0217552133333333,57.92666666666667,test,train,train,train,validation,test,train,train
DFT1339,acetal1500_001339,C=CCOC(C)OCCO,acetal,0.124,0.1088666666666666,0.1049,-0.272858667,0.2487266666666666,0.0005274,0.0198628633333333,58.27666666666666,train,train,validation,train,test,train,train,test
DFT1340,acetal1500_001340,CC(OCCOCCc1ccccc1)OCOCc1ccccc1,acetal,0.1247666666666666,0.1235333333333333,0.0057666666666666,-0.245336667,0.229036,-0.00127693,0.0146691266666666,48.34,train,validation,train,train,train,train,train,train
DFT1341,acetal1500_001341,CC(OCOCc1ccccc1)OC1CC1,acetal,0.1259333333333333,0.1245666666666666,0.0222333333333333,-0.255025667,0.236626,-0.000808133,0.0152090433333333,48.22666666666667,train,test,train,train,test,train,validation,test
DFT1342,acetal1500_001342,CC(OCOCc1ccccc1)OC1CCC1,acetal,0.1265333333333333,0.1249666666666666,0.0110333333333333,-0.260152,0.239566,-0.001916327,0.0129680566666666,41.693333333333335,train,train,validation,train,validation,train,train,train
DFT1343,acetal1500_001343,CC(OCOCc1ccccc1)OC1CCCC1,acetal,0.1261666666666666,0.1246333333333333,0.0118,-0.256123667,0.2377266666666666,-0.001012153,0.0135170933333333,42.74333333333334,train,train,train,train,train,train,train,train
DFT1344,acetal1500_001344,CC(OCOCc1ccccc1)OC1CCCCC1,acetal,0.1246999999999999,0.1233,0.0134666666666666,-0.259132667,0.2366083333333333,-0.000538523,0.01356119,40.35,test,train,train,train,train,test,test,train
DFT1345,acetal1500_001345,CC(OCOCc1ccccc1)OC1CCCCCC1,acetal,0.1248333333333333,0.1233666666666666,0.0119666666666666,-0.260708667,0.2373936666666666,-0.000276477,0.0139160733333333,41.27666666666666,train,validation,train,test,train,train,train,train
DFT1346,acetal1500_001346,CC(OCOCc1ccccc1)OC1CC2CCC1C2,acetal,0.1252333333333333,0.1239333333333333,0.0117666666666666,-0.259665333,0.236125,-0.001122173,0.01421394,39.98333333333333,train,train,train,train,train,validation,validation,test
DFT1347,acetal1500_001347,CC(OCOCc1ccccc1)Oc1ccccc1,acetal,0.1326,0.1311333333333333,0.0888333333333333,-0.246588,0.2202309999999999,-0.001864733,0.01577304,50.63666666666666,train,train,test,train,validation,train,train,train
DFT1348,acetal1500_001348,Cc1ccc(COC(C)OCOCc2ccccc2)cc1,acetal,0.1229333333333333,0.1214666666666666,0.0285333333333333,-0.245299333,0.2280266666666666,-0.001035663,0.0151791433333333,47.8,train,train,train,test,validation,train,train,train
DFT1349,acetal1500_001349,CC(OCOCc1ccccc1)OCOc1ccccc1,acetal,0.1310333333333333,0.1294,0.0171666666666666,-0.246455667,0.216472,-0.00070396,0.0192796133333333,55.18666666666667,validation,train,train,train,train,train,train,train
DFT1350,acetal1500_001350,CC(OCOCc1ccccc1)Oc1ccccn1,acetal,0.1264999999999999,0.1172,0.0912999999999999,-0.246175333,0.2275046666666666,-0.00319387,0.0141707533333333,45.28,test,test,test,train,train,train,validation,test
DFT1351,acetal1500_001351,CC(OCN)OCOCc1ccccc1,acetal,0.1237666666666666,0.1224,0.0156666666666666,-0.252295333,0.236697,-0.002532683,0.01971486,57.72666666666667,train,test,train,train,train,train,test,test
DFT1352,acetal1500_001352,CC(OCOCc1ccccc1)OC[N+](=O)[O-],acetal,0.1342666666666666,0.1278666666666666,0.0129666666666666,-0.283134667,0.2394076666666666,0.0019821533333333,0.0257098733333333,65.98666666666666,train,validation,validation,test,train,train,train,train
DFT1353,acetal1500_001353,CC(OCOCc1ccccc1)OCN1CCOCC1,acetal,0.1260666666666666,0.1244,0.0425333333333333,-0.245759667,0.2123676666666666,8.351333333333333e-05,0.0165585366666666,49.81333333333333,train,validation,train,train,train,train,train,train
DFT1354,acetal1500_001354,CC(OCOCc1ccccc1)OCN1CCCCC1,acetal,0.1233333333333333,0.122,0.0478,-0.245256333,0.2062223333333333,-0.00142483,0.0128902933333333,38.91333333333333,train,test,validation,test,train,train,train,train
DFT1355,acetal1500_001355,C=COC(C)OCOCc1ccccc1,acetal,0.1334999999999999,0.1321,0.1071333333333333,-0.246758333,0.2281699999999999,-0.001088923,0.01834985,55.086666666666666,train,train,train,train,train,train,train,train
DFT1356,acetal1500_001356,C=CCOC(C)OCOCc1ccccc1,acetal,0.1239,0.1224,0.0127666666666666,-0.257814667,0.2389506666666666,-0.001245507,0.01636174,54.126666666666665,validation,train,validation,validation,validation,test,test,train
DFT1357,acetal1500_001357,C#CCOC(C)OCOCc1ccccc1,acetal,0.1268,0.1253,0.0115333333333333,-0.267391,0.2395996666666666,-0.002107627,0.0186157233333333,59.24666666666667,train,test,train,train,train,test,train,train
DFT1358,acetal1500_001358,CC(OCCOCCc1ccccc1)OC1CC1,acetal,0.12415,0.124,0.00585,-0.252494,0.2279205,-0.0011048,0.013868775,45.645,train,test,train,train,train,train,train,test
DFT1359,acetal1500_001359,CC(OCCOCCc1ccccc1)OC1CCC1,acetal,0.1251,0.1249,0.0020666666666666,-0.251542667,0.2324416666666666,-0.00067129,0.0127097466666666,39.98333333333333,validation,test,train,train,train,train,train,validation
DFT1360,acetal1500_001360,CC(OCCOCCc1ccccc1)OC1CCCCC1,acetal,0.1234333333333333,0.1231666666666666,0.0117666666666666,-0.252517,0.2284633333333333,-0.000292173,0.0130476733333333,40.64,train,validation,validation,train,test,train,test,validation
DFT1361,acetal1500_001361,CC(OCCOCCc1ccccc1)OCc1ccccc1,acetal,0.1211333333333333,0.1139333333333333,0.0056333333333333,-0.244727333,0.2277866666666666,-0.000873663,0.01512978,47.68333333333334,test,train,test,test,train,train,train,train
DFT1362,acetal1500_001362,CC(OCCOCCc1ccccc1)Oc1ccccc1,acetal,0.1316,0.1243,0.0869,-0.236547,0.2142915,-0.001888395,0.01433471,48.06,test,train,train,train,train,validation,train,train
DFT1363,acetal1500_001363,Cc1ccc(COC(C)OCCOCCc2ccccc2)cc1,acetal,0.1222,0.1135,0.02135,-0.236315,0.226342,-0.00155294,0.01475635,47.03,train,train,test,test,train,train,train,train
DFT1364,acetal1500_001364,CC(OCCOCCc1ccccc1)OCOc1ccccc1,acetal,0.1297666666666666,0.1296,0.0238333333333333,-0.237404333,0.2200736666666666,0.0001401966666666,0.0169455333333333,52.04666666666666,test,train,train,train,train,train,train,train
DFT1365,acetal1500_001365,CC(OCCOCCc1ccccc1)Oc1ccccn1,acetal,0.1288666666666666,0.1201,0.0908333333333333,-0.237737667,0.2260986666666666,-0.001222567,0.01464654,43.51,test,test,validation,validation,train,train,test,train
DFT1366,acetal1500_001366,CC(OCN)OCCOCCc1ccccc1,acetal,0.1209666666666666,0.1207666666666666,0.0057333333333333,-0.248528333,0.232089,-0.00259248,0.0175607166666666,53.41,test,test,train,test,validation,train,train,test
DFT1367,acetal1500_001367,CC(OCC#N)OCCOCCc1ccccc1,acetal,0.1281,0.1278333333333333,0.0045666666666666,-0.268678333,0.2313443333333333,0.00048765,0.0211761099999999,60.29333333333333,train,train,validation,train,train,train,train,train
DFT1368,acetal1500_001368,CC(OCCOCCc1ccccc1)OCN1CCOCC1,acetal,0.1240999999999999,0.1239,0.0418333333333333,-0.239528333,0.2084903333333333,-0.00122969,0.0165046566666666,50.48666666666667,validation,train,train,train,train,train,test,validation
DFT1369,acetal1500_001369,CC(OCCOCCc1ccccc1)OCN1CCCCC1,acetal,0.1242,0.1239,0.0447,-0.236735,0.209246,-0.00019166,0.01448039,44.63,validation,train,train,validation,test,validation,train,train
DFT1370,acetal1500_001370,C=CCOC(C)OCCOCCc1ccccc1,acetal,0.1262,0.126,0.0031,-0.252387667,0.2318303333333333,-0.00163957,0.0150623599999999,48.69,train,test,test,train,validation,train,train,test
DFT1371,acetal1500_001371,C#CCOC(C)OCCOCCc1ccccc1,acetal,0.1252,0.125,0.0027333333333333,-0.262718,0.2313483333333333,-0.001500047,0.01565621,48.56,validation,train,test,train,train,test,train,train
DFT1372,acetal1500_001372,CC(OC1CC1)OC1CC1,acetal,0.1237999999999999,0.0839,0.093,-0.285643333,0.238564,-0.000477993,0.0144882833333333,44.56333333333333,train,train,train,train,validation,train,train,test
DFT1373,acetal1500_001373,CC(OC1CCC1)OC1CC1,acetal,0.1240999999999999,0.0868333333333333,0.1035,-0.287475,0.2399866666666666,-0.000150857,0.0129193199999999,37.28666666666667,train,train,train,test,train,train,validation,train
DFT1374,acetal1500_001374,CC(OC1CCCCC1)OC1CC1,acetal,0.1233333333333333,0.0696,0.1141333333333333,-0.278183,0.240573,-0.000620433,0.0112132066666666,28.986666666666668,train,train,train,train,train,test,train,train
DFT1375,acetal1500_001375,CC(OC1CCCCCC1)OC1CC1,acetal,0.1228666666666666,0.079,0.1108,-0.283068333,0.2393813333333333,-0.000259283,0.0109937566666666,29.016666666666666,train,test,train,train,validation,train,train,train
DFT1376,acetal1500_001376,CC(OC1CC1)OC1CC2CCC1C2,acetal,0.123,0.0981,0.1131666666666666,-0.282823667,0.241645,5.457000000000002e-05,0.01189713,31.72333333333333,validation,train,train,validation,validation,validation,train,train
DFT1377,acetal1500_001377,CC(OCc1ccccc1)OC1CC1,acetal,0.1230333333333333,0.1168,0.0401,-0.25779,0.2354203333333333,-0.001318567,0.0140518066666666,44.583333333333336,train,train,train,train,train,validation,validation,train
DFT1378,acetal1500_001378,CC(Oc1ccccc1)OC1CC1,acetal,0.1337333333333333,0.1260666666666666,0.0848,-0.264839,0.2160953333333333,-0.001561643,0.0149764333333333,48.86666666666667,validation,train,train,train,train,train,train,train
DFT1379,acetal1500_001379,Cc1ccc(COC(C)OC2CC2)cc1,acetal,0.1226999999999999,0.1164999999999999,0.0317,-0.252995667,0.226766,-0.0012027,0.0126521433333333,38.93666666666667,train,train,train,train,train,test,test,train
DFT1380,acetal1500_001380,CC(OCOc1ccccc1)OC1CC1,acetal,0.1268666666666666,0.1254666666666666,0.0170333333333333,-0.261206667,0.2156266666666666,-0.000731153,0.0157749133333333,49.14333333333334,train,test,train,validation,test,train,validation,train
DFT1381,acetal1500_001381,CC(Oc1ccccn1)OC1CC1,acetal,0.1284333333333333,0.1195666666666666,0.0945666666666666,-0.269329667,0.2263636666666666,-0.0025964,0.0139793533333333,40.18,train,train,test,validation,train,test,validation,train
DFT1382,acetal1500_001382,CC(OCN)OC1CC1,acetal,0.121,0.0992,0.1153,-0.275886,0.243137,0.00031966,0.01548821,50.57,train,test,train,train,test,train,train,train
DFT1383,acetal1500_001383,CC(OC[N+](=O)[O-])OC1CC1,acetal,0.1329333333333333,0.1267,0.1742333333333333,-0.305338667,0.2578326666666666,0.0026093466666666,0.02597975,68.33999999999999,train,train,train,validation,train,train,validation,train
DFT1384,acetal1500_001384,CC(OCN1CCOCC1)OC1CC1,acetal,0.1248333333333333,0.0832666666666666,0.0381333333333333,-0.251877333,0.213423,0.0003044166666666,0.0155534733333333,49.36666666666667,validation,train,train,train,validation,validation,test,validation
DFT1385,acetal1500_001385,C=COC(C)OC1CC1,acetal,0.1322666666666666,0.1114666666666666,0.0964333333333333,-0.269475333,0.2243756666666666,-0.00049633,0.0171728666666666,52.5,train,train,train,train,train,test,train,train
DFT1386,acetal1500_001386,C#CCOC(C)OC1CC1,acetal,0.1252333333333333,0.1004999999999999,0.1168333333333333,-0.279137,0.2472466666666667,-0.000826513,0.01729955,53.11666666666667,train,train,validation,train,train,validation,validation,train
DFT1387,acetal1500_001387,CC(OC1CCC1)OC1CCC1,acetal,0.1239,0.0631333333333333,0.1346,-0.285810333,0.244452,-0.00065513,0.0110773233333333,29.84,train,train,train,train,train,validation,train,validation
DFT1388,acetal1500_001388,CC(OC1CCCC1)OC1CCC1,acetal,0.1231,0.0765,0.1345666666666667,-0.288602,0.2434883333333333,-0.00032262,0.01084839,29.006666666666664,train,train,train,train,train,train,train,train
DFT1389,acetal1500_001389,CC(OC1CCCCC1)OC1CCC1,acetal,0.1221,0.0759333333333333,0.1302,-0.285473333,0.242958,-0.00025247,0.01069712,27.593333333333334,train,train,train,train,test,train,validation,train
DFT1390,acetal1500_001390,CC(OC1CCCCCC1)OC1CCC1,acetal,0.1221999999999999,0.0916,0.1224,-0.289436,0.2428726666666666,0.0003163566666666,0.0109476966666666,27.48,train,test,train,train,test,train,test,train
DFT1391,acetal1500_001391,CC(OC1CCC1)OC1CC2CCC1C2,acetal,0.1232333333333333,0.0752666666666666,0.1298,-0.285781,0.242772,-0.000347037,0.01046109,27.45,train,train,train,train,train,train,train,train
DFT1392,acetal1500_001392,CC(OCc1ccccc1)OC1CCC1,acetal,0.1218333333333333,0.1141666666666666,0.041,-0.258338333,0.236642,-0.000481857,0.0119894399999999,37.373333333333335,test,train,train,train,test,train,train,test
DFT1393,acetal1500_001393,CC(Oc1ccccc1)OC1CCC1,acetal,0.1326,0.1247999999999999,0.0861,-0.27807,0.2150489999999999,-0.00104263,0.0126664766666666,39.21,validation,train,train,test,validation,train,train,validation
DFT1394,acetal1500_001394,Cc1ccc(COC(C)OC2CCC2)cc1,acetal,0.1235,0.1135,0.0356666666666666,-0.256625,0.2277716666666666,-0.001902367,0.0112182433333333,34.88,train,train,train,train,train,train,train,train
DFT1395,acetal1500_001395,CC(OCOc1ccccc1)OC1CCC1,acetal,0.128,0.1264666666666666,0.0179,-0.263097333,0.2164756666666666,5.185000000000002e-05,0.0168456566666666,48.98666666666667,train,train,train,train,test,validation,train,train
DFT1396,acetal1500_001396,CC(Oc1ccccn1)OC1CCC1,acetal,0.1279,0.1192,0.0946,-0.277484,0.2260543333333333,-0.002212007,0.0120535099999999,32.77333333333333,train,validation,train,train,test,test,train,train
DFT1397,acetal1500_001397,CC(OCN)OC1CCC1,acetal,0.12205,0.0662,0.1053,-0.2748195,0.24072,-0.000102425,0.0149136999999999,46.85,train,test,test,train,train,train,train,test
DFT1398,acetal1500_001398,CC(OC[N+](=O)[O-])OC1CCC1,acetal,0.1320333333333333,0.1257,0.1941,-0.308603667,0.2593376666666667,0.00242694,0.0220795399999999,59.09666666666666,test,train,train,test,train,train,train,train
DFT1399,acetal1500_001399,CC(OCC#N)OC1CCC1,acetal,0.1288,0.1035,0.1394999999999999,-0.315695667,0.255942,0.0035639733333333,0.0212448166666666,56.903333333333336,test,train,train,train,train,train,train,train
DFT1400,acetal1500_001400,CC(OCN1CCOCC1)OC1CCC1,acetal,0.1235666666666666,0.0750666666666666,0.037,-0.262244333,0.2148923333333333,-0.000377893,0.01451235,44.45666666666667,test,train,test,train,train,train,train,train
DFT1401,acetal1500_001401,CC(OCN1CCCCC1)OC1CCC1,acetal,0.121,0.0764,0.03875,-0.263504,0.2104225,-0.000432675,0.009541815,24.21,train,train,train,train,train,test,train,train
DFT1402,acetal1500_001402,C=COC(C)OC1CCC1,acetal,0.1312333333333333,0.1118333333333333,0.0925333333333333,-0.277738333,0.2231923333333333,9.168666666666666e-05,0.0139824299999999,41.91666666666666,train,test,train,train,validation,train,train,validation
DFT1403,acetal1500_001403,C=CCOC(C)OC1CCC1,acetal,0.1250333333333333,0.1173333333333333,0.1038999999999999,-0.267070667,0.2456636666666666,-0.000545607,0.0140008866666666,42.66,train,test,train,validation,train,train,train,test
DFT1404,acetal1500_001404,C#CCOC(C)OC1CCC1,acetal,0.1253,0.1000666666666666,0.1401,-0.281427,0.2497653333333333,-0.00094515,0.0154000933333333,46.49,test,train,test,train,train,train,train,train
DFT1405,acetal1500_001405,CC(OC1CCCC1)OC1CCCC1,acetal,0.1221666666666666,0.0938,0.1298666666666666,-0.293386667,0.2430173333333333,0.00019832,0.0112372433333333,29.07,validation,train,train,validation,train,test,train,train
DFT1406,acetal1500_001406,CC(OC1CCCCC1)OC1CCCC1,acetal,0.1215,0.09645,0.12145,-0.2896865,0.2416579999999999,0.00046565,0.010956575,27.61,validation,validation,validation,train,train,train,train,validation
DFT1407,acetal1500_001407,CC(OC1CCCCCC1)OC1CCCC1,acetal,0.1209333333333333,0.0899333333333333,0.1319,-0.292812,0.2437993333333333,0.0002872866666666,0.0104709966666666,26.366666666666664,test,test,train,validation,test,test,train,validation
DFT1408,acetal1500_001408,CC(OC1CCCC1)OC1CC2CCC1C2,acetal,0.1216999999999999,0.0950666666666666,0.1213333333333333,-0.293292333,0.2417346666666666,0.00031543,0.0107761566666666,27.38,train,train,train,train,train,train,train,train
DFT1409,acetal1500_001409,CC(OCc1ccccc1)OC1CCCC1,acetal,0.1215666666666666,0.1126666666666666,0.0534333333333333,-0.264113667,0.2383283333333333,-0.001243633,0.0128262833333333,38.36666666666667,test,train,test,train,test,train,test,validation
DFT1410,acetal1500_001410,CC(Oc1ccccc1)OC1CCCC1,acetal,0.1303666666666666,0.1225333333333333,0.0873333333333333,-0.279236,0.2189336666666666,-0.000688007,0.0121749166666666,37.29,test,test,test,train,train,validation,validation,test
DFT1411,acetal1500_001411,Cc1ccc(COC(C)OC2CCCC2)cc1,acetal,0.1221,0.1126999999999999,0.0376666666666666,-0.261639667,0.2278026666666666,-0.001564393,0.0118060333333333,35.96,train,train,validation,train,train,train,validation,train
DFT1412,acetal1500_001412,CC(OCOc1ccccc1)OC1CCCC1,acetal,0.1262333333333333,0.1246333333333333,0.0177666666666666,-0.263795667,0.2168763333333333,-0.000699677,0.01512653,44.13666666666666,train,validation,train,train,train,validation,test,train
DFT1413,acetal1500_001413,CC(Oc1ccccn1)OC1CCCC1,acetal,0.1269666666666666,0.1182333333333333,0.0965666666666666,-0.279159,0.2253176666666666,-0.00223182,0.0119143333333333,31.12,validation,train,train,test,train,train,test,train
DFT1414,acetal1500_001414,CC(OCN)OC1CCCC1,acetal,0.1186333333333333,0.0857999999999999,0.1040666666666666,-0.27996,0.2428203333333333,0.0001763066666666,0.0140571133333333,39.42,train,train,train,test,train,validation,validation,train
DFT1415,acetal1500_001415,CC(OC[N+](=O)[O-])OC1CCCC1,acetal,0.1308,0.1242333333333333,0.2072,-0.310926333,0.2572243333333333,0.0035487566666666,0.0207208566666666,62.32,train,train,train,train,train,train,train,test
DFT1416,acetal1500_001416,CC(OCN1CCOCC1)OC1CCCC1,acetal,0.1221333333333333,0.0970333333333333,0.0362,-0.263870333,0.2117256666666666,0.0009097766666666,0.01440363,41.71333333333333,test,train,test,train,test,train,train,train
DFT1417,acetal1500_001417,CC(OCN1CCCCC1)OC1CCCC1,acetal,0.1242,0.1063,0.0331,-0.26622,0.205403,-0.00151415,0.01156281,32.96,train,train,train,test,train,test,validation,train
DFT1418,acetal1500_001418,C=CCOC(C)OC1CCCC1,acetal,0.1203666666666666,0.1068,0.1355333333333333,-0.273684,0.247766,0.0003012466666666,0.0114873366666666,32.7,train,validation,train,train,validation,train,train,validation
DFT1419,acetal1500_001419,C#CCOC(C)OC1CCCC1,acetal,0.1224333333333333,0.0998333333333333,0.1329333333333333,-0.283323667,0.251779,-5.57E-05,0.0137508233333333,41.330000000000005,test,validation,validation,train,train,train,train,validation
DFT1420,acetal1500_001420,CC(OC1CCCCC1)OC1CCCCC1,acetal,0.121,0.0945666666666666,0.1271,-0.284299333,0.2411706666666666,0.00014509,0.0089868133333333,20.12333333333333,test,test,train,test,train,test,train,test
DFT1421,acetal1500_001421,CC(OC1CCCCCC1)OC1CCCCC1,acetal,0.1216333333333333,0.0898333333333333,0.1315333333333333,-0.286612333,0.2412689999999999,0.0003964566666666,0.0101414466666666,24.546666666666667,train,test,train,test,train,train,train,test
DFT1422,acetal1500_001422,CC(OC1CCCCC1)OC1CC2CCC1C2,acetal,0.1226333333333333,0.0775666666666666,0.1310666666666666,-0.280400667,0.2389586666666666,0.0003156066666666,0.0101603366666666,23.49,train,train,train,test,test,train,test,train
DFT1423,acetal1500_001423,CC(OCc1ccccc1)OC1CCCCC1,acetal,0.1209666666666666,0.1135666666666666,0.0515,-0.264369333,0.2348383333333333,-0.000480423,0.0125395766666666,35.25666666666667,test,test,train,train,train,train,train,train
DFT1424,acetal1500_001424,CC(Oc1ccccc1)OC1CCCCC1,acetal,0.1310333333333333,0.1234333333333333,0.0864666666666666,-0.275304667,0.2139889999999999,-0.00058275,0.0119788833333333,35.08,test,test,validation,train,test,train,train,train
DFT1425,acetal1500_001425,Cc1ccc(COC(C)OC2CCCCC2)cc1,acetal,0.1195666666666666,0.1113333333333333,0.0320333333333333,-0.262727333,0.2275086666666666,-0.000921067,0.0111090366666666,31.75,train,train,train,train,test,train,validation,train
DFT1426,acetal1500_001426,CC(OCOc1ccccc1)OC1CCCCC1,acetal,0.1264666666666666,0.1251,0.0156666666666666,-0.264575667,0.2152476666666666,-0.000102647,0.01451147,41.05,test,validation,train,train,test,test,train,train
DFT1427,acetal1500_001427,CC(Oc1ccccn1)OC1CCCCC1,acetal,0.1258666666666666,0.1171666666666666,0.0951333333333333,-0.275681,0.2254626666666666,-0.002094437,0.01087767,29.11,train,validation,train,train,train,train,train,train
DFT1428,acetal1500_001428,CC(OCN)OC1CCCCC1,acetal,0.1185,0.0927333333333333,0.103,-0.278321333,0.239969,-0.000597343,0.0154863033333333,40.13333333333333,train,train,train,train,train,validation,test,train
DFT1429,acetal1500_001429,CC(OC[N+](=O)[O-])OC1CCCCC1,acetal,0.1324999999999999,0.1265666666666667,0.1691666666666667,-0.307155333,0.258386,0.0027332666666666,0.0218243133333333,58.24,train,train,train,train,train,train,test,train
DFT1430,acetal1500_001430,CC(OCC#N)OC1CCCCC1,acetal,0.1281333333333333,0.1019333333333333,0.1313666666666666,-0.306520333,0.256176,0.0044248933333333,0.0210200799999999,56.18666666666667,test,train,train,test,test,train,test,train
DFT1431,acetal1500_001431,CC(OCN1CCOCC1)OC1CCCCC1,acetal,0.1212333333333333,0.0938,0.0309,-0.264931333,0.211749,0.0005983633333333,0.0137998866666666,39.71,train,validation,train,train,train,test,train,validation
DFT1432,acetal1500_001432,C=COC(C)OC1CCCCC1,acetal,0.1302666666666666,0.1101333333333333,0.0968666666666666,-0.270985,0.2247493333333333,0.0005708999999999,0.0133881633333333,37.81333333333333,validation,validation,train,train,train,train,validation,test
DFT1433,acetal1500_001433,C=CCOC(C)OC1CCCCC1,acetal,0.1213,0.1101333333333333,0.1112333333333333,-0.270819333,0.244372,0.0004903666666666,0.0122302466666666,34.916666666666664,train,validation,test,test,train,train,test,test
DFT1434,acetal1500_001434,C#CCOC(C)OC1CCCCC1,acetal,0.1247333333333333,0.0983666666666666,0.1412666666666666,-0.280284333,0.2503933333333333,-0.000758277,0.0151260133333333,43.95666666666667,train,train,train,train,train,train,test,validation
DFT1435,acetal1500_001435,CC#CC(OC1CC1)OC(F)(F)F,acetal,0.1473333333333333,0.0573333333333333,0.1093,-0.297755,0.2626896666666666,-0.001618907,0.0184651766666666,58.53,train,train,train,train,test,validation,test,test
DFT1436,acetal1500_001436,CC#CC(C)(OCCBr)OC1CCC1,ketal,0.1628333333333333,0.1404333333333333,0.0978666666666666,-0.276099333,0.2519123333333333,-0.00158493,0.0141651933333333,49.78666666666667,train,test,train,validation,test,test,train,validation
DFT1437,acetal1500_001437,CCOCCc1ccccc1C(OCOCc1ccccc1)OC(C)(C)C,acetal,0.1218333333333333,0.1008999999999999,0.0632666666666666,-0.245329,0.231939,-0.002452787,0.0138371633333333,45.99666666666667,train,train,validation,train,validation,test,train,test
DFT1438,acetal1500_001438,CCCC(OCCl)OCBr,acetal,0.1339,0.1199,0.125,-0.315394,0.278924,0.00260709,0.0219305166666666,63.333333333333336,train,train,test,train,train,test,train,train
DFT1439,acetal1500_001439,CCCC(OC(C)C)(OC(C)(C)C)C(C)C,ketal,0.1578333333333333,0.1508666666666666,0.1243,-0.288575667,0.2345386666666666,0.0003835566666666,0.0095416333333333,19.363333333333333,validation,train,train,train,train,train,train,test
DFT1440,acetal1500_001440,FC(F)(F)OC(OCCl)C1C2CCC1CC2,acetal,0.1426666666666667,0.1228,0.0233666666666666,-0.301703333,0.2758339999999999,0.00272552,0.0159664333333333,36.83,validation,train,test,train,train,test,test,train
DFT1441,acetal1500_001441,CC(C)C(OC[N+](=O)[O-])(OC1CCCC1)C1CCCCN1C,ketal,0.1617333333333333,0.1575333333333333,0.1062333333333333,-0.265332333,0.1960233333333333,0.0024341766666666,0.0158944933333333,42.12,validation,train,train,train,train,train,train,train
DFT1442,acetal1500_001442,OCCOC(OC1CC2CCC1C2)c1ccccc1,acetal,0.1220666666666666,0.0934999999999999,0.1032333333333333,-0.273267667,0.2368796666666666,-0.00176212,0.0142663466666666,40.87,validation,train,validation,train,test,train,train,test
DFT1443,acetal1500_001443,CCOC(C)(C)OC[N+](=O)[O-],ketal,0.1613333333333333,0.1565333333333333,0.1867666666666666,-0.311098,0.2649423333333333,0.0018950866666666,0.0230754299999999,68.89666666666666,train,train,validation,train,train,train,test,validation
DFT1444,acetal1500_001444,CNC(OCF)OCOC,acetal,0.1564,0.1091666666666666,0.1316333333333333,-0.275694667,0.244096,-3.63E-05,0.02097277,68.00666666666666,train,train,train,train,train,test,train,train
DFT1445,acetal1500_001445,FC(F)COC(OCCBr)C1CCCC1,acetal,0.1233666666666666,0.1150666666666666,0.1684333333333333,-0.291862667,0.255335,0.00202323,0.0204477166666666,52.46333333333333,train,test,train,train,train,train,train,train
DFT1446,acetal1500_001446,CC(C)COC(CC(C)(C)C)OCN1CCOCC1,acetal,0.1246,0.0989666666666666,0.0376333333333333,-0.257788,0.212664,0.0012430333333333,0.01322349,38.37,train,validation,test,train,test,train,train,validation
DFT1447,acetal1500_001447,CCCCC(OCBr)OCOC,acetal,0.1303,0.1158666666666666,0.0378999999999999,-0.285606,0.2584043333333333,-2.81E-06,0.0180670633333333,50.73666666666667,validation,test,test,test,train,test,train,train
DFT1448,acetal1500_001448,CCCC(C)(OCN1CCCCC1)OC(Cl)Cl,ketal,0.1707,0.1510666666666666,0.0298333333333333,-0.291420333,0.2076083333333333,0.0016759766666666,0.01628185,50.13999999999999,train,train,train,train,train,train,test,train
DFT1449,acetal1500_001449,FCOC(OCC(F)F)C1C2CCC1CC2,acetal,0.1299,0.0892333333333333,0.0910666666666666,-0.295162,0.2689156666666666,0.0016123833333333,0.0187492133333333,47.63333333333333,train,train,train,validation,train,train,train,validation
DFT1450,acetal1500_001450,COCCOC(OCCBr)c1ccccc1COC,acetal,0.1264333333333333,0.1002333333333333,0.0754666666666666,-0.258794,0.2375793333333333,-0.001256667,0.0184879166666666,55.48666666666666,test,train,train,train,train,train,train,train
DFT1451,acetal1500_001451,C=COC(OCC(F)F)C1C2CCC1CC2,acetal,0.1338,0.1169666666666666,0.0868999999999999,-0.284964667,0.2222306666666667,0.0002262766666666,0.0183709033333333,44.61666666666667,train,validation,train,test,validation,train,validation,test
DFT1452,acetal1500_001452,C#CCOC(CC(C)C)(OC1CCCCCC1)C(C)C,ketal,0.1572666666666666,0.1412,0.1101666666666666,-0.279495667,0.2414023333333333,3.6643333333333335e-05,0.0107106366666666,28.093333333333334,train,train,validation,validation,validation,test,train,test
DFT1453,acetal1500_001453,COCc1ccccc1C(C)(OCCOCCc1ccccc1)OC(Cl)Cl,ketal,0.1721666666666666,0.1484666666666666,0.0012333333333333,-0.247817,0.2309989999999999,5.9179999999999965e-05,0.0169208566666666,53.04666666666666,train,train,train,test,test,validation,validation,train
DFT1454,acetal1500_001454,CC(C)C(OCc1ccccc1)(OCC(Cl)Cl)c1ccccc1,ketal,0.1592333333333333,0.1451,0.0436333333333333,-0.253820667,0.2373539999999999,-5.10E-05,0.0160685233333333,45.80666666666667,train,train,train,test,test,train,validation,train
DFT1455,acetal1500_001455,CC(C)(C)COC(OC1CCCC1)C1CCCCCC1,acetal,0.1224333333333333,0.1084333333333333,0.1285666666666666,-0.292078667,0.2419909999999999,0.0004504566666666,0.0095611266666666,20.71,train,train,train,train,train,validation,train,train
DFT1456,acetal1500_001456,c1ccc(OCOC(OCN2CCOCC2)C2CCCC2)cc1,acetal,0.1073333333333333,0.0974333333333333,0.0366,-0.227974333,0.2114323333333333,0.0004472666666666,0.0147205599999999,43.24,test,test,validation,train,train,train,train,test
DFT1457,acetal1500_001457,Cc1ccccc1C(OCCCl)(OCN1CCOCC1)C(C)C,ketal,0.1613666666666666,0.1427666666666666,0.0235333333333333,-0.241094667,0.2123903333333333,0.00095442,0.01703833,52.43666666666667,train,validation,train,train,train,train,train,validation
DFT1458,acetal1500_001458,CCCCCC(OC)(OCCCl)C(C)C,ketal,0.1547666666666666,0.1416666666666666,0.1501666666666666,-0.300256,0.2532123333333333,0.0030893466666666,0.0110998633333333,32.620000000000005,train,train,test,train,train,test,test,validation
DFT1459,acetal1500_001459,CCCCCOC(OCC)OCCCCC,orthoester,0.18035,0.15775,0.1457,-0.299461,0.2589265,-0.000335585,0.01029743,27.295,train,train,train,train,test,train,validation,train
DFT1460,acetal1500_001460,CC#CC(OCC#N)(OC1CCC1)C(C)C,ketal,0.1665666666666666,0.1363666666666666,0.0929333333333333,-0.293524333,0.2531766666666666,0.0023386733333333,0.0194448066666666,51.67333333333334,train,train,train,validation,train,train,train,train
DFT1461,acetal1500_001461,C#CCOC(CCCCC)(OCCF)C(C)C,ketal,0.1586666666666666,0.1409666666666666,0.1559,-0.280692333,0.2435916666666666,7.624333333333337e-05,0.0153911733333333,45.70333333333334,train,validation,train,train,validation,train,train,validation
DFT1462,acetal1500_001462,CC(C)CC(OCBr)Oc1ccccn1,acetal,0.1291,0.1209333333333333,0.0776,-0.276018,0.2317953333333333,-0.00107789,0.0152193433333333,43.96333333333333,validation,validation,validation,validation,train,train,train,validation
DFT1463,acetal1500_001463,COCOC(C)(OCC(Cl)Cl)C1CCCCC1,acetal,0.09775,0.0958499999999999,0.2281,-0.281469,0.2526255,-0.0006215,0.02029046,55.18,train,train,train,validation,train,train,train,test
DFT1464,acetal1500_001464,COCCOC(OCC(C)(C)C)C1CCCCN1C,acetal,0.1199,0.10445,0.0487,-0.2580155,0.198672,-0.00063482,0.011823165,33.135,train,validation,train,test,train,validation,train,train
DFT1465,acetal1500_001465,COCc1ccccc1C(OCc1ccc(C)cc1)(OC[N+](=O)[O-])C(C)C,ketal,0.1667666666666666,0.1634666666666666,0.0297333333333333,-0.246867333,0.228201,0.00112792,0.0162784833333333,49.22,test,train,train,train,train,validation,validation,validation
DFT1466,acetal1500_001466,CCCCC(C)(OCC#N)OCc1ccccc1,ketal,0.1570333333333333,0.1504,0.0403,-0.273216,0.2373923333333333,0.00323556,0.02103702,60.25333333333333,test,train,train,train,test,train,train,train
DFT1467,acetal1500_001467,COc1ccccc1C(Oc1ccccc1)OC(C)C,acetal,0.1234666666666666,0.0989,0.0650666666666666,-0.233922333,0.2146169999999999,-0.004592607,0.0145187166666666,48.20333333333334,test,train,test,train,train,train,train,train
DFT1468,acetal1500_001468,CCOCCc1ccccc1C(C)(OCOC)OC1CC2CCC1C2,ketal,0.1592666666666666,0.1393,0.035,-0.260277333,0.2313226666666666,-0.004003407,0.0115904866666666,37.763333333333335,test,test,train,train,validation,train,test,train
DFT1469,acetal1500_001469,C=CC(C)(OCOc1ccccc1)OCc1ccc(C)cc1,ketal,0.1543666666666666,0.1427,0.0118999999999999,-0.237420667,0.2168583333333333,-0.003388067,0.0146871666666666,47.49333333333334,train,validation,train,train,test,train,validation,train
DFT1470,acetal1500_001470,CCOC(OCc1ccccc1)Oc1ccccc1,orthoester,0.1859666666666666,0.1770333333333333,0.0807666666666666,-0.251859667,0.2222633333333333,-0.002240303,0.0157590933333333,52.423333333333325,train,train,test,test,train,train,train,test
DFT1471,acetal1500_001471,CC(C)C(OCN)(OC1CCCCC1)C1CCCCCC1,ketal,0.1551,0.152,0.0917999999999999,-0.2622285,0.2303145,-0.000218395,0.011265545,21.275,train,train,train,train,train,train,train,test
DFT1472,acetal1500_001472,CCCOC(OCC)OCN,orthoester,0.1770666666666666,0.108,0.0780666666666666,-0.286774,0.2534006666666666,-0.00181068,0.0184154633333333,52.083333333333336,train,test,train,train,train,train,train,train
DFT1473,acetal1500_001473,CC(C)C(OCc1ccccc1)(Oc1ccccc1)C1CCCCCC1,ketal,0.1650666666666666,0.1593,0.0656666666666666,-0.249608333,0.2195573333333333,-0.000966713,0.0106679866666666,32.51666666666666,train,train,test,train,train,train,test,train
DFT1474,acetal1500_001474,CCOCCc1ccccc1C(C)(OCN)OC(C)(C)C,ketal,0.1589333333333333,0.1402333333333333,0.0377666666666666,-0.250568333,0.2268523333333333,-0.001908933,0.0128378166666666,38.26,train,test,train,train,validation,train,test,train
DFT1475,acetal1500_001475,ClC(Cl)OC(OC1CC2CCC1C2)C1C2CCC1CC2,acetal,0.1403,0.1231666666666666,0.1055,-0.288354,0.2602916666666666,0.0030840066666666,0.0156542233333333,41.59666666666666,train,train,test,validation,train,train,train,train
DFT1476,acetal1500_001476,C=COC(CCC)(OC1CCCC1)C(C)C,ketal,0.1612666666666666,0.1503,0.0699666666666666,-0.271751667,0.2173713333333333,0.0008825966666666,0.00979044,22.55666666666667,train,train,train,train,train,train,train,train
DFT1477,acetal1500_001477,C=COC(COCC)OC(Cl)Cl,acetal,0.1418,0.1222666666666666,0.1053,-0.269806667,0.236333,0.0012592666666666,0.0221594566666666,59.82666666666666,validation,validation,test,validation,train,train,validation,train
DFT1478,acetal1500_001478,COCc1ccccc1C(OCCl)OC(F)(F)F,acetal,0.1385666666666666,0.1047,0.0411333333333333,-0.277827667,0.2426973333333333,0.0002118533333333,0.0204063366666666,59.21666666666667,train,train,test,train,train,validation,train,train
DFT1479,acetal1500_001479,CCCC(C)(OCC#N)OCOc1ccccc1,ketal,0.1601666666666666,0.1591333333333333,0.0092333333333333,-0.284935667,0.2166343333333333,0.0012570433333333,0.0194569933333333,52.31333333333333,train,train,test,train,train,train,train,test
DFT1480,acetal1500_001480,CC=CC(OCOC)OC1CC2CCC1C2,acetal,0.1219,0.0723666666666666,0.1204666666666666,-0.272322333,0.239471,-0.001198217,0.0119981366666666,34.806666666666665,train,validation,train,train,validation,test,train,train
DFT1481,acetal1500_001481,C=COC(C)(OCCOC)C1CCCCC1,ketal,0.1618333333333333,0.1498,0.0626333333333333,-0.259806333,0.2196356666666666,-0.000492127,0.01141487,33.660000000000004,train,validation,validation,train,train,validation,train,test
DFT1482,acetal1500_001482,COCC(C)(OCN)OCC(Cl)Cl,ketal,0.1483666666666666,0.1415999999999999,0.075,-0.273308667,0.2481566666666667,-4.02E-05,0.0240058133333333,68.00666666666667,validation,train,train,train,train,train,train,train
DFT1483,acetal1500_001483,CNC(OC(F)F)(OC1CCC1)C(C)C,ketal,0.1971666666666666,0.1816666666666666,0.0818333333333333,-0.292202667,0.2437376666666666,0.00074256,0.0139135066666666,43.09666666666666,train,train,train,validation,train,validation,train,train
DFT1484,acetal1500_001484,CCOC(OCN)C1CCCC1,acetal,0.1187333333333333,0.1019666666666666,0.1099333333333333,-0.283372333,0.2451576666666667,-0.000295337,0.0151615933333333,41.28666666666667,train,train,train,train,train,validation,validation,train
DFT1485,acetal1500_001485,CC=CC(OCOCc1ccccc1)OC1CCCCCC1,acetal,0.1185,0.1173,0.0223666666666666,-0.249775,0.2368686666666666,-0.001273893,0.0104897466666666,32.35666666666666,train,train,train,validation,validation,train,test,train
DFT1486,acetal1500_001486,CC=CC(C)(OCBr)OCCOCCc1ccccc1,ketal,0.1603,0.1602,0.0037666666666666,-0.251365,0.2304106666666666,-0.000582837,0.0179082133333333,58.11666666666667,train,train,train,train,validation,train,train,train
DFT1487,acetal1500_001487,CCCCCOC(CCCC)OCC(C)(C)C,acetal,0.1214,0.1106666666666666,0.1479666666666666,-0.298696333,0.2475686666666666,0.0003318333333333,0.0094660666666666,21.50333333333333,train,train,validation,train,train,train,train,train
DFT1488,acetal1500_001488,CCCCC(C)(OCC#N)OC1CCCCCC1,ketal,0.1576,0.1381,0.1208666666666666,-0.302321,0.251316,0.0033468933333333,0.0166877833333333,39.72666666666667,train,train,train,test,train,validation,validation,train
DFT1489,acetal1500_001489,CCOC(CC)OCOc1ccccc1,acetal,0.1263333333333333,0.1246999999999999,0.0199666666666666,-0.271592667,0.2174206666666666,-0.000499293,0.0173312033333333,50.57333333333333,validation,validation,train,train,test,train,train,train
DFT1490,acetal1500_001490,CCCCOC(OC(F)F)(C(C)C)C1C2CCC1CC2,ketal,0.1684333333333333,0.1617333333333333,0.1034,-0.293585667,0.2604033333333333,0.00218486,0.0108813466666666,29.506666666666664,train,validation,train,train,train,validation,train,test
DFT1491,acetal1500_001491,CNC(C)(OCC(C)C)OC1CCCCC1,ketal,0.1837333333333333,0.1753333333333333,0.1078,-0.275754333,0.2304726666666666,-0.001020387,0.01018977,22.326666666666664,train,validation,train,validation,train,test,train,train
DFT1492,acetal1500_001492,CCC(OCCOCCc1ccccc1)(OCN1CCCCC1)C(C)C,ketal,0.1550333333333333,0.1549333333333333,0.0230333333333333,-0.235826,0.2087883333333333,-0.00069504,0.01054908,28.866666666666664,validation,test,train,train,train,train,train,train
DFT1493,acetal1500_001493,CCOC(C)(OCF)C1C2CCC1CC2,ketal,0.1587,0.1467,0.0938666666666666,-0.289495333,0.2580786666666667,0.0006158233333333,0.0134596366666666,38.21,train,train,train,train,validation,train,test,train
DFT1494,acetal1500_001494,CCCOC(OCCOC)(C(C)C)C1CCCCN1C,ketal,0.1528666666666666,0.1457666666666666,0.0628,-0.257166333,0.1902433333333333,-0.00117896,0.00946782,23.276666666666667,train,train,train,validation,train,train,train,train
DFT1495,acetal1500_001495,CCCCC(C)(OCCBr)OC(F)F,ketal,0.1667,0.1557666666666666,0.1246999999999999,-0.300151667,0.2694956666666666,0.0035352666666666,0.0206107933333333,58.78,validation,train,train,train,validation,train,train,train
DFT1496,acetal1500_001496,Cc1ccc(COC(CC(C)(C)C)(OCN2CCCCC2)C(C)C)cc1,ketal,0.1571,0.15355,0.02875,-0.2367565,0.212831,-0.000648485,0.0094766249999999,22.935,train,test,train,train,train,train,train,train
DFT1497,acetal1500_001497,CCOC(CC(C)(C)C)(OC(C)C)C(C)C,ketal,0.1580666666666666,0.1507666666666667,0.1347,-0.292616667,0.2345496666666666,0.0007414833333333,0.0088717633333333,17.363333333333333,train,train,train,train,train,validation,train,train
DFT1498,acetal1500_001498,CNC(C)(OC)OCCBr,ketal,0.1823666666666666,0.1747333333333333,0.1347,-0.274512667,0.2331633333333333,0.0007912533333333,0.01803664,56.22666666666667,train,train,train,train,train,train,train,train
DFT1499,acetal1500_001499,CCCC(OCCO)OC(Cl)Cl,acetal,0.1390333333333333,0.1225,0.1169999999999999,-0.302571,0.265743,0.00327215,0.0250487966666666,62.92333333333334,train,train,train,train,train,train,train,validation
DFT1500,acetal1500_001500,CCOC(OCOC)(OC(F)(F)F)C(C)C,orthoester,0.2312333333333333,0.2203333333333333,0.0327,-0.298332,0.2646313333333333,-0.00076474,0.0146741833333333,46.63,train,train,train,test,train,test,train,train
